Workbook

Sheet Overview
A7: Queen's School of Business
A8: Bachelor of Commerce Program Degree - Self Audit Worksheet
C12: YOU NEED 123 UNITS TO GRADUATE． | E12: INSTRUCTIONS
C13: One half-year course = 3.0 units = 0.5 credit | E13: 1. Browse the tabs at the bottom of the spreadsheet (coloured Gold).
E14: 2. Fill in a 'Y' for the courses that you have taken.
C15: You need a minimum: | E15: 3. Rename the "Elective" cells with the name of your elective (i.e. MATH121, COMM323).
C16: 84.0 Commerce units | E16: 4. Look at the "Your Graduation Progress Tab" to determine remaining units needed.
C17: 27.0 Arts & Science units
C18: The maximum allocation of units is:
C19: 96.0 Commerce units
C20: 39.0 Arts & Science Course units
B27: VERSION 1.1 | C27: Aug 3, 2012

Sheet Year 1
B2: Queen's School of Business
B3: Bachelor of Commerce Program Degree - Self Audit Worksheet
B5: YEAR 1
B6: ― 33 Units Needed ―
C8: Course Code | D8: Course Taken? (Y/N) | E8: Units Received | I8: Your Graduation Progress Tab
B9: Commerce Required Courses | C9: COMM 103 | D9: N | E9: =IF(D9="Y",3,0) -> 0 | I9: Total Commerce Units Received: | J9: =D29+'Year 2'!D30+'Year 3'!E21+'Year 4'!E21+J25 -> 0
C10: COMM 111 | D10: N | E10: =IF(D10="Y",3,0) -> 0 | I10: Minimum Comm Units Required: | J10: 84
C11: COMM 112 | D11: N | E11: =IF(D11="Y",3,0) -> 0 | I11: Commerce Units Remaining: | J11: =J10-J9 -> 84
C12: COMM 131 | D12: N | E12: =IF(D12="Y",3,0) -> 0
C13: COMM 151 | D13: N | E13: =IF(D13="Y",3,0) -> 0 | I13: Total Arts & Science Units Received: | J13: =D30+'Year 2'!D31+'Year 3'!E29+'Year 4'!E29+J26 -> 0
C14: COMM 161 | D14: N | E14: =IF(D14="Y",3,0) -> 0 | I14: Minimum A&S Units Required: | J14: 27
C15: COMM 162 | D15: N | E15: =IF(D15="Y",3,0) -> 0 | I15: Arts & Science Units Remaining: | J15: =J14-J13 -> 27
C16: ECON 110 A | D16: N | E16: =IF(D16="Y",3,0) -> 0
C17: ECON 110 B | D17: N | E17: =IF(D17="Y",3,0) -> 0 | I17: Total Units Received: | J17: =J9+J13 -> 0
B18: Art-Sci Electives | C18: Elective (full year) | D18: N | E18: =IF(D18="Y",6,0) -> 0 | I18: Total Units to Graduate: | J18: 123
C19: Elective (half year) | D19: N | E19: =IF(D19="Y",3,0) -> 0 | I19: Comm OR Art-Sci Units Remaining: | J19: =J18-J17 -> 123
C20: Elective (half year) | D20: N | E20: =IF(D20="Y",3,0) -> 0
C21: Total Units Received | E21: =SUM(E9:E20) -> 0 | I21: IMPORTANT NOTE:
C22: Yearly Units Remaining | E22: =33-E21 -> 33 | I22: Do you have any Admission Transfer Units (IB, AP, other)? If yes, please indicate below:
I25: Number of Comm Transfer Units: | J25: 0
I26: Number of Art-Sci Transfer Units: | J26: 0
B29: Total Commerce Units | D29: =SUM(E9:E17) -> 0
B30: Total A&S Units | D30: =SUM(E18:E20) -> 0

Sheet Year 2
B2: Queen's School of Business
B3: Bachelor of Commerce Program Degree - Self Audit Worksheet
B5: YEAR 2
B6: ― 33 Units Needed ―
C8: Course Code | D8: Course Taken? (Y/N) | E8: Units Received | I8: Your Graduation Progress Tab
B9: Commerce Required Courses | C9: COMM 104 | D9: N | E9: =IF(D9="Y",3,0) -> 0 | I9: Total Commerce Units Received: | J9: =D30+'Year 1'!D29+'Year 3'!E21+'Year 4'!E21+'Year 1'!J25 -> 0
C10: COMM 121 | D10: N | E10: =IF(D10="Y",3,0) -> 0 | I10: Minimum Comm Units Required: | J10: 84
C11: COMM 122 | D11: N | E11: =IF(D11="Y",3,0) -> 0 | I11: Commerce Units Remaining: | J11: =J10-J9 -> 84
C12: COMM 132 | D12: N | E12: =IF(D12="Y",3,0) -> 0
C13: COMM 163 | D13: N | E13: =IF(D13="Y",3,0) -> 0 | I13: Total Arts & Science Units Received: | J13: =D31+'Year 1'!D30+'Year 3'!E29+'Year 4'!E29+'Year 1'!J26 -> 0
C14: COMM 172 OR | D14: N | E14: =IF(D14="Y",3,0) -> 0 | I14: Minimum A&S Units Required: | J14: 27
C15: ECON 212 OR 222 | D15: N | E15: =IF(D15="Y",3,0) -> 0
C16: COMM 181 | D16: N | E16: =IF(D16="Y",3,0) -> 0 | I16: Arts & Science Units Remaining: | J16: =J14-J13 -> 27
C17: COMM 190 | D17: N | E17: =IF(D17="Y",3,0) -> 0
B18: Art-Sci Electives | C18: Elective (full year) | D18: N | E18: =IF(D18="Y",6,0) -> 0 | I18: Total Units Received: | J18: =J9+J13 -> 0
C19: Elective (half year) | D19: N | E19: =IF(D19="Y",3,0) -> 0 | I19: Total Units to Graduate: | J19: 123
C20: Elective (half year) | D20: N | E20: =IF(D20="Y",3,0) -> 0 | I20: Comm OR Art-Sci Units Remaining: | J20: =J19-J18 -> 123
C21: Elective (half year) | D21: N | E21: =IF(D21="Y",3,0) -> 0
C22: Total Units Received | E22: =SUM(E9:E21) -> 0
C23: Yearly Units Remaining | E23: =33-E22 -> 33
B30: Total Commerce Units | D30: =SUM(E9:E17) -> 0
B31: Total A&S Units | D31: =SUM(E18:E21) -> 0

Sheet Year 3
B2: Queen's School of Business
B3: Bachelor of Commerce Program Degree - Self Audit Worksheet
B5: YEAR 3
B6: ― 30 Units Needed ―
C8: Course Code | D8: Course Taken? (Y/N) | E8: Units Received | I8: Your Graduation Progress Tab
B9: Comm Req. | C9: COMM 341 | D9: N | E9: =IF(D9="Y",3,0) -> 0 | I9: Total Commerce Units Received: | J9: =E21+'Year 2'!D30+'Year 1'!D29+'Year 4'!E21+'Year 1'!J25 -> 0
B10: Commerce Electives | C10: Elective | D10: N | E10: =IF(D10="Y",3,0) -> 0 | I10: Minimum Comm Units Required: | J10: 84
C11: Elective | D11: N | E11: =IF(D11="Y",3,0) -> 0 | I11: Commerce Units Remaining: | J11: =J10-J9 -> 84
C12: Elective | D12: N | E12: =IF(D12="Y",3,0) -> 0
C13: Elective | D13: N | E13: =IF(D13="Y",3,0) -> 0 | I13: Total Arts & Science Units Received: | J13: =E29+'Year 2'!D31+'Year 1'!D30+'Year 4'!E29+'Year 1'!J26 -> 0
C14: Elective | D14: N | E14: =IF(D14="Y",3,0) -> 0 | I14: Minimum A&S Units Required: | J14: 27
C15: Elective | D15: N | E15: =IF(D15="Y",3,0) -> 0 | I15: Arts & Science Units Remaining: | J15: =J14-J13 -> 27
C16: Elective | D16: N | E16: =IF(D16="Y",3,0) -> 0
C17: Elective | D17: N | E17: =IF(D17="Y",3,0) -> 0 | I17: Total Units Received: | J17: =J9+J13 -> 0
C18: Elective | D18: N | E18: =IF(D18="Y",3,0) -> 0 | I18: Total Units to Graduate: | J18: 123
C19: Elective | D19: N | E19: =IF(D19="Y",3,0) -> 0 | I19: Comm OR Art-Sci Units Remaining: | J19: =J18-J17 -> 123
C20: [Int'l Bus. Course] | D20: N | E20: =IF(D20="Y",3,0) -> 0
C21: Total Commerce Units | E21: =SUM(E9:E20) -> 0
B23: Art-Sci Electives | C23: Elective (full year) | D23: N | E23: =IF(D23="Y",6,0) -> 0
C24: Elective (full year) | D24: N | E24: =IF(D24="Y",6,0) -> 0
C25: Elective (half year) | D25: N | E25: =IF(D25="Y",3,0) -> 0
C26: Elective (half year) | D26: N | E26: =IF(D26="Y",3,0) -> 0
C27: Elective (half year) | D27: N | E27: =IF(D27="Y",3,0) -> 0
C28: Elective (half year) | D28: N | E28: =IF(D28="Y",3,0) -> 0
C29: Total Arts & Science Units | E29: =SUM(E23:E28) -> 0
C31: Total Units Received | E31: =E21+(SUM(E23:E28)) -> 0
C32: Yearly Units Remaining | E32: =30-E31 -> 30

Sheet Year 4
B2: Queen's School of Business
B3: Bachelor of Commerce Program Degree - Self Audit Worksheet
B5: YEAR 4
B6: ― 27 Units Needed―
C8: Course Code | D8: Course Taken? (Y/N) | E8: Units Received | I8: Your Graduation Progress Tab
B9: Comm Req. | C9: COMM 401 | D9: N | E9: =IF(D9="Y",3,0) -> 0 | I9: Total Commerce Units Received: | J9: =E21+'Year 3'!E21+'Year 2'!D30+'Year 1'!D29+'Year 1'!J25 -> 0
B10: Commerce Electives | C10: Elective | D10: N | E10: =IF(D10="Y",3,0) -> 0 | I10: Minimum Comm Units Required: | J10: 84
C11: Elective | D11: N | E11: =IF(D11="Y",3,0) -> 0 | I11: Commerce Units Remaining: | J11: =J10-J9 -> 84
C12: Elective | D12: N | E12: =IF(D12="Y",3,0) -> 0
C13: Elective | D13: N | E13: =IF(D13="Y",3,0) -> 0 | I13: Total Arts & Science Units Received: | J13: =E29+'Year 3'!E29+'Year 2'!D31+'Year 1'!D30+'Year 1'!J26 -> 0
C14: Elective | D14: N | E14: =IF(D14="Y",3,0) -> 0 | I14: Minimum A&S Units Required: | J14: 27
C15: Elective | D15: N | E15: =IF(D15="Y",3,0) -> 0 | I15: Arts & Science Units Remaining: | J15: =J14-J13 -> 27
C16: Elective | D16: N | E16: =IF(D16="Y",3,0) -> 0
C17: Elective | D17: N | E17: =IF(D17="Y",3,0) -> 0 | I17: Total Units Received: | J17: =J9+J13 -> 0
C18: Elective | D18: N | E18: =IF(D18="Y",3,0) -> 0 | I18: Total Units to Graduate: | J18: 123
C19: Elective | D19: N | E19: =IF(D19="Y",3,0) -> 0 | I19: Comm OR Art-Sci Units Remaining: | J19: =J18-J17 -> 123
C20: [Int'l Bus. Course] | D20: N | E20: =IF(D20="Y",3,0) -> 0
C21: Total Commerce Units | E21: =SUM(E9:E20) -> 0
I22: How many courses do I take in 4th year?
B23: Art-Sci Electives | C23: Elective (full year) | D23: N | E23: =IF(D23="Y",6,0) -> 0 | I23: As many as necessary for you to meet the
C24: Elective (full year) | D24: N | E24: =IF(D24="Y",6,0) -> 0 | I24: graduation requirements of:
C25: Elective (half year) | D25: N | E25: =IF(D25="Y",3,0) -> 0 | I25: -123 units total
C26: Elective (half year) | D26: N | E26: =IF(D26="Y",3,0) -> 0 | I26: - 84 Commerce units minimum
C27: Elective (half year) | D27: N | E27: =IF(D27="Y",3,0) -> 0 | I27: - 27 Art-Sci units minimum
C28: Elective (half year) | D28: N | E28: =IF(D28="Y",3,0) -> 0
C29: Total Arts & Science Units | E29: =SUM(E23:E28) -> 0
C31: Total Units Received | E31: =E29+E21 -> 0
C32: Yearly Units Remaining | E32: =27-E31 -> 27

Sheet Additional Req. & Options
B2: Queen's School of Business
B3: Bachelor of Commerce Program Degree - Self Audit Worksheet
B6: International Business Requirement
B7: - Must take a 3 unit International Business Course in 3rd or 4th year
B8: - This 3 unit Int'l Business Course must be included as part of 123 units to graduate
B9: - Eligible courses include COMM 328, 353, 372, 373, 374, 375, 376, 386, 398
B10: - Some courses on exchange may also qualify - check with Exchange Advisor
B13: Communications Requirement
B14: - To graduate, students must complete the Communications Courses - COMM 103, 104, 341, 401
B15: Students are strongly encouraged to complete professional development workshops. Students who attend 8 or more by the end of 4th year are eligible to receive an optional certificate of Professional Development.
B16: - You can verify your number of completed workshops via the Communications Workshops link on the Commerce Portal
