Workbook

Sheet growth%
A1: Year | B1: January | C1: February | D1: March | E1: April | F1: May | G1: June | H1: July | I1: August | J1: September | K1: October | L1: November | M1: December
A2: 1994 | G2: 5.6213018 | H2: 8.4033613 | I2: 10.852713 | J2: 8.1585082 | K2: 7.3275862 | L2: 7.8313253 | M2: 4.283054
A3: 1995 | B3: 7.6785714 | C3: 6.3018242 | D3: 9.3603744 | E3: 11.126961 | F3: 12.708601 | G3: 14.123007 | H3: 11.576846 | I3: 13.148479 | J3: 15.335968 | K3: 17.272104 | L3: 19.812975 | M3: 20.195122
A4: 1996 | B4: 10.430195 | C4: 13.120176 | D4: 17.836257 | E4: 10.890543 | F4: 12.406763 | G4: 9.6660031 | H4: 9.43929 | I4: 15.204571 | J4: 8.4146537 | K4: 9.9011362 | L4: 8.4317938 | M4: 6.7360079
A5: 1997 | B5: 5.2088167 | C5: 6.0756423 | D5: 5.6133056 | E5: 13.838583 | F5: 4.3403078 | G5: 2.5853497 | H5: 1.4216478 | I5: 7.4784963 | J5: 6.7061875 | K5: 6.4583333 | L5: 3.8095238 | M5: 2.6957396
A6: 1998 | B6: 2.9737502 | C6: 2.2936598 | D6: 6.0354342 | E6: 5.1057303 | F6: 4.0237673 | G6: 3.5073655 | H6: 5.03921 | I6: 4.0416609 | J6: 7.8490432 | K6: 4.6287169 | L6: 2.8066732 | M6: 3.0584192
A7: 1999 | B7: 3.4492979 | C7: 4.7883389 | D7: 4.5661164 | E7: 4.0954404 | F7: 3.7521979 | G7: 4.10677 | H7: 4.6395349 | I7: 5.5450606 | J7: 6.1881449 | K7: 6.2960117 | L7: 6.6156752 | M7: 3.4930009
A8: 2000 | B8: 6.2958345 | C8: 5.0341976 | D8: 7.4524873 | E8: 6.4035938 | F8: 5.0546358 | G8: 5.4670386 | H8: 5.6020442 | I8: 4.0172065 | J8: 2.2799619 | K8: 3.7959195 | L8: 3.9197847 | M8: 2.4081678
A9: 2001 | B9: 2.1107258 | C9: 2.2993927 | D9: 2.8424875 | E9: 2.2550745 | F9: 1.923646 | G9: 2.2250183 | H9: 3.2727732 | I9: 1.8885991 | J9: 0.67085241 | K9: 1.2394109 | L9: 1.0025407 | M9: 0.89838097
A10: 2002 | B10: 0.74214539 | C10: 0.87713431 | D10: 1.3914015 | E10: 2.0318368 | F10: 1.1984875 | G10: 1.0187279 | H10: 0.35645196 | I10: 1.1637246 | J10: 2.2124596 | K10: 1.8952928 | L10: 1.4094289 | M10: 0.9246112
A11: 2003 | B11: 0.69103639 | C11: 1.000263 | D11: 1.6763641 | E11: 1.7695786 | F11: 0.64566359 | G11: 1.5237113 | H11: 1.6386125 | I11: 2.2816078 | J11: 1.4873879 | K11: 1.6800654 | L11: 1.2799449 | M11: 0.92303333
A12: 2004 | B12: 1.1399051 | C12: 1.5649724 | D12: 1.9966245 | E12: 1.6359726 | F12: 1.8765943 | G12: 1.540522 | H12: 2.4359783 | I12: 1.8511837 | J12: 1.6300431 | K12: 1.5137584 | L12: 1.7054805 | M12: 1.3119372
A13: 2005 | B13: 1.1679813 | C13: 1.7348689 | D13: 1.6444412 | E13: 1.6661633 | F13: 1.7960449 | G13: 1.8662379 | H13: 1.0512004 | I13: 1.6104006 | J13: 1.8258562 | K13: 1.6351788 | L13: 1.5853407 | M13: 1.3024302
A14: 2006 | B14: 1.5562553 | C14: 1.481749 | D14: 2.3480146 | E14: 1.8253828 | F14: 2.2423772 | G14: 2.3359114 | H14: 1.5022296 | I14: 2.1498371 | J14: 1.5567766 | K14: 1.8163081 | L14: 1.9547065 | M14: 1.3227493
A15: 2007 | B15: 1.3119874 | C15: 1.5235483 | D15: 1.4913821 | E15: 1.2909163 | F15: 1.9408339 | G15: 1.7412609 | H15: 1.8419831 | I15: 1.6808479 | J15: 1.238533 | K15: 1.6807758 | L15: 1.8831479 | M15: 0.91742235
A16: 2008 | B16: 1.184195 | C16: 1.2729252 | D16: 0.90268693 | E16: 1.3023448 | F16: 1.1682591 | G16: 1.055007 | H16: =RawData!FP17 -> 0.98333358 | I16: =RawData!FQ17 -> 0.80474188 | J16: =RawData!FR17 -> 0.56901664 | K16: =RawData!FS17 -> 1.130723 | L16: =RawData!FT17 -> -0.062323011 | M16: =RawData!FU17 -> 0.22990554
A17: 2009 | B17: =RawData!FV17 -> 0.29618458 | C17: =RawData!FW17 -> 0.47512593 | D17: =RawData!FX17 -> 0.5593745 | E17: =RawData!FY17 -> 0.66462949 | F17: =RawData!FZ17 -> 0.78138395 | G17: =RawData!GA17 -> 1.0570087 | H17: =RawData!GB17 -> 1.0161474 | I17: =RawData!GC17 -> 1.1072833 | ... M17: =RawData!GG17 -> 0.51287449
A18: 2010 | B18: =RawData!GH17 -> 0.7673498 | C18: =RawData!GI17 -> 0.95142831 | D18: =RawData!GJ17 -> 1.2705987 | E18: =RawData!GK17 -> 0.80484073 | F18: =RawData!GL17 -> 0.62774006 | G18: =RawData!GM17 -> 0.79669098 | H18: =RawData!GN17 -> 0.85899421 | I18: =RawData!GO17 -> 0.99116039 | ... M18: =RawData!GS17 -> 0.75154005
A19: 2011 | B19: =RawData!GT17 -> 0.64399052 | C19: =RawData!GU17 -> 0.73787846 | D19: =RawData!GV17 -> 0.82464389 | E19: =RawData!GW17 -> 0.6244474 | F19: =RawData!GX17 -> 1.0755056 | G19: =RawData!GY17 -> 0.98802477 | H19: =RawData!GZ17 -> 0.91812402 | I19: =RawData!HA17 -> 0.92781071 | ... M19: =RawData!HE17 -> 0.48107595
A20: 2012 | B20: =RawData!HF17 -> 0.63536054 | C20: =RawData!HG17 -> 0.8551563 | D20: =RawData!HH17 -> 0 | E20: =RawData!HI17 -> 0 | F20: =RawData!HJ17 -> 0 | G20: =RawData!HK17 -> 0 | H20: =RawData!HL17 -> 0 | I20: =RawData!HM17 -> 0 | ... M20: =RawData!HQ17 -> 0

Sheet growthn
A1: Year | B1: January | C1: February | D1: March | E1: April | F1: May | G1: June | H1: July | I1: August | J1: September | K1: October | L1: November | M1: December
A2: 1994 | G2: 19 | H2: 30 | I2: 42 | J2: 35 | K2: 34 | L2: 39 | M2: 23
A3: 1995 | B3: 43 | C3: 38 | D3: 60 | E3: 78 | F3: 99 | G3: 124 | H3: 116 | I3: 147 | J3: 194 | K3: 252 | L3: 339 | M3: 414
A4: 1996 | B4: 257 | C4: 357 | D4: 549 | E4: 395 | F4: 499 | G4: 437 | H4: 468 | I4: 825 | J4: 526 | K4: 671 | L4: 628 | M4: 544
A5: 1997 | B5: 449 | C5: 551 | D5: 540 | E5: 1406 | F5: 502 | G5: 312 | H5: 176 | I5: 939 | J5: 905 | K5: 930 | L5: 584 | M5: 429
A6: 1998 | B6: 486 | C6: 386 | D6: 1039 | E6: 932 | F6: 772 | G6: 700 | H6: 1041 | I6: 877 | J6: 1772 | K6: 1127 | L6: 715 | M6: 801
A7: 1999 | B7: 931 | C7: 1337 | D7: 1336 | E7: 1253 | F7: 1195 | G7: 1357 | H7: 1596 | I7: 1996 | J7: 2351 | K7: 2540 | L7: 2837 | M7: 1597
A8: 2000 | B8: 2979 | C8: 2532 | D8: 3937 | E8: 3635 | F8: 3053 | G8: 3469 | H8: 3749 | I8: 2839 | J8: 1676 | K8: 2854 | L8: 3059 | M8: 1953
A9: 2001 | B9: 1753 | C9: 1950 | D9: 2466 | E9: 2012 | F9: 1755 | G9: 2069 | H9: 3111 | I9: 1854 | J9: 671 | K9: 1248 | L9: 1022 | M9: 925
A10: 2002 | B10: 771 | C10: 918 | D10: 1469 | E10: 2175 | F10: 1309 | G10: 1126 | H10: 398 | I10: 1304 | J10: 2508 | K10: 2196 | L10: 1664 | M10: 1107
A11: 2003 | B11: 835 | C11: 1217 | D11: 2060 | E11: 2211 | F11: 821 | G11: 1950 | H11: 2129 | I11: 3013 | J11: 2009 | K11: 2303 | L11: 1784 | M11: 1303
A12: 2004 | B12: 1624 | C12: 2255 | D12: 2922 | E12: 2442 | F12: 2847 | G12: 2381 | H12: 3823 | I12: 2976 | J12: 2669 | K12: 2519 | L12: 2881 | M12: 2254
A13: 2005 | B13: 2033 | C13: 3055 | D13: 2946 | E13: 3034 | F13: 3325 | G13: 3517 | H13: 2018 | I13: 3124 | J13: 3599 | K13: 3282 | L13: 3234 | M13: 2699
A14: 2006 | B14: 3267 | C14: 3159 | D14: 5080 | E14: 4042 | F14: 5056 | G14: 5385 | H14: 3544 | I14: 5148 | J14: 3808 | K14: 4512 | L14: 4944 | M14: 3411
A15: 2007 | B15: 3428 | C15: 4033 | D15: 4008 | E15: 3521 | F15: 5362 | G15: 4904 | H15: 5278 | I15: 4905 | J15: 3675 | K15: 5049 | L15: 5752 | M15: 2855
A16: 2008 | B16: 3719 | C16: 4045 | D16: 2905 | E16: 4229 | F16: 3843 | G16: 3511 | H16: =RawData!FP18 -> 3307 | I16: =RawData!FQ18 -> 2733 | J16: =RawData!FR18 -> 1948 | K16: =RawData!FS18 -> 3893 | L16: =RawData!FT18 -> -217 | M16: =RawData!FU18 -> 800
A17: 2009 | B17: =RawData!FV18 -> 1033 | C17: =RawData!FW18 -> 1662 | D17: =RawData!FX18 -> 1966 | E17: =RawData!FY18 -> 2349 | F17: =RawData!FZ18 -> 2780 | G17: =RawData!GA18 -> 3790 | H17: =RawData!GB18 -> 3682 | I17: =RawData!GC18 -> 4053 | ... M17: =RawData!GG18 -> 1949
A18: 2010 | B18: =RawData!GH18 -> 2931 | C18: =RawData!GI18 -> 3662 | D18: =RawData!GJ18 -> 4937 | E18: =RawData!GK18 -> 3167 | F18: =RawData!GL18 -> 2490 | G18: =RawData!GM18 -> 3180 | H18: =RawData!GN18 -> 3456 | I18: =RawData!GO18 -> 4022 | ... M18: =RawData!GS18 -> 3161
A19: 2011 | B19: =RawData!GT18 -> 2729 | C19: =RawData!GU18 -> 3147 | D19: =RawData!GV18 -> 3543 | E19: =RawData!GW18 -> 2705 | F19: =RawData!GX18 -> 4688 | G19: =RawData!GY18 -> 4353 | H19: =RawData!GZ18 -> 4085 | I19: =RawData!HA18 -> 4166 | ... M19: =RawData!HE18 -> 2232
A20: 2012 | B20: =RawData!HF18 -> 2962 | C20: =RawData!HG18 -> 4012 | D20: =RawData!HH18 -> 0 | E20: =RawData!HI18 -> 0 | F20: =RawData!HJ18 -> 0 | G20: =RawData!HK18 -> 0 | H20: =RawData!HL18 -> 0 | I20: =RawData!HM18 -> 0 | ... M20: =RawData!HQ18 -> 0

Sheet RawData
A1: TLD | B1: 32993 | C1: 33024 | D1: 33054 | E1: 33085 | F1: 33116 | G1: 33146 | H1: 33177 | I1: 33207 | J1: 33238 | K1: 33269 | L1: 33297 | M1: 33328 | N1: 33358 | O1: 33389 | P1: 33419 | Q1: 33450 | R1: 33481 | S1: 33511 | T1: 33542 | U1: 33572 | V1: 33603 | W1: 33634 | X1: 33663 | Y1: 33694 | Z1: 33724 | AA1: 33755 | AB1: 33785 | AC1: 33816 | AD1: 33847 | AE1: 33877 | AF1: 33908 | AG1: 33938 | AH1: 33969 | AI1: 34000 | AJ1: 34028 | AK1: 34059 | AL1: 34089 | AM1: 34120 | AN1: 34150 | AO1: 34181 | AP1: 34212 | AQ1: 34242 | AR1: 34273 | AS1: 34303 | AT1: 34334 | AU1: 34365 | AV1: 34393 | AW1: 34424 | AX1: 34454 | AY1: 34485 | AZ1: 34515 | BA1: 34546 | BB1: 34577 | BC1: 34607 | BD1: 34638 | BE1: 34668 | BF1: 34699 | BG1: 34730 | BH1: 34758 | BI1: 34789 | BJ1: 34819 | BK1: 34850 | BL1: 34880 | BM1: 34911 | BN1: 34942 | BO1: 34972 | BP1: 35003 | BQ1: 35033 | BR1: 35064 | BS1: 35095 | BT1: 35124 | BU1: 35155 | BV1: 35185 | BW1: 35216 | BX1: 35246 | BY1: 35277 | BZ1: 35308 | CA1: 35338 | CB1: 35369 | CC1: 35399 | CD1: 35430 | CE1: 35461 | CF1: 35489 | CG1: 35520 | CH1: 35550 | CI1: 35581 | CJ1: 35611 | CK1: 35642 | CL1: 35673 | CM1: 35703 | CN1: 35734 | CO1: 35764 | CP1: 35795 | CQ1: 35826 | CR1: 35854 | CS1: 35885 | CT1: 35915 | CU1: 35946 | CV1: 35976 | CW1: 36007 | CX1: 36038 | CY1: 36068 | CZ1: 36099 | DA1: 36129 | DB1: 36160 | DC1: 36191 | DD1: 36219 | DE1: 36250 | DF1: 36280 | DG1: 36311 | DH1: 36341 | DI1: 36372 | DJ1: 36403 | DK1: 36433 | DL1: 36464 | DM1: 36494 | DN1: 36525 | DO1: 36556 | DP1: 36585 | DQ1: 36616 | DR1: 36646 | DS1: 36677 | DT1: 36707 | DU1: 36738 | DV1: 36769 | DW1: 36799 | DX1: 36830 | DY1: 36860 | DZ1: 36891 | EA1: 36922 | EB1: 36950 | EC1: 36981 | ED1: 37011 | EE1: 37042 | EF1: 37072 | EG1: 37103 | EH1: 37134 | EI1: 37164 | EJ1: 37195 | EK1: 37225 | EL1: 37256 | EM1: 37287 | EN1: 37315 | EO1: 37346 | EP1: 37376 | EQ1: 37407 | ER1: 37437 | ES1: 37468 | ET1: 37499 | EU1: 37529 | EV1: 37560 | EW1: 37590 | EX1: 37621 | EY1: 37652 | EZ1: 37680 | FA1: 37711 | FB1: 37741 | FC1: 37772 | FD1: 37802 | FE1: 37833 | FF1: 37864 | FG1: 37894 | FH1: 37925 | FI1: 37955 | FJ1: 37986 | FK1: 38017 | FL1: 38046 | FM1: 38077 | FN1: 38107 | FO1: 38138 | FP1: 38168 | FQ1: 38199 | FR1: 38230 | FS1: 38260 | FT1: 38291 | FU1: 38321 | FV1: 38352 | FW1: 38383 | FX1: 38411 | FY1: 38442 | FZ1: 38472 | GA1: 38503 | GB1: 38533 | GC1: 38564 | GD1: 38595 | GE1: 38625 | GF1: 38656 | GG1: 38686 | GH1: 38717 | GI1: 38748 | GJ1: 38776 | GK1: 38807 | GL1: 38837 | GM1: 38868 | GN1: 38898 | GO1: 38929 | GP1: 38960 | GQ1: 38990 | GR1: 39021 | GS1: 39051 | GT1: 39082 | GU1: 39113 | GV1: 39141 | GW1: 39172 | GX1: 39202 | GY1: 39233 | GZ1: 39263 | HA1: 39294 | HB1: 39325 | HC1: 39355 | HD1: 39386 | HE1: 39416 | HF1: 39447 | HG1: 39478
A2: .parliament | B2: 0 | C2: 0 | D2: 0 | E2: 0 | F2: 0 | G2: 0 | H2: 0 | I2: 0 | J2: 0 | K2: 0 | L2: 0 | M2: 0 | N2: 0 | O2: 0 | P2: 0 | Q2: 0 | R2: 0 | S2: 0 | T2: 0 | U2: 0 | V2: 0 | W2: 0 | X2: 0 | Y2: 0 | Z2: 0 | AA2: 0 | AB2: 0 | AC2: 0 | AD2: 0 | AE2: 0 | AF2: 0 | AG2: 0 | AH2: 0 | AI2: 0 | AJ2: 0 | AK2: 0 | AL2: 0 | AM2: 0 | AN2: 0 | AO2: 0 | AP2: 0 | AQ2: 0 | AR2: 0 | AS2: 0 | AT2: 0 | AU2: 0 | AV2: 0 | AW2: 0 | AX2: 0 | AY2: 0 | AZ2: 0 | BA2: 0 | BB2: 0 | BC2: 0 | BD2: 0 | BE2: 0 | BF2: 0 | BG2: 0 | BH2: 0 | BI2: 0 | BJ2: 0 | BK2: 0 | BL2: 0 | BM2: 0 | BN2: 0 | BO2: 0 | BP2: 0 | BQ2: 0 | BR2: 0 | BS2: 0 | BT2: 0 | BU2: 0 | BV2: 0 | BW2: 0 | BX2: 0 | BY2: 0 | BZ2: 0 | CA2: 0 | CB2: 0 | CC2: 0 | CD2: 0 | CE2: 0 | CF2: 0 | CG2: 0 | CH2: 0 | CI2: 0 | CJ2: 0 | CK2: 0 | CL2: 0 | CM2: 0 | CN2: 0 | CO2: 0 | CP2: 0 | CQ2: 0 | CR2: 0 | CS2: 0 | CT2: 0 | CU2: 0 | CV2: 0 | CW2: 0 | CX2: 0 | CY2: 0 | CZ2: 0 | DA2: 0 | DB2: 0 | DC2: 0 | DD2: 0 | DE2: 0 | DF2: 0 | DG2: 0 | DH2: 0 | DI2: 0 | DJ2: 0 | DK2: 0 | DL2: 0 | DM2: 0 | DN2: 0 | DO2: 0 | DP2: 0 | DQ2: 0 | DR2: 0 | DS2: 0 | DT2: 0 | DU2: 0 | DV2: 0 | DW2: 0 | DX2: 0 | DY2: 0 | DZ2: 0 | EA2: 0 | EB2: 0 | EC2: 0 | ED2: 0 | EE2: 0 | EF2: 0 | EG2: 0 | EH2: 0 | EI2: 0 | EJ2: 0 | EK2: 0 | EL2: 0 | EM2: 0 | EN2: 0 | EO2: 0 | EP2: 1 | EQ2: 1 | ER2: 1 | ES2: 2 | ET2: 2 | EU2: 3 | EV2: 2 | EW2: 2 | EX2: 2 | EY2: 2 | EZ2: 2 | FA2: 3 | FB2: 3 | FC2: 4 | FD2: 4 | FE2: 4 | FF2: 5 | FG2: 5 | FH2: 5 | FI2: 5 | FJ2: 5 | FK2: 5 | FL2: 5 | FM2: 5 | FN2: 5 | FO2: 5 | FP2: 5 | FQ2: 5 | FR2: 5 | FS2: 5 | FT2: 5 | FU2: 5 | FV2: 5 | FW2: 5 | FX2: 6 | FY2: 6 | FZ2: 6 | GA2: 6 | GB2: 7 | GC2: 7 | GD2: 7 | GE2: 7 | GF2: 7 | GG2: 7 | GH2: 7 | GI2: 7 | GJ2: 7 | GK2: 7 | GL2: 7 | GM2: 7 | GN2: 7 | GO2: 7 | GP2: 7 | GQ2: 7 | GR2: 7 | GS2: 7 | GT2: 7 | GU2: 7 | GV2: 7 | GW2: 7 | GX2: 7 | GY2: 8 | GZ2: 8 | HA2: 8 | HB2: 8 | HC2: 8 | HD2: 8 | HE2: 8 | HF2: 8 | HG2: 8
A3: .cri | B3: 36 | C3: 34 | D3: 34 | E3: 35 | F3: 35 | G3: 34 | H3: 35 | I3: 35 | J3: 35 | K3: 36 | L3: 37 | M3: 37 | N3: 37 | O3: 37 | P3: 38 | Q3: 38 | R3: 38 | S3: 37 | T3: 37 | U3: 37 | V3: 37 | W3: 37 | X3: 37 | Y3: 38 | Z3: 36 | AA3: 37 | AB3: 38 | AC3: 41 | AD3: 41 | AE3: 41 | AF3: 41 | AG3: 41 | AH3: 41 | AI3: 41 | AJ3: 41 | AK3: 45 | AL3: 42 | AM3: 41 | AN3: 38 | AO3: 38 | AP3: 38 | AQ3: 38 | AR3: 38 | AS3: 38 | AT3: 38 | AU3: 39 | AV3: 39 | AW3: 39 | AX3: 37 | AY3: 36 | AZ3: 36 | BA3: 36 | BB3: 36 | BC3: 38 | BD3: 38 | BE3: 38 | BF3: 36 | BG3: 36 | BH3: 37 | BI3: 37 | BJ3: 37 | BK3: 37 | BL3: 39 | BM3: 39 | BN3: 39 | BO3: 39 | BP3: 38 | BQ3: 39 | BR3: 38 | BS3: 33 | BT3: 32 | BU3: 32 | BV3: 32 | BW3: 32 | BX3: 32 | BY3: 32 | BZ3: 32 | CA3: 32 | CB3: 31 | CC3: 31 | CD3: 30 | CE3: 28 | CF3: 27 | CG3: 27 | CH3: 27 | CI3: 27 | CJ3: 27 | CK3: 27 | CL3: 27 | CM3: 27 | CN3: 28 | CO3: 28 | CP3: 28 | CQ3: 28 | CR3: 28 | CS3: 28 | CT3: 28 | CU3: 28 | CV3: 28 | CW3: 28 | CX3: 28 | CY3: 28 | CZ3: 29 | DA3: 29 | DB3: 29 | DC3: 29 | DD3: 29 | DE3: 29 | DF3: 27 | DG3: 27 | DH3: 27 | DI3: 27 | DJ3: 27 | DK3: 27 | DL3: 27 | DM3: 27 | DN3: 27 | DO3: 27 | DP3: 27 | DQ3: 27 | DR3: 28 | DS3: 28 | DT3: 28 | DU3: 28 | DV3: 28 | DW3: 27 | DX3: 27 | DY3: 27 | DZ3: 26 | EA3: 25 | EB3: 25 | EC3: 25 | ED3: 25 | EE3: 25 | EF3: 25 | EG3: 25 | EH3: 25 | EI3: 25 | EJ3: 25 | EK3: 25 | EL3: 25 | EM3: 25 | EN3: 25 | EO3: 18 | EP3: 18 | EQ3: 18 | ER3: 18 | ES3: 18 | ET3: 18 | EU3: 18 | EV3: 18 | EW3: 18 | EX3: 18 | EY3: 18 | EZ3: 18 | FA3: 17 | FB3: 17 | FC3: 17 | FD3: 17 | FE3: 16 | FF3: 16 | FG3: 16 | FH3: 16 | FI3: 16 | FJ3: 16 | FK3: 16 | FL3: 16 | FM3: 16 | FN3: 16 | FO3: 16 | FP3: 16 | FQ3: 16 | FR3: 16 | FS3: 16 | FT3: 15 | FU3: 15 | FV3: 15 | FW3: 15 | FX3: 15 | FY3: 15 | FZ3: 15 | GA3: 15 | GB3: 15 | GC3: 15 | GD3: 15 | GE3: 15 | GF3: 15 | GG3: 15 | GH3: 15 | GI3: 15 | GJ3: 15 | GK3: 14 | GL3: 14 | GM3: 14 | GN3: 14 | GO3: 14 | GP3: 14 | GQ3: 14 | GR3: 14 | GS3: 14 | GT3: 14 | GU3: 13 | GV3: 13 | GW3: 13 | GX3: 13 | GY3: 13 | GZ3: 13 | HA3: 13 | HB3: 13 | HC3: 13 | HD3: 13 | HE3: 13 | HF3: 13 | HG3: 13
A4: .mil | B4: 2 | C4: 2 | D4: 2 | E4: 2 | F4: 2 | G4: 2 | H4: 2 | I4: 2 | J4: 2 | K4: 2 | L4: 2 | M4: 2 | N4: 2 | O4: 2 | P4: 2 | Q4: 2 | R4: 4 | S4: 4 | T4: 4 | U4: 5 | V4: 6 | W4: 3 | X4: 3 | Y4: 4 | Z4: 5 | AA4: 5 | AB4: 5 | AC4: 4 | AD4: 4 | AE4: 5 | AF4: 5 | AG4: 5 | AH4: 5 | AI4: 5 | AJ4: 5 | AK4: 5 | AL4: 6 | AM4: 6 | AN4: 7 | AO4: 9 | AP4: 9 | AQ4: 9 | AR4: 10 | AS4: 10 | AT4: 10 | AU4: 11 | AV4: 11 | AW4: 12 | AX4: 12 | AY4: 11 | AZ4: 11 | BA4: 11 | BB4: 12 | BC4: 12 | BD4: 12 | BE4: 12 | BF4: 12 | BG4: 12 | BH4: 12 | BI4: 12 | BJ4: 12 | BK4: 12 | BL4: 12 | BM4: 12 | BN4: 12 | BO4: 13 | BP4: 13 | BQ4: 14 | BR4: 14 | BS4: 14 | BT4: 14 | BU4: 15 | BV4: 15 | BW4: 15 | BX4: 16 | BY4: 16 | BZ4: 16 | CA4: 16 | CB4: 16 | CC4: 16 | CD4: 16 | CE4: 16 | CF4: 16 | CG4: 16 | CH4: 17 | CI4: 17 | CJ4: 17 | CK4: 17 | CL4: 17 | CM4: 17 | CN4: 17 | CO4: 17 | CP4: 17 | CQ4: 17 | CR4: 17 | CS4: 17 | CT4: 17 | CU4: 17 | CV4: 17 | CW4: 17 | CX4: 16 | CY4: 16 | CZ4: 17 | DA4: 16 | DB4: 16 | DC4: 16 | DD4: 16 | DE4: 16 | DF4: 16 | DG4: 15 | DH4: 15 | DI4: 15 | DJ4: 15 | DK4: 15 | DL4: 15 | DM4: 14 | DN4: 14 | DO4: 17 | DP4: 17 | DQ4: 17 | DR4: 17 | DS4: 17 | DT4: 17 | DU4: 16 | DV4: 16 | DW4: 16 | DX4: 16 | DY4: 16 | DZ4: 16 | EA4: 17 | EB4: 17 | EC4: 17 | ED4: 17 | EE4: 17 | EF4: 17 | EG4: 17 | EH4: 19 | EI4: 19 | EJ4: 19 | EK4: 19 | EL4: 20 | EM4: 22 | EN4: 22 | EO4: 22 | EP4: 21 | EQ4: 21 | ER4: 21 | ES4: 21 | ET4: 21 | EU4: 21 | EV4: 21 | EW4: 21 | EX4: 21 | EY4: 21 | EZ4: 18 | FA4: 18 | FB4: 18 | FC4: 18 | FD4: 18 | FE4: 18 | FF4: 18 | FG4: 18 | FH4: 18 | FI4: 18 | FJ4: 18 | FK4: 18 | FL4: 18 | FM4: 18 | FN4: 18 | FO4: 18 | FP4: 18 | FQ4: 18 | FR4: 17 | FS4: 17 | FT4: 17 | FU4: 16 | FV4: 16 | FW4: 18 | FX4: 18 | FY4: 20 | FZ4: 20 | GA4: 21 | GB4: 21 | GC4: 22 | GD4: 22 | GE4: 22 | GF4: 21 | GG4: 21 | GH4: 21 | GI4: 21 | GJ4: 23 | GK4: 23 | GL4: 23 | GM4: 26 | GN4: 26 | GO4: 26 | GP4: 26 | GQ4: 27 | GR4: 28 | GS4: 28 | GT4: 29 | GU4: 30 | GV4: 32 | GW4: 33 | GX4: 33 | GY4: 33 | GZ4: 33 | HA4: 33 | HB4: 33 | HC4: 33 | HD4: 33 | HE4: 33 | HF4: 33 | HG4: 33
A5: .iwi | B5: 0 | C5: 0 | D5: 0 | E5: 0 | F5: 0 | G5: 0 | H5: 0 | I5: 0 | J5: 0 | K5: 0 | L5: 1 | M5: 1 | N5: 1 | O5: 1 | P5: 1 | Q5: 1 | R5: 1 | S5: 1 | T5: 1 | U5: 1 | V5: 1 | W5: 1 | X5: 1 | Y5: 1 | Z5: 1 | AA5: 1 | AB5: 1 | AC5: 1 | AD5: 2 | AE5: 2 | AF5: 2 | AG5: 2 | AH5: 2 | AI5: 3 | AJ5: 3 | AK5: 3 | AL5: 4 | AM5: 4 | AN5: 3 | AO5: 3 | AP5: 3 | AQ5: 3 | AR5: 3 | AS5: 3 | AT5: 3 | AU5: 3 | AV5: 3 | AW5: 3 | AX5: 3 | AY5: 4 | AZ5: 5 | BA5: 5 | BB5: 7 | BC5: 7 | BD5: 7 | BE5: 8 | BF5: 9 | BG5: 9 | BH5: 10 | BI5: 10 | BJ5: 10 | BK5: 10 | BL5: 10 | BM5: 10 | BN5: 10 | BO5: 10 | BP5: 11 | BQ5: 11 | BR5: 11 | BS5: 11 | BT5: 9 | BU5: 9 | BV5: 9 | BW5: 12 | BX5: 13 | BY5: 15 | BZ5: 15 | CA5: 16 | CB5: 16 | CC5: 18 | CD5: 19 | CE5: 20 | CF5: 21 | CG5: 21 | CH5: 21 | CI5: 22 | CJ5: 24 | CK5: 22 | CL5: 25 | CM5: 25 | CN5: 24 | CO5: 24 | CP5: 24 | CQ5: 24 | CR5: 26 | CS5: 26 | CT5: 28 | CU5: 29 | CV5: 31 | CW5: 31 | CX5: 35 | CY5: 35 | CZ5: 34 | DA5: 34 | DB5: 34 | DC5: 34 | DD5: 36 | DE5: 38 | DF5: 39 | DG5: 40 | DH5: 43 | DI5: 45 | DJ5: 45 | DK5: 46 | DL5: 46 | DM5: 45 | DN5: 47 | DO5: 49 | DP5: 48 | DQ5: 50 | DR5: 50 | DS5: 49 | DT5: 48 | DU5: 54 | DV5: 54 | DW5: 49 | DX5: 51 | DY5: 54 | DZ5: 52 | EA5: 53 | EB5: 53 | EC5: 53 | ED5: 53 | EE5: 53 | EF5: 54 | EG5: 54 | EH5: 54 | EI5: 53 | EJ5: 55 | EK5: 54 | EL5: 57 | EM5: 55 | EN5: 56 | EO5: 55 | EP5: 57 | EQ5: 57 | ER5: 56 | ES5: 54 | ET5: 56 | EU5: 56 | EV5: 56 | EW5: 56 | EX5: 57 | EY5: 58 | EZ5: 59 | FA5: 59 | FB5: 58 | FC5: 59 | FD5: 59 | FE5: 59 | FF5: 59 | FG5: 60 | FH5: 60 | FI5: 59 | FJ5: 60 | FK5: 60 | FL5: 59 | FM5: 57 | FN5: 60 | FO5: 60 | FP5: 63 | FQ5: 62 | FR5: 63 | FS5: 64 | FT5: 65 | FU5: 64 | FV5: 65 | FW5: 65 | FX5: 67 | FY5: 68 | FZ5: 69 | GA5: 69 | GB5: 69 | GC5: 69 | GD5: 69 | GE5: 69 | GF5: 70 | GG5: 70 | GH5: 70 | GI5: 68 | GJ5: 70 | GK5: 70 | GL5: 70 | GM5: 72 | GN5: 75 | GO5: 75 | GP5: 75 | GQ5: 76 | GR5: 76 | GS5: 78 | GT5: 77 | GU5: 76 | GV5: 76 | GW5: 76 | GX5: 74 | GY5: 77 | GZ5: 78 | HA5: 76 | HB5: 76 | HC5: 76 | HD5: 76 | HE5: 77 | HF5: 77 | HG5: 78
A6: .health | B6: 0 | C6: 0 | D6: 0 | E6: 0 | F6: 0 | G6: 0 | H6: 0 | I6: 0 | J6: 0 | K6: 0 | L6: 0 | M6: 0 | N6: 0 | O6: 0 | P6: 0 | Q6: 0 | R6: 0 | S6: 0 | T6: 0 | U6: 0 | V6: 0 | W6: 0 | X6: 0 | Y6: 0 | Z6: 0 | AA6: 0 | AB6: 0 | AC6: 0 | AD6: 0 | AE6: 0 | AF6: 0 | AG6: 0 | AH6: 0 | AI6: 0 | AJ6: 0 | AK6: 0 | AL6: 0 | AM6: 0 | AN6: 0 | AO6: 0 | AP6: 0 | AQ6: 0 | AR6: 0 | AS6: 0 | AT6: 0 | AU6: 0 | AV6: 0 | AW6: 0 | AX6: 0 | AY6: 0 | AZ6: 0 | BA6: 0 | BB6: 0 | BC6: 0 | BD6: 0 | BE6: 0 | BF6: 0 | BG6: 0 | BH6: 0 | BI6: 0 | BJ6: 0 | BK6: 0 | BL6: 0 | BM6: 0 | BN6: 0 | BO6: 0 | BP6: 0 | BQ6: 0 | BR6: 0 | BS6: 0 | BT6: 0 | BU6: 0 | BV6: 0 | BW6: 0 | BX6: 0 | BY6: 0 | BZ6: 0 | CA6: 0 | CB6: 0 | CC6: 0 | CD6: 0 | CE6: 0 | CF6: 0 | CG6: 0 | CH6: 0 | CI6: 0 | CJ6: 0 | CK6: 0 | CL6: 0 | CM6: 0 | CN6: 0 | CO6: 0 | CP6: 0 | CQ6: 0 | CR6: 0 | CS6: 0 | CT6: 0 | CU6: 0 | CV6: 0 | CW6: 0 | CX6: 0 | CY6: 0 | CZ6: 0 | DA6: 0 | DB6: 0 | DC6: 0 | DD6: 0 | DE6: 0 | DF6: 0 | DG6: 0 | DH6: 0 | DI6: 0 | DJ6: 0 | DK6: 0 | DL6: 0 | DM6: 0 | DN6: 0 | DO6: 0 | DP6: 0 | DQ6: 0 | DR6: 0 | DS6: 0 | DT6: 0 | DU6: 0 | DV6: 0 | DW6: 0 | DX6: 0 | DY6: 0 | DZ6: 0 | EA6: 0 | EB6: 0 | EC6: 0 | ED6: 0 | EE6: 0 | EF6: 0 | EG6: 0 | EH6: 0 | EI6: 0 | EJ6: 0 | EK6: 0 | EL6: 0 | EM6: 0 | EN6: 0 | EO6: 0 | EP6: 0 | EQ6: 0 | ER6: 0 | ES6: 0 | ET6: 0 | EU6: 0 | EV6: 0 | EW6: 0 | EX6: 0 | EY6: 0 | EZ6: 0 | FA6: 0 | FB6: 0 | FC6: 0 | FD6: 0 | FE6: 0 | FF6: 0 | FG6: 0 | FH6: 0 | FI6: 0 | FJ6: 0 | FK6: 0 | FL6: 0 | FM6: 0 | FN6: 0 | FO6: 0 | FP6: 0 | FQ6: 0 | FR6: 0 | FS6: 0 | FT6: 0 | FU6: 0 | FV6: 0 | FW6: 0 | FX6: 0 | FY6: 0 | FZ6: 0 | GA6: 3 | GB6: 4 | GC6: 4 | GD6: 45 | GE6: 74 | GF6: 87 | GG6: 97 | GH6: 97 | GI6: 100 | GJ6: 105 | GK6: 106 | GL6: 108 | GM6: 111 | GN6: 115 | GO6: 119 | GP6: 124 | GQ6: 126 | GR6: 126 | GS6: 126 | GT6: 126 | GU6: 127 | GV6: 128 | GW6: 131 | GX6: 132 | GY6: 134 | GZ6: 138 | HA6: 139 | HB6: 141 | HC6: 144 | HD6: 145 | HE6: 145 | HF6: 145 | HG6: 145
A7: .maori | B7: 0 | C7: 0 | D7: 0 | E7: 0 | F7: 0 | G7: 0 | H7: 0 | I7: 0 | J7: 0 | K7: 0 | L7: 0 | M7: 0 | N7: 0 | O7: 0 | P7: 0 | Q7: 0 | R7: 0 | S7: 0 | T7: 0 | U7: 0 | V7: 0 | W7: 0 | X7: 0 | Y7: 0 | Z7: 0 | AA7: 0 | AB7: 0 | AC7: 0 | AD7: 0 | AE7: 0 | AF7: 0 | AG7: 0 | AH7: 0 | AI7: 0 | AJ7: 0 | AK7: 0 | AL7: 0 | AM7: 0 | AN7: 0 | AO7: 0 | AP7: 0 | AQ7: 0 | AR7: 0 | AS7: 0 | AT7: 0 | AU7: 0 | AV7: 0 | AW7: 0 | AX7: 0 | AY7: 0 | AZ7: 0 | BA7: 0 | BB7: 0 | BC7: 0 | BD7: 0 | BE7: 0 | BF7: 0 | BG7: 0 | BH7: 0 | BI7: 0 | BJ7: 0 | BK7: 0 | BL7: 0 | BM7: 0 | BN7: 0 | BO7: 0 | BP7: 0 | BQ7: 0 | BR7: 0 | BS7: 0 | BT7: 0 | BU7: 0 | BV7: 0 | BW7: 0 | BX7: 0 | BY7: 0 | BZ7: 0 | CA7: 0 | CB7: 0 | CC7: 0 | CD7: 0 | CE7: 0 | CF7: 0 | CG7: 0 | CH7: 0 | CI7: 0 | CJ7: 0 | CK7: 0 | CL7: 0 | CM7: 0 | CN7: 0 | CO7: 0 | CP7: 0 | CQ7: 0 | CR7: 0 | CS7: 0 | CT7: 0 | CU7: 0 | CV7: 0 | CW7: 0 | CX7: 366 | CY7: 358 | CZ7: 363 | DA7: 365 | DB7: 368 | DC7: 372 | DD7: 383 | DE7: 386 | DF7: 388 | DG7: 397 | DH7: 410 | DI7: 428 | DJ7: 308 | DK7: 302 | DL7: 305 | DM7: 310 | DN7: 310 | DO7: 308 | DP7: 318 | DQ7: 334 | DR7: 346 | DS7: 351 | DT7: 362 | DU7: 369 | DV7: 347 | DW7: 354 | DX7: 361 | DY7: 373 | DZ7: 376 | EA7: 380 | EB7: 371 | EC7: 375 | ED7: 371 | EE7: 382 | EF7: 377 | EG7: 384 | EH7: 376 | EI7: 375 | EJ7: 385 | EK7: 385 | EL7: 390 | EM7: 401 | EN7: 404 | EO7: 412 | EP7: 413 | EQ7: 421 | ER7: 436 | ES7: 452 | ET7: 452 | EU7: 453 | EV7: 460 | EW7: 458 | EX7: 458 | EY7: 459 | EZ7: 468 | FA7: 473 | FB7: 475 | FC7: 473 | FD7: 470 | FE7: 486 | FF7: 468 | FG7: 486 | FH7: 493 | FI7: 483 | FJ7: 486 | FK7: 493 | FL7: 504 | FM7: 504 | FN7: 506 | FO7: 507 | FP7: 516 | FQ7: 512 | FR7: 513 | FS7: 523 | FT7: 520 | FU7: 534 | FV7: 531 | FW7: 535 | FX7: 544 | FY7: 539 | FZ7: 550 | GA7: 560 | GB7: 568 | GC7: 565 | GD7: 569 | GE7: 567 | GF7: 566 | GG7: 554 | GH7: 562 | GI7: 581 | GJ7: 582 | GK7: 581 | GL7: 576 | GM7: 583 | GN7: 601 | GO7: 609 | GP7: 613 | GQ7: 615 | GR7: 618 | GS7: 621 | GT7: 625 | GU7: 625 | GV7: 621 | GW7: 620 | GX7: 632 | GY7: 646 | GZ7: 638 | HA7: 636 | HB7: 642 | HC7: 669 | HD7: 677 | HE7: 663 | HF7: 660 | HG7: 666
A8: .govt | B8: 48 | C8: 49 | D8: 51 | E8: 56 | F8: 57 | G8: 57 | H8: 60 | I8: 61 | J8: 62 | K8: 67 | L8: 70 | M8: 71 | N8: 71 | O8: 75 | P8: 79 | Q8: 79 | R8: 83 | S8: 88 | T8: 90 | U8: 96 | V8: 98 | W8: 107 | X8: 111 | Y8: 115 | Z8: 120 | AA8: 126 | AB8: 128 | AC8: 138 | AD8: 151 | AE8: 157 | AF8: 160 | AG8: 167 | AH8: 172 | AI8: 181 | AJ8: 184 | AK8: 200 | AL8: 207 | AM8: 215 | AN8: 222 | AO8: 233 | AP8: 234 | AQ8: 240 | AR8: 248 | AS8: 251 | AT8: 258 | AU8: 264 | AV8: 271 | AW8: 277 | AX8: 279 | AY8: 287 | AZ8: 291 | BA8: 298 | BB8: 308 | BC8: 318 | BD8: 323 | BE8: 327 | BF8: 330 | BG8: 331 | BH8: 337 | BI8: 340 | BJ8: 344 | BK8: 347 | BL8: 355 | BM8: 365 | BN8: 370 | BO8: 368 | BP8: 373 | BQ8: 379 | BR8: 376 | BS8: 374 | BT8: 382 | BU8: 386 | BV8: 386 | BW8: 393 | BX8: 399 | BY8: 405 | BZ8: 412 | CA8: 424 | CB8: 435 | CC8: 440 | CD8: 440 | CE8: 449 | CF8: 457 | CG8: 463 | CH8: 475 | CI8: 488 | CJ8: 503 | CK8: 515 | CL8: 521 | CM8: 526 | CN8: 529 | CO8: 540 | CP8: 548 | CQ8: 557 | CR8: 562 | CS8: 575 | CT8: 587 | CU8: 591 | CV8: 606 | CW8: 612 | CX8: 618 | CY8: 626 | CZ8: 633 | DA8: 642 | DB8: 639 | DC8: 639 | DD8: 658 | DE8: 659 | DF8: 662 | DG8: 667 | DH8: 675 | DI8: 679 | DJ8: 687 | DK8: 697 | DL8: 698 | DM8: 700 | DN8: 704 | DO8: 710 | DP8: 709 | DQ8: 718 | DR8: 718 | DS8: 715 | DT8: 717 | DU8: 713 | DV8: 711 | DW8: 712 | DX8: 724 | DY8: 728 | DZ8: 737 | EA8: 742 | EB8: 746 | EC8: 755 | ED8: 763 | EE8: 769 | EF8: 785 | EG8: 787 | EH8: 793 | EI8: 799 | EJ8: 810 | EK8: 824 | EL8: 827 | EM8: 830 | EN8: 827 | EO8: 834 | EP8: 843 | EQ8: 852 | ER8: 853 | ES8: 859 | ET8: 865 | EU8: 868 | EV8: 874 | EW8: 878 | EX8: 884 | EY8: 889 | EZ8: 887 | FA8: 881 | FB8: 891 | FC8: 898 | FD8: 905 | FE8: 909 | FF8: 913 | FG8: 923 | FH8: 928 | FI8: 931 | FJ8: 936 | FK8: 939 | FL8: 944 | FM8: 951 | FN8: 951 | FO8: 958 | FP8: 961 | FQ8: 965 | FR8: 972 | FS8: 977 | FT8: 978 | FU8: 979 | FV8: 982 | FW8: 985 | FX8: 988 | FY8: 988 | FZ8: 990 | GA8: 992 | GB8: 996 | GC8: 1000 | GD8: 1005 | GE8: 1014 | GF8: 1019 | GG8: 1021 | GH8: 1024 | GI8: 1033 | GJ8: 1035 | GK8: 1041 | GL8: 1046 | GM8: 1053 | GN8: 1057 | GO8: 1059 | GP8: 1062 | GQ8: 1065 | GR8: 1069 | GS8: 1074 | GT8: 1078 | GU8: 1085 | GV8: 1090 | GW8: 1098 | GX8: 1100 | GY8: 1085 | GZ8: 1089 | HA8: 1091 | HB8: 1097 | HC8: 1097 | HD8: 1099 | HE8: 1105 | HF8: 1107 | HG8: 1111
A9: .geek | B9: 0 | C9: 0 | D9: 0 | E9: 0 | F9: 0 | G9: 0 | H9: 0 | I9: 0 | J9: 0 | K9: 0 | L9: 0 | M9: 0 | N9: 0 | O9: 0 | P9: 0 | Q9: 0 | R9: 0 | S9: 0 | T9: 0 | U9: 0 | V9: 0 | W9: 0 | X9: 0 | Y9: 0 | Z9: 0 | AA9: 0 | AB9: 0 | AC9: 0 | AD9: 0 | AE9: 0 | AF9: 0 | AG9: 0 | AH9: 0 | AI9: 0 | AJ9: 0 | AK9: 0 | AL9: 0 | AM9: 0 | AN9: 0 | AO9: 0 | AP9: 0 | AQ9: 0 | AR9: 0 | AS9: 0 | AT9: 0 | AU9: 0 | AV9: 0 | AW9: 0 | AX9: 0 | AY9: 0 | AZ9: 0 | BA9: 0 | BB9: 0 | BC9: 0 | BD9: 0 | BE9: 0 | BF9: 0 | BG9: 0 | BH9: 0 | BI9: 0 | BJ9: 0 | BK9: 0 | BL9: 0 | BM9: 0 | BN9: 0 | BO9: 0 | BP9: 0 | BQ9: 0 | BR9: 0 | BS9: 0 | BT9: 0 | BU9: 0 | BV9: 0 | BW9: 0 | BX9: 0 | BY9: 0 | BZ9: 0 | CA9: 0 | CB9: 0 | CC9: 0 | CD9: 0 | CE9: 0 | CF9: 0 | CG9: 0 | CH9: 0 | CI9: 0 | CJ9: 0 | CK9: 0 | CL9: 0 | CM9: 0 | CN9: 0 | CO9: 0 | CP9: 0 | CQ9: 0 | CR9: 0 | CS9: 0 | CT9: 0 | CU9: 0 | CV9: 0 | CW9: 0 | CX9: 0 | CY9: 0 | CZ9: 0 | DA9: 0 | DB9: 0 | DC9: 0 | DD9: 0 | DE9: 0 | DF9: 0 | DG9: 0 | DH9: 0 | DI9: 492 | DJ9: 593 | DK9: 600 | DL9: 593 | DM9: 583 | DN9: 584 | DO9: 610 | DP9: 607 | DQ9: 619 | DR9: 629 | DS9: 644 | DT9: 666 | DU9: 636 | DV9: 599 | DW9: 611 | DX9: 624 | DY9: 637 | DZ9: 644 | EA9: 655 | EB9: 675 | EC9: 689 | ED9: 703 | EE9: 696 | EF9: 717 | EG9: 659 | EH9: 654 | EI9: 667 | EJ9: 683 | EK9: 697 | EL9: 701 | EM9: 702 | EN9: 832 | EO9: 843 | EP9: 858 | EQ9: 869 | ER9: 872 | ES9: 830 | ET9: 826 | EU9: 831 | EV9: 837 | EW9: 832 | EX9: 835 | EY9: 848 | EZ9: 754 | FA9: 759 | FB9: 769 | FC9: 769 | FD9: 774 | FE9: 761 | FF9: 773 | FG9: 773 | FH9: 783 | FI9: 793 | FJ9: 801 | FK9: 810 | FL9: 827 | FM9: 848 | FN9: 850 | FO9: 853 | FP9: 861 | FQ9: 848 | FR9: 848 | FS9: 861 | FT9: 860 | FU9: 865 | FV9: 875 | FW9: 870 | FX9: 873 | FY9: 867 | FZ9: 868 | GA9: 877 | GB9: 887 | GC9: 905 | GD9: 912 | GE9: 926 | GF9: 935 | GG9: 941 | GH9: 945 | GI9: 942 | GJ9: 952 | GK9: 963 | GL9: 981 | GM9: 994 | GN9: 1006 | GO9: 1000 | GP9: 1011 | GQ9: 1018 | GR9: 1027 | GS9: 1034 | GT9: 1037 | GU9: 1039 | GV9: 1049 | GW9: 1062 | GX9: 1073 | GY9: 1078 | GZ9: 1074 | HA9: 1075 | HB9: 1086 | HC9: 1121 | HD9: 1116 | HE9: 1118 | HF9: 1124 | HG9: 1138
A10: .gen | B10: 40 | C10: 41 | D10: 41 | E10: 43 | F10: 47 | G10: 48 | H10: 51 | I10: 51 | J10: 51 | K10: 52 | L10: 56 | M10: 61 | N10: 68 | O10: 76 | P10: 86 | Q10: 89 | R10: 99 | S10: 111 | T10: 114 | U10: 120 | V10: 126 | W10: 132 | X10: 153 | Y10: 170 | Z10: 205 | AA10: 233 | AB10: 266 | AC10: 284 | AD10: 292 | AE10: 295 | AF10: 297 | AG10: 302 | AH10: 309 | AI10: 320 | AJ10: 323 | AK10: 376 | AL10: 371 | AM10: 334 | AN10: 298 | AO10: 301 | AP10: 303 | AQ10: 304 | AR10: 313 | AS10: 312 | AT10: 315 | AU10: 308 | AV10: 305 | AW10: 311 | AX10: 308 | AY10: 309 | AZ10: 347 | BA10: 350 | BB10: 368 | BC10: 376 | BD10: 404 | BE10: 407 | BF10: 407 | BG10: 419 | BH10: 430 | BI10: 422 | BJ10: 422 | BK10: 436 | BL10: 448 | BM10: 457 | BN10: 473 | BO10: 482 | BP10: 492 | BQ10: 489 | BR10: 500 | BS10: 502 | BT10: 513 | BU10: 524 | BV10: 536 | BW10: 550 | BX10: 601 | BY10: 581 | BZ10: 564 | CA10: 570 | CB10: 569 | CC10: 580 | CD10: 590 | CE10: 594 | CF10: 610 | CG10: 622 | CH10: 628 | CI10: 626 | CJ10: 770 | CK10: 817 | CL10: 807 | CM10: 811 | CN10: 816 | CO10: 820 | CP10: 841 | CQ10: 841 | CR10: 840 | CS10: 850 | CT10: 850 | CU10: 854 | CV10: 866 | CW10: 755 | CX10: 758 | CY10: 736 | CZ10: 746 | DA10: 752 | DB10: 758 | DC10: 763 | DD10: 772 | DE10: 775 | DF10: 788 | DG10: 791 | DH10: 814 | DI10: 828 | DJ10: 828 | DK10: 834 | DL10: 843 | DM10: 848 | DN10: 878 | DO10: 844 | DP10: 838 | DQ10: 835 | DR10: 833 | DS10: 829 | DT10: 853 | DU10: 900 | DV10: 907 | DW10: 910 | DX10: 921 | DY10: 934 | DZ10: 915 | EA10: 932 | EB10: 930 | EC10: 932 | ED10: 953 | EE10: 962 | EF10: 938 | EG10: 918 | EH10: 930 | EI10: 937 | EJ10: 944 | EK10: 943 | EL10: 952 | EM10: 954 | EN10: 960 | EO10: 965 | EP10: 1003 | EQ10: 1018 | ER10: 1027 | ES10: 1034 | ET10: 1044 | EU10: 1054 | EV10: 1063 | EW10: 1065 | EX10: 1066 | EY10: 1080 | EZ10: 1088 | FA10: 1100 | FB10: 1105 | FC10: 1114 | FD10: 1127 | FE10: 1121 | FF10: 1133 | FG10: 1143 | FH10: 1148 | FI10: 1151 | FJ10: 1151 | FK10: 1168 | FL10: 1188 | FM10: 1189 | FN10: 1193 | FO10: 1178 | FP10: 1200 | FQ10: 1200 | FR10: 1191 | FS10: 1201 | FT10: 1205 | FU10: 1211 | FV10: 1211 | FW10: 1206 | FX10: 1204 | FY10: 1202 | FZ10: 1213 | GA10: 1216 | GB10: 1219 | GC10: 1236 | GD10: 1239 | GE10: 1242 | GF10: 1244 | GG10: 1247 | GH10: 1241 | GI10: 1249 | GJ10: 1287 | GK10: 1293 | GL10: 1285 | GM10: 1289 | GN10: 1311 | GO10: 1289 | GP10: 1296 | GQ10: 1297 | GR10: 1303 | GS10: 1316 | GT10: 1324 | GU10: 1326 | GV10: 1324 | GW10: 1343 | GX10: 1353 | GY10: 1361 | GZ10: 1346 | HA10: 1358 | HB10: 1370 | HC10: 1403 | HD10: 1390 | HE10: 1388 | HF10: 1385 | HG10: 1394
A11: .ac | B11: 40 | C11: 45 | D11: 45 | E11: 44 | F11: 47 | G11: 49 | H11: 49 | I11: 49 | J11: 50 | K11: 52 | L11: 53 | M11: 53 | N11: 53 | O11: 54 | P11: 55 | Q11: 55 | R11: 56 | S11: 57 | T11: 58 | U11: 61 | V11: 62 | W11: 62 | X11: 63 | Y11: 65 | Z11: 66 | AA11: 68 | AB11: 71 | AC11: 73 | AD11: 77 | AE11: 78 | AF11: 81 | AG11: 83 | AH11: 86 | AI11: 88 | AJ11: 89 | AK11: 97 | AL11: 96 | AM11: 90 | AN11: 87 | AO11: 95 | AP11: 98 | AQ11: 104 | AR11: 110 | AS11: 111 | AT11: 115 | AU11: 118 | AV11: 121 | AW11: 130 | AX11: 129 | AY11: 136 | AZ11: 138 | BA11: 142 | BB11: 153 | BC11: 158 | BD11: 166 | BE11: 170 | BF11: 172 | BG11: 179 | BH11: 177 | BI11: 184 | BJ11: 191 | BK11: 199 | BL11: 204 | BM11: 204 | BN11: 214 | BO11: 217 | BP11: 231 | BQ11: 242 | BR11: 246 | BS11: 254 | BT11: 266 | BU11: 285 | BV11: 303 | BW11: 320 | BX11: 338 | BY11: 354 | BZ11: 368 | CA11: 376 | CB11: 390 | CC11: 396 | CD11: 402 | CE11: 408 | CF11: 415 | CG11: 427 | CH11: 440 | CI11: 456 | CJ11: 478 | CK11: 489 | CL11: 495 | CM11: 504 | CN11: 510 | CO11: 521 | CP11: 520 | CQ11: 525 | CR11: 534 | CS11: 542 | CT11: 557 | CU11: 573 | CV11: 578 | CW11: 580 | CX11: 620 | CY11: 630 | CZ11: 642 | DA11: 654 | DB11: 666 | DC11: 683 | DD11: 690 | DE11: 707 | DF11: 673 | DG11: 745 | DH11: 769 | DI11: 784 | DJ11: 797 | DK11: 802 | DL11: 809 | DM11: 812 | DN11: 814 | DO11: 825 | DP11: 842 | DQ11: 857 | DR11: 873 | DS11: 888 | DT11: 900 | DU11: 910 | DV11: 923 | DW11: 944 | DX11: 948 | DY11: 967 | DZ11: 971 | EA11: 984 | EB11: 995 | EC11: 1000 | ED11: 1012 | EE11: 1012 | EF11: 1025 | EG11: 1072 | EH11: 1081 | EI11: 1088 | EJ11: 1099 | EK11: 1116 | EL11: 1125 | EM11: 1138 | EN11: 1153 | EO11: 1168 | EP11: 1183 | EQ11: 1201 | ER11: 1202 | ES11: 1221 | ET11: 1237 | EU11: 1238 | EV11: 1252 | EW11: 1268 | EX11: 1278 | EY11: 1286 | EZ11: 1291 | FA11: 1304 | FB11: 1308 | FC11: 1318 | FD11: 1340 | FE11: 1349 | FF11: 1352 | FG11: 1371 | FH11: 1394 | FI11: 1413 | FJ11: 1450 | FK11: 1466 | FL11: 1518 | FM11: 1544 | FN11: 1589 | FO11: 1582 | FP11: 1605 | FQ11: 1603 | FR11: 1614 | FS11: 1646 | FT11: 1654 | FU11: 1662 | FV11: 1656 | FW11: 1680 | FX11: 1665 | FY11: 1639 | FZ11: 1651 | GA11: 1650 | GB11: 1676 | GC11: 1691 | GD11: 1703 | GE11: 1716 | GF11: 1718 | GG11: 1713 | GH11: 1721 | GI11: 1739 | GJ11: 1746 | GK11: 1752 | GL11: 1740 | GM11: 1771 | GN11: 1793 | GO11: 1806 | GP11: 1807 | GQ11: 1801 | GR11: 1818 | GS11: 1826 | GT11: 1843 | GU11: 1858 | GV11: 1870 | GW11: 1878 | GX11: 1885 | GY11: 1884 | GZ11: 1851 | HA11: 1864 | HB11: 1875 | HC11: 1908 | HD11: 1903 | HE11: 1911 | HF11: 1914 | HG11: 1921
A12: .school | B12: 0 | C12: 0 | D12: 0 | E12: 0 | F12: 5 | G12: 6 | H12: 6 | I12: 6 | J12: 6 | K12: 9 | L12: 9 | M12: 14 | N12: 15 | O12: 18 | P12: 18 | Q12: 20 | R12: 29 | S12: 36 | T12: 44 | U12: 56 | V12: 59 | W12: 65 | X12: 70 | Y12: 78 | Z12: 93 | AA12: 100 | AB12: 109 | AC12: 117 | AD12: 118 | AE12: 123 | AF12: 129 | AG12: 132 | AH12: 136 | AI12: 146 | AJ12: 154 | AK12: 173 | AL12: 182 | AM12: 194 | AN12: 186 | AO12: 202 | AP12: 214 | AQ12: 226 | AR12: 238 | AS12: 244 | AT12: 250 | AU12: 266 | AV12: 280 | AW12: 296 | AX12: 304 | AY12: 309 | AZ12: 317 | BA12: 327 | BB12: 362 | BC12: 382 | BD12: 403 | BE12: 410 | BF12: 427 | BG12: 449 | BH12: 476 | BI12: 497 | BJ12: 519 | BK12: 543 | BL12: 570 | BM12: 617 | BN12: 623 | BO12: 650 | BP12: 673 | BQ12: 685 | BR12: 748 | BS12: 778 | BT12: 825 | BU12: 881 | BV12: 934 | BW12: 983 | BX12: 1031 | BY12: 1070 | BZ12: 1101 | CA12: 1141 | CB12: 1167 | CC12: 1184 | CD12: 1221 | CE12: 1244 | CF12: 1273 | CG12: 1307 | CH12: 1358 | CI12: 1385 | CJ12: 1422 | CK12: 1454 | CL12: 1496 | CM12: 1521 | CN12: 1543 | CO12: 1571 | CP12: 1591 | CQ12: 1617 | CR12: 1642 | CS12: 1677 | CT12: 1698 | CU12: 1722 | CV12: 1743 | CW12: 1764 | CX12: 1806 | CY12: 1829 | CZ12: 1849 | DA12: 1866 | DB12: 1888 | DC12: 1905 | DD12: 1922 | DE12: 1944 | DF12: 1965 | DG12: 1985 | DH12: 2015 | DI12: 2031 | DJ12: 2055 | DK12: 2074 | DL12: 2084 | DM12: 2094 | DN12: 2114 | DO12: 2125 | DP12: 2127 | DQ12: 2146 | DR12: 2173 | DS12: 2178 | DT12: 2182 | DU12: 2203 | DV12: 2218 | DW12: 2271 | DX12: 2292 | DY12: 2307 | DZ12: 2314 | EA12: 2345 | EB12: 2359 | EC12: 2373 | ED12: 2391 | EE12: 2405 | EF12: 2410 | EG12: 2418 | EH12: 2427 | EI12: 2419 | EJ12: 2430 | EK12: 2446 | EL12: 2452 | EM12: 2457 | EN12: 2483 | EO12: 2491 | EP12: 2518 | EQ12: 2531 | ER12: 2538 | ES12: 2554 | ET12: 2565 | EU12: 2561 | EV12: 2581 | EW12: 2596 | EX12: 2595 | EY12: 2609 | EZ12: 2612 | FA12: 2628 | FB12: 2637 | FC12: 2636 | FD12: 2650 | FE12: 2656 | FF12: 2659 | FG12: 2661 | FH12: 2672 | FI12: 2689 | FJ12: 2686 | FK12: 2703 | FL12: 2727 | FM12: 2739 | FN12: 2754 | FO12: 2760 | FP12: 2775 | FQ12: 2789 | FR12: 2801 | FS12: 2811 | FT12: 2821 | FU12: 2824 | FV12: 2820 | FW12: 2838 | FX12: 2839 | FY12: 2862 | FZ12: 2875 | GA12: 2886 | GB12: 2900 | GC12: 2921 | GD12: 2933 | GE12: 2940 | GF12: 2949 | GG12: 2954 | GH12: 2966 | GI12: 2970 | GJ12: 2989 | GK12: 2992 | GL12: 2988 | GM12: 3000 | GN12: 3007 | GO12: 3010 | GP12: 3017 | GQ12: 3032 | GR12: 3048 | GS12: 3056 | GT12: 3063 | GU12: 3084 | GV12: 3086 | GW12: 3098 | GX12: 3107 | GY12: 3117 | GZ12: 3136 | HA12: 3151 | HB12: 3170 | HC12: 3207 | HD12: 3215 | HE12: 3221 | HF12: 3237 | HG12: 3248
... A16: Total | B16: 338 | C16: 357 | D16: 387 | E16: 429 | F16: 464 | G16: 498 | H16: 537 | I16: 560 | J16: 603 | K16: 641 | L16: 701 | M16: 779 | N16: 878 | O16: 1002 | P16: 1118 | Q16: 1265 | R16: 1459 | S16: 1711 | T16: 2050 | U16: 2464 | V16: 2721 | W16: 3078 | X16: 3627 | Y16: 4022 | Z16: 4521 | AA16: 4958 | AB16: 5426 | AC16: 6251 | AD16: 6777 | AE16: 7448 | AF16: 8076 | AG16: 8620 | AH16: 9069 | AI16: 9620 | AJ16: 10160 | AK16: 11566 | AL16: 12068 | AM16: 12380 | AN16: 12556 | AO16: 13495 | AP16: 14400 | AQ16: 15330 | AR16: 15914 | AS16: 16343 | AT16: 16829 | AU16: 17215 | AV16: 18254 | AW16: 19186 | AX16: 19958 | AY16: 20658 | AZ16: 21699 | BA16: 22576 | BB16: 24348 | BC16: 25475 | BD16: 26190 | BE16: 26991 | BF16: 27922 | BG16: 29259 | BH16: 30595 | BI16: 31848 | BJ16: 33043 | BK16: 34400 | BL16: 35996 | BM16: 37992 | BN16: 40343 | BO16: 42883 | BP16: 45720 | BQ16: 47317 | BR16: 50296 | BS16: 52828 | BT16: 56765 | BU16: 60400 | BV16: 63453 | BW16: 66922 | BX16: 70671 | BY16: 73510 | BZ16: 75186 | CA16: 78040 | CB16: 81099 | CC16: 83052 | CD16: 84805 | CE16: 86755 | CF16: 89221 | CG16: 91233 | CH16: 92988 | CI16: 95057 | CJ16: 98168 | CK16: 100022 | CL16: 100693 | CM16: 101941 | CN16: 102963 | CO16: 103888 | CP16: 104659 | CQ16: 105577 | CR16: 107046 | CS16: 109221 | CT16: 110530 | CU16: 111656 | CV16: 112054 | CW16: 113358 | CX16: 115866 | CY16: 118062 | CZ16: 119726 | DA16: 120833 | DB16: 121668 | DC16: 122885 | DD16: 124945 | DE16: 127156 | DF16: 127977 | DG16: 129927 | DH16: 132056 | DI16: 135069 | DJ16: 137078 | DK16: 139381 | DL16: 141165 | DM16: 142468 | DN16: 144092 | DO16: 146347 | DP16: 149269 | DQ16: 151711 | DR16: 154558 | DS16: 156939 | DT16: 160762 | DU16: 163738 | DV16: 166407 | DW16: 168926 | DX16: 171807 | DY16: 174061 | DZ16: 176094 | EA16: 179149 | EB16: 182095 | EC16: 185129 | ED16: 188454 | EE16: 191971 | EF16: 193989 | EG16: 197113 | EH16: 200712 | EI16: 203994 | EJ16: 207228 | EK16: 209927 | EL16: 213194 | EM16: 216353 | EN16: 221433 | EO16: 225475 | EP16: 230531 | EQ16: 235916 | ER16: 239460 | ES16: 244608 | ET16: 248416 | EU16: 252928 | EV16: 257872 | EW16: 261283 | EX16: 264711 | EY16: 268744 | EZ16: 272752 | FA16: 276273 | FB16: 281635 | FC16: 286539 | FD16: 291817 | FE16: 296722 | FF16: 300397 | FG16: 305446 | FH16: 311198 | FI16: 314053 | FJ16: 317772 | FK16: 321817 | FL16: 324722 | FM16: 328951 | FN16: 332794 | FO16: 336305 | FP16: 339612 | FQ16: 342345 | FR16: 344293 | FS16: 348186 | FT16: 347969 | FU16: 348769 | FV16: 349802 | FW16: 351464 | FX16: 353430 | FY16: 355779 | FZ16: 358559 | GA16: 362349 | GB16: 366031 | GC16: 370084 | GD16: 374099 | GE16: 377341 | GF16: 380015 | GG16: 381964 | GH16: 384895 | GI16: 388557 | GJ16: 393494 | GK16: 396661 | GL16: 399151 | GM16: 402331 | GN16: 405787 | GO16: 409809 | GP16: 413753 | GQ16: 417103 | GR16: 420603 | GS16: 423764 | GT16: 426493 | GU16: 429640 | GV16: 433183 | GW16: 435888 | GX16: 440576 | GY16: 444929 | GZ16: 449014 | HA16: 453180 | HB16: 456744 | HC16: 460160 | HD16: 463960 | HE16: 466192 | HF16: 469154 | HG16: 473166
A17: Growth(%) | C17: =SUM((C16-B16)/B16*100) -> 5.6213018 | D17: =SUM((D16-C16)/C16*100) -> 8.4033613 | E17: =SUM((E16-D16)/D16*100) -> 10.852713 | F17: =SUM((F16-E16)/E16*100) -> 8.1585082 | G17: =SUM((G16-F16)/F16*100) -> 7.3275862 | H17: =SUM((H16-G16)/G16*100) -> 7.8313253 | I17: =SUM((I16-H16)/H16*100) -> 4.283054 | J17: =SUM((J16-I16)/I16*100) -> 7.6785714 | ... HG17: =SUM((HG16-HF16)/HF16*100) -> 0.8551563
A18: Growth(n) | C18: =SUM(C16-B16) -> 19 | D18: =SUM(D16-C16) -> 30 | E18: =SUM(E16-D16) -> 42 | F18: =SUM(F16-E16) -> 35 | G18: =SUM(G16-F16) -> 34 | H18: =SUM(H16-G16) -> 39 | I18: =SUM(I16-H16) -> 23 | J18: =SUM(J16-I16) -> 43 | ... HG18: =SUM(HG16-HF16) -> 4012
A22: Percentage Breakdown (top 5)
A24: .co | B24: =B15/B16*100 -> 42.60355 | C24: =C15/C16*100 -> 44.257703 | D24: =D15/D16*100 -> 47.803618 | E24: =E15/E16*100 -> 50.582751 | F24: =F15/F16*100 -> 51.293103 | G24: =G15/G16*100 -> 53.413655 | H24: =H15/H16*100 -> 54.748603 | I24: =I15/I16*100 -> 56.25 | ... HG24: =HG15/HG16*100 -> 86.727491
A25: .net | B25: =B14/B16*100 -> 3.5502959 | C25: =C14/C16*100 -> 3.3613445 | D25: =D14/D16*100 -> 3.1007752 | E25: =E14/E16*100 -> 2.7972028 | F25: =F14/F16*100 -> 2.5862069 | G25: =G14/G16*100 -> 2.811245 | H25: =H14/H16*100 -> 3.3519553 | I25: =I14/I16*100 -> 3.0357143 | ... HG25: =HG14/HG16*100 -> 5.6525617
A26: .org | B26: =B13/B16*100 -> 4.7337278 | C26: =C13/C16*100 -> 4.4817927 | D26: =D13/D16*100 -> 4.3927649 | E26: =E13/E16*100 -> 4.6620047 | F26: =F13/F16*100 -> 4.5258621 | G26: =G13/G16*100 -> 4.4176707 | H26: =H13/H16*100 -> 4.0968343 | I26: =I13/I16*100 -> 4.2857143 | ... HG26: =HG13/HG16*100 -> 5.558303
A27: .school | B27: =B12/B16*100 -> 0 | C27: =C12/C16*100 -> 0 | D27: =D12/D16*100 -> 0 | E27: =E12/E16*100 -> 0 | F27: =F12/F16*100 -> 1.0775862 | G27: =G12/G16*100 -> 1.2048193 | H27: =H12/H16*100 -> 1.1173184 | I27: =I12/I16*100 -> 1.0714286 | ... HG27: =HG12/HG16*100 -> 0.68643985
A28: .ac | B28: =B11/B16*100 -> 11.83432 | C28: =C11/C16*100 -> 12.605042 | D28: =D11/D16*100 -> 11.627907 | E28: =E11/E16*100 -> 10.25641 | F28: =F11/F16*100 -> 10.12931 | G28: =G11/G16*100 -> 9.8393574 | H28: =H11/H16*100 -> 9.1247672 | I28: =I11/I16*100 -> 8.75 | ... HG28: =HG11/HG16*100 -> 0.4059886
B32: Raw data collected from the DNC website at http://dnc.org.nz

Sheet OldData
A1: Old stuff
B2: 32812 | C2: 32904
A3: .parliament | B3: 0 | C3: 0
A4: .cri | B4: 33 | C4: 34
A5: .mil | B5: 1 | C5: 1
A6: .iwi | B6: 0 | C6: 0
A7: .maori | B7: 0 | C7: 0
A8: .geek | B8: 0 | C8: 0
A9: .govt | B9: 40 | C9: 47
A10: .gen | B10: 32 | C10: 35
A11: .ac | B11: 28 | C11: 29
A12: .school | B12: 0 | C12: 0
A13: .org | B13: 14 | C13: 15
A14: .net | B14: 1 | C14: 1
... A16: Total | B16: 242 | C16: 272
A17: Growth(%)
A18: Growth(n)

Sheet Sheet1
