Workbook
Name BEAvsCLL: alignement!#REF!
Name BEAvsLIM: alignement!#REF!
Name BEAvsRDL: alignement!#REF!
Name BEAvsRIM: alignement!#REF!
Name CLLvsFXG: alignement!#REF!
Name CLLvsLIM: alignement!#REF!
Name CLLvsRIM: alignement!#REF!
Name CSFvsBEA: alignement!#REF!
Name CSFvsCLL: alignement!#REF!
Name CSFvsRIM: alignement!#REF!
Name FXGvsBEA: alignement!#REF!
Name FXGvsCSF: alignement!#REF!
Name FXGvsLIM: alignement!#REF!
Name FXGvsRDL: alignement!#REF!
Name LIMvsCSF: alignement!#REF!
Name LIMvsRDL: alignement!#REF!
Name RDLvsCLL: alignement!#REF!
Name RDLvsCSF: alignement!#REF!
Name RDLvsRIM: alignement!#REF!
Name RIMvsFXG: alignement!#REF!
Name RIMvsLIM: alignement!#REF!

Sheet alignement
K2: Badminton «AA» (Équipe)
K3: Feuille de pointage | U3: 1.GARNEAU
U4: 2.SAINTE-FOY
A5: Date: 24 NOVEMBRE 2012 | C5: Endroit : Lévis-Lauzon | M5: Équipe # 2 | Q5: =joueurs!C3 -> BEA SYLVAIN LALIBERTÉ 1 | S5: =joueurs!H3 -> BEA JOSIANE LANGLOIS 1 | U5: 3.LÉVIS-LAUZON
Q6: =joueurs!C4 -> BEA ALEXANDRE POULIN 2 | S6: =joueurs!H4 -> BEA ALEX LECLERC 2 | U6: 4.RIMOUSKI
A7: VISITEUR | F7: HEURE | I7: TERRAIN | L7: RECEVEUR | Q7: =joueurs!C5 -> BEA ALEX DUCLOS 3 | S7: =joueurs!H5 -> 0 | U7: 5.RIVIÈRE-DU-LOUP
A8: 1.GARNEAU | F8: 09h30 | I8: 1-2-3 | L8: 7.BEAUCE-APPALACHES | Q8: =joueurs!C6 -> BEA CALVIN CHEN 4 | S8: =joueurs!H6 -> BEA MARIE-ÈVE MATHIEU 4 | U8: 6.LIMOILOU
Q9: =joueurs!C7 -> BEA ROMAIN LEMIEUX 5 | S9: =joueurs!H7 -> BEAU LANY FORTIN 5 | U9: 7.BEAUCE-APPALACHES
D10: SIMPLE MASCULIN 2/3 21pts | Q10: =joueurs!C8 -> BEA PIER-ALEXANDRE BOUCHER 6
A12: No. | B12: Nom | D12: Pts | F12: Résultats | L12: No. | M12: Nom | O12: Pts | Q12: =joueurs!C10 -> CLL WILLIAM BROUARD 1 | S12: =joueurs!H10 -> CLL MARILOU HAMEL 1
A13: 1 | B13: FXG PHILIPPE RENY 3 | D13: 5 | F13: 15-21 | H13: 21-23 | M13: BEA SYLVAIN LALIBERTÉ 1 | O13: 12 | Q13: =joueurs!C11 -> CLL PASCAL BOURGAULT 2 | S13: =joueurs!H11 -> CLL VALÉRIE DESRUISSEAUX 2
Q14: =joueurs!C12 -> CLL SAMUEL GUAY 3 | S14: =joueurs!H12 -> CLL AUDREY GAGNÉ 3
Q15: =joueurs!C13 -> CLL ALEXANDRE HAMEL 4 | S15: =joueurs!H13 -> CLL CHLOÉ BRETON 4
Q16: =joueurs!C14 -> CLL MAXIME GAUDET 5 | S16: =joueurs!H14 -> CLL JULIE MÉTHOT 5
D17: SIMPLE FÉMININ 2/3 21pts | Q17: =joueurs!C15 -> CLL OLIVIER BARRETTE 6 | S17: =joueurs!H15 -> CLL CATHERINE GUIMONT 6
Q18: =joueurs!C16 -> CLL ESTÉBAN JOMPHE 7
A19: 1 | B19: FXG VANESSA GENDRON 1 | D19: 10 | F19: 12-21 | H19: 21-11 | J19: 11-21 | M19: BEA JOSIANE LANGLOIS 1 | O19: 12 | Q19: =joueurs!C17 -> 0
Q20: =joueurs!C18 -> CLL SAMUEL BEAULIEU 9
D21: DOUBLE FÉMININ 2/3 21pts | Q21: =joueurs!C19 -> CLL ANTHONY CAREY 10
Q22: =joueurs!C20 -> CLL ÉTIENNE THIBAULT 11
A23: 1 | B23: FXG EMMANUELLE DUNN 2 | D23: 12 | F23: 21-9 | H23: 21-10 | M23: BEA ALEX LECLERC 2 | O23: 4
B24: FXG JOSIANNE BOULANGER 3 | M24: BEAU LANY FORTIN 5 | Q24: =joueurs!C22 -> 0 | S24: =joueurs!H22 -> 0
Q25: =joueurs!C23 -> CSF SIMON JEAN-PINEAULT 2 | S25: =joueurs!H23 -> CSF VIRGINIE SAVARD 2
D26: DOUBLE MASCULIN 2/3 21pts | Q26: =joueurs!C24 -> CSF ALEXANDRE MAZIADE 3 | S26: =joueurs!H24 -> 0
Q27: =joueurs!C25 -> CSF MARC-ANTOINE GENEST 4 | S27: =joueurs!H25 -> CSF CATHERINE SAVARD 4
A28: 1 | B28: FXG GABRIEL GOULET-MAILHOT 5 | D28: 12 | F28: 18-21 | H28: 21-19 | J28: 21-17 | M28: BEA ALEXANDRE POULIN 2 | O28: 10 | Q28: =joueurs!C26 -> CSF MATHIEU GENEST 5 | S28: =joueurs!H26 -> CSF STÉPHANIE BELISLE 5
B29: FXG MAXIME SIROIS 4 | M29: BEA ROMAIN LEMIEUX 5 | Q29: =joueurs!C27 -> CSF WILLIAM BARRY 6 | S29: =joueurs!H27 -> CSF CHRISTINE MALTAIS 6
Q30: =joueurs!C28 -> CSF SHANNON CYR-KIRK 7 | S30: =joueurs!H28 -> CSF CAROLINE LAVOIE-MOORE 7
Q31: =joueurs!C29 -> CSF DANIEL GUÉRIN 8 | S31: =joueurs!H29 -> CSF KAYALA RITCHIE 8
Q32: =joueurs!C30 -> CSF WILLIAM ARBOUR 9 | S32: =joueurs!H30 -> CSF LAURIE ASPIRAULT 9
D33: DOUBLE MIXTE 2/3 21pts | Q33: =joueurs!C31 -> CSF NICOLAS GUÉRETTE 10 | S33: =joueurs!H31 -> CSF SABRINA BERGERON 10
Q34: =joueurs!C32 -> CSF FÉLIX BERNIER-TREMBLAY 11 | S34: =joueurs!H32 -> CSF MAUDE CANTIN 11
A35: 1 | B35: FXG DOMINIQUE PITRE 4 | D35: 12 | F35: 21-11 | H35: 23-25 | J35: 21-14 | M35: BEA MARIE-ÈVE MATHIEU 4 | O35: 10 | Q35: =joueurs!C33 -> CSF ALEXANDRE GAUDRY 12
B36: FXG SÉBASTIEN DROUIN LEMIEUX 2 | M36: BEA ALEX DUCLOS 3
Q37: =joueurs!C35 -> FXG MARC-OLIVIER BÉLIVEAU 1 | S37: =joueurs!H35 -> FXG VANESSA GENDRON 1
D38: =SUM(D13:D35) -> 51 | F38: SUBSTITUTS | J38: COLL | M38: Total de points | O38: =SUM(O13:O35) -> 48 | Q38: =joueurs!C36 -> FXG SÉBASTIEN DROUIN LEMIEUX 2 | S38: =joueurs!H36 -> FXG EMMANUELLE DUNN 2
Q39: =joueurs!C37 -> FXG PHILIPPE RENY 3 | S39: =joueurs!H37 -> FXG JOSIANNE BOULANGER 3
Q40: =joueurs!C38 -> FXG MAXIME SIROIS 4 | S40: =joueurs!H38 -> FXG DOMINIQUE PITRE 4
B41: Signature de l'entraîneur | M41: Signature de l'entraîneur | Q41: =joueurs!C39 -> FXG GABRIEL GOULET-MAILHOT 5 | S41: =joueurs!H39 -> FXG ÉLISE GRANDGUILLOT 5
Q42: =joueurs!C40 -> FXG ANTOINE BABY BOUCHARD 6 | S42: =joueurs!H40 -> 0
B43: 1-8 | C43: 1 | D43: pt | M43: 1-8 | N43: 1 | O43: pt | Q43: =joueurs!C41 -> FXG MARC-ANTHONY BLACKBURN 7
B44: 9-16 | C44: 2 | D44: pt | M44: 9-16 | N44: 2 | O44: pt | Q44: =joueurs!C42 -> FXG CHARLES-ANDRÉ BEAUDRY 8
B45: 17 et + | C45: 3 | D45: pts | M45: 17 et + | N45: 3 | O45: pts | Q45: =joueurs!C43 -> FXG PHILIPPE GOBEIL BOUCHARD 9
B46: victoire 1 set | C46: 6 | D46: pts | M46: victoire 1 set | N46: 6 | O46: pts | Q46: =joueurs!C44 -> 0
B47: victoire d'un match | C47: 12 | D47: pts | M47: victoire d'un match | N47: 12 | O47: pts | Q47: =joueurs!C45 -> LIM JOAKIM PARÉ 1 | S47: =joueurs!H45 -> LIM ANNICK MOREAU 1
B48: plafond pour le perdant | C48: 10 | D48: pts | M48: plafond pour le perdant | N48: 10 | O48: pts | Q48: =joueurs!C46 -> LIM SÉBASTIEN DOUCET 2 | S48: =joueurs!H46 -> LIM CLAUDIE CHABOT 2
Q49: =joueurs!C47 -> LIM MAXIME LAPERRIÈRE 3 | S49: =joueurs!H47 -> LIM ÉLODIE LAVALLÉE 3
K50: Badminton «AA» (Équipe) | Q50: =joueurs!C48 -> 0 | S50: =joueurs!H48 -> LIM ALEXANDRA CÔTÉ 4
K51: Feuille de pointage | Q51: =joueurs!C49 -> LIM PHILIPPE DEMONTIGNY 5 | S51: =joueurs!H49 -> LIM ÉLISE LATOUR 5
Q52: =joueurs!C50 -> LIM FRÉDÉRICK BERTRAND-CHARETTE 6
A53: Date: 24 NOVEMBRE 2012 | C53: Endroit : Lévis-Lauzon | M53: Équipe # 2 | Q53: =joueurs!C51 -> 0
Q54: =joueurs!C52 -> LIM OLIVIER BUJOLD 8
A55: RECEVEUR | F55: HEURE | I55: TERRAIN | L55: VISITEUR
A56: 5.RIVIÈRE-DU-LOUP | F56: 09h30 | I56: 4-5-6 | L56: 3.LÉVIS-LAUZON | Q56: =joueurs!C54 -> RDL VINCENT RIOUX-BERROUARD 1 | S56: =joueurs!H54 -> RDL LAURIE PELLETIER 1
Q57: =joueurs!C55 -> 0 | S57: =joueurs!H55 -> RDL CATHERINE HODGSON 2
D58: SIMPLE MASCULIN 2/3 21pts | Q58: =joueurs!C56 -> 0 | S58: =joueurs!H56 -> RDL ANNE-MARIE ROBITAILLE 3
Q59: =joueurs!C57 -> RDL FÉLIX MORIN 4 | S59: =joueurs!H57 -> RDL MARILOU SINCLAIR 4
A60: No. | B60: Nom | D60: Pts | F60: Résultats | L60: No. | M60: Nom | O60: Pts | Q60: =joueurs!C58 -> RDL ÉTIENNE DESROSIERS 5 | S60: =joueurs!H58 -> 0
A61: 1 | B61: RDL VINCENT RIOUX-BERROUARD 1 | D61: 5 | F61: 13-21 | H61: 17-21 | M61: CLL PASCAL BOURGAULT 2 | O61: 12 | Q61: =joueurs!C59 -> RDL JEFF LEBEL 6
Q62: =joueurs!C60 -> RDL BRYAN LÉVESQUE 7
O64: , | Q64: =joueurs!C62 -> RIM OLIVIER MORIN 1 | S64: =joueurs!H62 -> RIM VANESSA RAIL-BOND 1
D65: SIMPLE FÉMININ 2/3 21pts | Q65: =joueurs!C63 -> RIM FRANCOIS BLAIS 2 | S65: =joueurs!H63 -> RIM MYRIAM ROSS 2
Q66: =joueurs!C64 -> RIM JEAN-CHRISTOPHE LEMIEUX 3 | S66: =joueurs!H64 -> RIM JOSIANNE BEAULIEU 3
A67: 1 | B67: RDL ANNE-MARIE ROBITAILLE 3 | D67: 5 | F67: 19-21 | H67: 10-21 | M67: CLL MARILOU HAMEL 1 | O67: 12 | Q67: =joueurs!C65 -> RIM FRÉDÉRIC LACOSTE 4 | S67: =joueurs!H65 -> RIM AMÉLIE MERCIER 4
Q68: =joueurs!C66 -> RIM DANY GONTHIER 5 | S68: =joueurs!H66 -> RIM LAURIE BLAIS 5
D69: DOUBLE FÉMININ 2/3 21pts | Q69: =joueurs!C67 -> RIM PASCAL BERGERON 6 | S69: =joueurs!H67 -> RIM CHLOÉ CORMIER-PAQUET 6
Q70: =joueurs!C68 -> RIM ALEXANDRE TURCOTTE 7 | S70: =joueurs!H68 -> RIM ANNIE-PIER DEA
A71: 1 | B71: RDL CATHERINE HODGSON 2 | D71: 12 | F71: 21-15 | H71: 21-11 | M71: CLL CHLOÉ BRETON 4 | O71: 4 | Q71: =joueurs!C69 -> 0 | S71: =joueurs!H69 -> 0
B72: RDL MARILOU SINCLAIR 4 | M72: CLL JULIE MÉTHOT 5
D74: DOUBLE MASCULIN 2/3 21pts
A76: 1 | B76: RDL ÉTIENNE DESROSIERS 5 | D76: 3 | F76: 9-21 | H76: 8-21 | M76: CLL SAMUEL GUAY 3 | O76: 12
B77: RDL JEFF LEBEL 6 | M77: CLL ALEXANDRE HAMEL 4
D81: DOUBLE MIXTE 2/3 21pts
A83: 1 | B83: RDL LAURIE PELLETIER 1 | D83: 3 | F83: 15-21 | H83: 4-21 | M83: CLL AUDREY GAGNÉ 3 | O83: 12
B84: RDL FÉLIX MORIN 4 | M84: CLL WILLIAM BROUARD 1
B86: Total de points | D86: =SUM(D61:D83) -> 28 | F86: SUBSTITUTS | J86: COLL | M86: Total de points | O86: =SUM(O61:O83) -> 52
B89: Signature de l'entraîneur | M89: Signature de l'entraîneur
B91: 1-8 | C91: 1 | D91: pt | M91: 1-8 | N91: 1 | O91: pt
B92: 9-16 | C92: 2 | D92: pt | M92: 9-16 | N92: 2 | O92: pt
B93: 17 et + | C93: 3 | D93: pts | M93: 17 et + | N93: 3 | O93: pts
B94: victoire 1 set | C94: 6 | D94: pts | M94: victoire 1 set | N94: 6 | O94: pts
B95: victoire d'un match | C95: 12 | D95: pts | M95: victoire d'un match | N95: 12 | O95: pts
B96: plafond pour le perdant | C96: 10 | D96: pts | M96: plafond pour le perdant | N96: 10 | O96: pts
K98: Badminton «AA» (Équipe)
K99: Feuille de pointage
A101: Date: 24 NOVEMBRE 2012 | C101: Endroit : Lévis-Lauzon | M101: Équipe # 2
A103: RECEVEUR | F103: HEURE | I103: TERRAIN | L103: VISITEUR
A104: 6.LIMOILOU | F104: 09h30 | I104: 7-8 | L104: 2.SAINTE-FOY
D106: SIMPLE MASCULIN 2/3 21pts
A108: No. | B108: Nom | D108: Pts | F108: Résultats | L108: No. | M108: Nom | O108: Pts
A109: 1 | B109: LIM MAXIME LAPERRIÈRE 3 | D109: 3 | F109: 14-21 | H109: 6-21 | M109: CSF MARC-ANTOINE GENEST 4 | O109: 12
D113: SIMPLE FÉMININ 2/3 21pts
A115: 1 | B115: LIM ALEXANDRA CÔTÉ 4 | D115: 2 | F115: 8-21 | H115: 5-21 | M115: CSF LAURIE ASPIRAULT 9 | O115: 12
D117: DOUBLE FÉMININ 2/3 21pts
A119: 1 | B119: LIM CLAUDIE CHABOT 2 | D119: 2 | F119: 8-21 | H119: 8-21 | M119: CSF VIRGINIE SAVARD 2 | O119: 12
B120: LIM ÉLISE LATOUR 5 | M120: CSF SABRINA BERGERON 10
D122: DOUBLE MASCULIN 2/3 21pts
A124: 1 | B124: LIM SÉBASTIEN DOUCET 2 | D124: 5 | F124: 17-21 | H124: 14-21 | M124: CSF ALEXANDRE MAZIADE 3 | O124: 12
B125: LIM PHILIPPE DEMONTIGNY 5 | M125: CSF MATHIEU GENEST 5
D129: DOUBLE MIXTE 2/3 21pts
...

Sheet joueurs
A1: CLASSEMENT MASCULIN | F1: CLASSEMENT FÉMININ
A2: ÉQUIPE #2 | D2: présent | F2: ÉQUIPE #2 | I2: présent
B3: =MID(C3,1,3) -> BEA | C3: BEA SYLVAIN LALIBERTÉ 1 | D3: X | G3: =MID(H3,1,3) -> BEA | H3: BEA JOSIANE LANGLOIS 1 | I3: X
B4: =MID(C4,1,3) -> BEA | C4: BEA ALEXANDRE POULIN 2 | D4: X | G4: =MID(H4,1,3) -> BEA | H4: BEA ALEX LECLERC 2 | I4: X
B5: =MID(C5,1,3) -> BEA | C5: BEA ALEX DUCLOS 3 | D5: X | G5: =MID(H5,1,3)
B6: =MID(C6,1,3) -> BEA | C6: BEA CALVIN CHEN 4 | D6: X | G6: =MID(H6,1,3) -> BEA | H6: BEA MARIE-ÈVE MATHIEU 4 | I6: X
B7: =MID(C7,1,3) -> BEA | C7: BEA ROMAIN LEMIEUX 5 | D7: X | G7: =MID(H7,1,3) -> BEA | H7: BEAU LANY FORTIN 5 | I7: X
B8: =MID(C8,1,3) -> BEA | C8: BEA PIER-ALEXANDRE BOUCHER 6
B10: =MID(C10,1,3) -> CLL | C10: CLL WILLIAM BROUARD 1 | D10: X | G10: =MID(H10,1,3) -> CLL | H10: CLL MARILOU HAMEL 1 | I10: X
B11: =MID(C11,1,3) -> CLL | C11: CLL PASCAL BOURGAULT 2 | D11: X | G11: =MID(H11,1,3) -> CLL | H11: CLL VALÉRIE DESRUISSEAUX 2 | I11: X
B12: =MID(C12,1,3) -> CLL | C12: CLL SAMUEL GUAY 3 | D12: X | G12: =MID(H12,1,3) -> CLL | H12: CLL AUDREY GAGNÉ 3 | I12: X
B13: =MID(C13,1,3) -> CLL | C13: CLL ALEXANDRE HAMEL 4 | D13: X | G13: =MID(H13,1,3) -> CLL | H13: CLL CHLOÉ BRETON 4 | I13: X
B14: =MID(C14,1,3) -> CLL | C14: CLL MAXIME GAUDET 5 | D14: X | G14: =MID(H14,1,3) -> CLL | H14: CLL JULIE MÉTHOT 5 | I14: X
B15: =MID(C15,1,3) -> CLL | C15: CLL OLIVIER BARRETTE 6 | D15: X | G15: =MID(H15,1,3) -> CLL | H15: CLL CATHERINE GUIMONT 6 | I15: X
B16: =MID(C16,1,3) -> CLL | C16: CLL ESTÉBAN JOMPHE 7 | D16: X
B17: =MID(C17,1,3)
B18: =MID(C18,1,3) -> CLL | C18: CLL SAMUEL BEAULIEU 9 | D18: X
B19: =MID(C19,1,3) -> CLL | C19: CLL ANTHONY CAREY 10 | D19: X
B20: =MID(C20,1,3) -> CLL | C20: CLL ÉTIENNE THIBAULT 11 | D20: X
B22: =MID(C22,1,3) | G22: =MID(H22,1,3)
B23: =MID(C23,1,3) -> CSF | C23: CSF SIMON JEAN-PINEAULT 2 | D23: X | G23: =MID(H23,1,3) -> CSF | H23: CSF VIRGINIE SAVARD 2 | I23: X
B24: =MID(C24,1,3) -> CSF | C24: CSF ALEXANDRE MAZIADE 3 | D24: X | G24: =MID(H24,1,3)
B25: =MID(C25,1,3) -> CSF | C25: CSF MARC-ANTOINE GENEST 4 | D25: X | G25: =MID(H25,1,3) -> CSF | H25: CSF CATHERINE SAVARD 4 | I25: X
B26: =MID(C26,1,3) -> CSF | C26: CSF MATHIEU GENEST 5 | D26: X | G26: =MID(H26,1,3) -> CSF | H26: CSF STÉPHANIE BELISLE 5 | I26: X
B27: =MID(C27,1,3) -> CSF | C27: CSF WILLIAM BARRY 6 | D27: X | G27: =MID(H27,1,3) -> CSF | H27: CSF CHRISTINE MALTAIS 6 | I27: X
B28: =MID(C28,1,3) -> CSF | C28: CSF SHANNON CYR-KIRK 7 | D28: X | G28: =MID(H28,1,3) -> CSF | H28: CSF CAROLINE LAVOIE-MOORE 7 | I28: X
B29: =MID(C29,1,3) -> CSF | C29: CSF DANIEL GUÉRIN 8 | D29: X | G29: =MID(H29,1,3) -> CSF | H29: CSF KAYALA RITCHIE 8 | I29: X
B30: =MID(C30,1,3) -> CSF | C30: CSF WILLIAM ARBOUR 9 | D30: X | G30: =MID(H30,1,3) -> CSF | H30: CSF LAURIE ASPIRAULT 9 | I30: X
B31: =MID(C31,1,3) -> CSF | C31: CSF NICOLAS GUÉRETTE 10 | D31: X | G31: =MID(H31,1,3) -> CSF | H31: CSF SABRINA BERGERON 10 | I31: X
B32: =MID(C32,1,3) -> CSF | C32: CSF FÉLIX BERNIER-TREMBLAY 11 | D32: X | G32: =MID(H32,1,3) -> CSF | H32: CSF MAUDE CANTIN 11 | I32: X
B33: =MID(C33,1,3) -> CSF | C33: CSF ALEXANDRE GAUDRY 12 | D33: X
B35: =MID(C35,1,3) -> FXG | C35: FXG MARC-OLIVIER BÉLIVEAU 1 | D35: X | G35: =MID(H35,1,3) -> FXG | H35: FXG VANESSA GENDRON 1 | I35: X
B36: =MID(C36,1,3) -> FXG | C36: FXG SÉBASTIEN DROUIN LEMIEUX 2 | D36: X | G36: =MID(H36,1,3) -> FXG | H36: FXG EMMANUELLE DUNN 2 | I36: X
B37: =MID(C37,1,3) -> FXG | C37: FXG PHILIPPE RENY 3 | D37: X | G37: =MID(H37,1,3) -> FXG | H37: FXG JOSIANNE BOULANGER 3 | I37: X
B38: =MID(C38,1,3) -> FXG | C38: FXG MAXIME SIROIS 4 | D38: X | G38: =MID(H38,1,3) -> FXG | H38: FXG DOMINIQUE PITRE 4 | I38: X
B39: =MID(C39,1,3) -> FXG | C39: FXG GABRIEL GOULET-MAILHOT 5 | D39: X | G39: =MID(H39,1,3) -> FXG | H39: FXG ÉLISE GRANDGUILLOT 5 | I39: X
B40: =MID(C40,1,3) -> FXG | C40: FXG ANTOINE BABY BOUCHARD 6 | D40: X | G40: =MID(H40,1,3)
B41: =MID(C41,1,3) -> FXG | C41: FXG MARC-ANTHONY BLACKBURN 7 | D41: X
B42: =MID(C42,1,3) -> FXG | C42: FXG CHARLES-ANDRÉ BEAUDRY 8 | D42: X
B43: =MID(C43,1,3) -> FXG | C43: FXG PHILIPPE GOBEIL BOUCHARD 9 | D43: X
B45: =MID(C45,1,3) -> LIM | C45: LIM JOAKIM PARÉ 1 | D45: X | G45: =MID(H45,1,3) -> LIM | H45: LIM ANNICK MOREAU 1 | I45: X
B46: =MID(C46,1,3) -> LIM | C46: LIM SÉBASTIEN DOUCET 2 | D46: X | G46: =MID(H46,1,3) -> LIM | H46: LIM CLAUDIE CHABOT 2 | I46: X
B47: =MID(C47,1,3) -> LIM | C47: LIM MAXIME LAPERRIÈRE 3 | D47: X | G47: =MID(H47,1,3) -> LIM | H47: LIM ÉLODIE LAVALLÉE 3 | I47: X
B48: =MID(C48,1,3) | G48: =MID(H48,1,3) -> LIM | H48: LIM ALEXANDRA CÔTÉ 4 | I48: X
B49: =MID(C49,1,3) -> LIM | C49: LIM PHILIPPE DEMONTIGNY 5 | D49: X | G49: =MID(H49,1,3) -> LIM | H49: LIM ÉLISE LATOUR 5 | I49: X
B50: =MID(C50,1,3) -> LIM | C50: LIM FRÉDÉRICK BERTRAND-CHARETTE 6 | D50: X
B51: =MID(C51,1,3)
B52: =MID(C52,1,3) -> LIM | C52: LIM OLIVIER BUJOLD 8 | D52: X
B54: =MID(C54,1,3) -> RDL | C54: RDL VINCENT RIOUX-BERROUARD 1 | D54: X | G54: =MID(H54,1,3) -> RDL | H54: RDL LAURIE PELLETIER 1 | I54: X
B55: =MID(C55,1,3) | G55: =MID(H55,1,3) -> RDL | H55: RDL CATHERINE HODGSON 2 | I55: X
B56: =MID(C56,1,3) | G56: =MID(H56,1,3) -> RDL | H56: RDL ANNE-MARIE ROBITAILLE 3 | I56: X
B57: =MID(C57,1,3) -> RDL | C57: RDL FÉLIX MORIN 4 | D57: X | G57: =MID(H57,1,3) -> RDL | H57: RDL MARILOU SINCLAIR 4 | I57: X
B58: =MID(C58,1,3) -> RDL | C58: RDL ÉTIENNE DESROSIERS 5 | D58: X | G58: =MID(H58,1,3)
B59: =MID(C59,1,3) -> RDL | C59: RDL JEFF LEBEL 6 | D59: X
B60: =MID(C60,1,3) -> RDL | C60: RDL BRYAN LÉVESQUE 7 | D60: X
B62: =MID(C62,1,3) -> RIM | C62: RIM OLIVIER MORIN 1 | D62: X | G62: =MID(H62,1,3) -> RIM | H62: RIM VANESSA RAIL-BOND 1 | I62: X
B63: =MID(C63,1,3) -> RIM | C63: RIM FRANCOIS BLAIS 2 | D63: X | G63: =MID(H63,1,3) -> RIM | H63: RIM MYRIAM ROSS 2 | I63: X
B64: =MID(C64,1,3) -> RIM | C64: RIM JEAN-CHRISTOPHE LEMIEUX 3 | D64: X | G64: =MID(H64,1,3) -> RIM | H64: RIM JOSIANNE BEAULIEU 3 | I64: X
B65: =MID(C65,1,3) -> RIM | C65: RIM FRÉDÉRIC LACOSTE 4 | D65: X | G65: =MID(H65,1,3) -> RIM | H65: RIM AMÉLIE MERCIER 4 | I65: X
B66: =MID(C66,1,3) -> RIM | C66: RIM DANY GONTHIER 5 | D66: X | G66: =MID(H66,1,3) -> RIM | H66: RIM LAURIE BLAIS 5 | I66: X
B67: =MID(C67,1,3) -> RIM | C67: RIM PASCAL BERGERON 6 | D67: X | G67: =MID(H67,1,3) -> RIM | H67: RIM CHLOÉ CORMIER-PAQUET 6 | I67: X
B68: =MID(C68,1,3) -> RIM | C68: RIM ALEXANDRE TURCOTTE 7 | D68: X | G68: =MID(H68,1,3) -> RIM | H68: RIM ANNIE-PIER DEA | I68: X
B69: =MID(C69,1,3) | G69: =MID(H69,1,3)
G70: =MID(H71,1,3)
G71: =MID(H72,1,3)
B79: =MID(C80,1,3)
B80: =MID(C81,1,3)
B81: =MID(C82,1,3) | G81: =MID(H82,1,3)
G82: =MID(H83,1,3)
G83: =MID(H84,1,3)
G84: =MID(H85,1,3)
G89: =MID(H90,1,3)
G90: =MID(H91,1,3)
G91: =MID(H92,1,3)
G92: =MID(H93,1,3)
G93: =MID(H94,1,3)
G94: =MID(H95,1,3)
G97: =MID(H98,1,3)
G98: =MID(H99,1,3)
G99: =MID(H100,1,3)
... G135: =MID(H136,1,3)

Sheet RÉSULTATS
AA7: 5
A8: Ligue de badminton mixte division 1
A9: Résultats du tournoi par équipe du 24 novembre 2012
A10: tenu à Lévis-Lauzon
A13: Équipe | B13: GAR | E13: CSF | H13: CLL | K13: RIM | N13: RDL | Q13: LIM | T13: BAP | W13: Vic. | X13: Déf. | Y13: Pts p. | Z13: Pts c. | AA13: Points
A14: 1.GARNEAU | E14: =D15 -> 26 | F14: 19 | G14: =B15 -> 54 | H14: =D16 -> 37 | I14: 18 | J14: =B16 -> 45 | K14: =D17 -> 40 | L14: 13 | M14: =B17 -> 50 | N14: =D18 -> 58 | O14: 8 | P14: =B18 -> 34 | Q14: =D19 -> 41 | R14: 6 | S14: =B19 -> 37 | T14: =D20 -> 51 | U14: 1 | V14: =B20 -> 48 | W14: 3 | X14: 3 | Y14: =E14+H14+K14+N14+Q14+T14 -> 253 | Z14: =G14+J14+M14+P14+S14+V14 -> 268 | AA14: =+Y14 -> 253
A15: 2.SAINTE-FOY | B15: =alignement!$O$902 -> 54 | C15: 19 | D15: =alignement!$D$902 -> 26 | H15: =G16 -> 58 | I15: 14 | J15: =E16 -> 33 | K15: =G17 -> 52 | L15: 9 | M15: =E17 -> 36 | N15: =G18 -> 60 | O15: 4 | P15: =E18 -> 18 | Q15: =G19 -> 60 | R15: 3 | S15: =E19 -> 22 | T15: =G20 -> 53 | U15: 11 | V15: =E20 -> 26 | W15: 6 | X15: 0 | Y15: =B15+H15+K15+N15+Q15+T15 -> 337 | Z15: =D15+J15+M15+P15+S15+V15 -> 161 | AA15: =+Y15 -> 337
A16: 3.LÉVIS-LAUZON | B16: =alignement!$D$854 -> 45 | C16: 18 | D16: =alignement!$O$854 -> 37 | E16: =alignement!$O$662 -> 33 | F16: 14 | G16: =alignement!$D$662 -> 58 | K16: =J17 -> 34 | L16: 5 | M16: =H17 -> 52 | N16: =J18 -> 52 | O16: 2 | P16: =H18 -> 28 | Q16: =J19 -> 43 | R16: 10 | S16: =H19 -> 35 | T16: =J20 -> 50 | U16: 21 | V16: =H20 -> 35 | W16: 4 | X16: 2 | Y16: =B16+E16+K16+N16+Q16+T16 -> 257 | Z16: =D16+G16+M16+P16+S16+V16 -> 245 | AA16: =+Y16 -> 257
A17: 4 RIMOUSKI | B17: =alignement!$O$614 -> 50 | C17: 13 | D17: =alignement!$D$614 -> 40 | E17: =alignement!$D$422 -> 36 | F17: 9 | G17: =alignement!$O$422 -> 52 | H17: =alignement!$O$230 -> 52 | I17: 5 | J17: =alignement!$D$230 -> 34 | N17: =M18 -> 52 | O17: 12 | P17: =K18 -> 43 | Q17: =M19 -> 50 | R17: 20 | S17: =K19 -> 35 | T17: =M20 -> 43 | U17: 17 | V17: =K20 -> 39 | W17: 5 | X17: 1 | Y17: =B17+E17+H17+N17+Q17+T17 -> 283 | Z17: =D17+G17+J17+P17+S17+V17 -> 243 | AA17: =+Y17 -> 283
A18: 5.RIVIÈRE-DU-LOUP | B18: =alignement!$D$374 -> 34 | C18: 8 | D18: =alignement!$O$374 -> 58 | E18: =alignement!$O$182 -> 18 | F18: 4 | G18: =alignement!$D$182 -> 60 | H18: =alignement!$D$86 -> 28 | I18: 2 | J18: =alignement!$O$86 -> 52 | K18: =alignement!$D$566 -> 43 | L18: 12 | M18: =alignement!$O$566 -> 52 | Q18: =P19 -> 41 | R18: 16 | S18: =N19 -> 42 | T18: =P20 -> 32 | U18: 15 | V18: =N20 -> 58 | W18: 0 | X18: 6 | Y18: =B18+E18+H18+K18+Q18+T18 -> 196 | Z18: =D18+G18+J18+M18+S18+V18 -> 322 | AA18: =+Y18 -> 196
A19: 6.LIMOILOU | B19: =alignement!$D$278 -> 37 | C19: 6 | D19: =alignement!$O$278 -> 41 | E19: =alignement!$D$134 -> 22 | F19: 3 | G19: =alignement!$O$134 -> 60 | H19: =alignement!$O$470 -> 35 | I19: 10 | J19: =alignement!$D$470 -> 43 | K19: =alignement!$D$950 -> 35 | L19: 20 | M19: =alignement!$O$950 -> 50 | N19: =alignement!$D$758 -> 42 | O19: 16 | P19: =alignement!$O$758 -> 41 | T19: =S20 -> 42 | U19: 7 | V19: =Q20 -> 43 | W19: 1 | X19: 5 | Y19: =B19+E19+H19+K19+N19+T19 -> 213 | Z19: =D19+G19+J19+M19+P19+V19 -> 278 | AA19: =+Y19 -> 213
A20: 7.BEAUCE-APPALACHES | B20: =alignement!$O$38 -> 48 | C20: 1 | D20: =alignement!$D$38 -> 51 | E20: =alignement!$D$518 -> 26 | F20: 11 | G20: =alignement!$O$518 -> 53 | H20: =alignement!$D$998 -> 35 | I20: 21 | J20: =alignement!$O$998 -> 50 | K20: =alignement!$O$806 -> 39 | L20: 17 | M20: =alignement!$D$806 -> 43 | N20: =alignement!$D$710 -> 58 | O20: 15 | P20: =alignement!$O$710 -> 32 | Q20: =alignement!$D$326 -> 43 | R20: 7 | S20: =alignement!$O$326 -> 42 | W20: 2 | X20: 4 | Y20: =B20+E20+H20+K20+N20+Q20 -> 249 | Z20: =D20+G20+J20+M20+P20+S20 -> 271 | AA20: =+Y20 -> 249
B23: Équipe #1 | E23: Équipe #2 | H23: Équipe #3 | K23: TOTAL | M23: écart | N23: #
A24: SAINTE-FOY | B24: 327 | C24: 1 | E24: 337 | F24: 1 | K24: =B24+E24 -> 664 | M24: ------ | N24: 1
A25: RIMOUSKI | B25: 299 | C25: 2 | E25: 283 | F25: 2 | K25: =B25+E25 -> 582 | M25: =K24-K25 -> 82 | N25: 2
A26: GARNEAU | B26: 261 | C26: 3 | E26: 253 | F26: 4 | K26: =B26+E26 -> 514 | M26: =K25-K26 -> 68 | N26: 3
A27: BEAUCE-APPALACHES | B27: 258 | C27: 4 | E27: 249 | F27: 5 | K27: =B27+E27 -> 507 | M27: =K26-K27 -> 7 | N27: 4
A28: LÉVIS-LAUZON | B28: 206 | C28: 7 | E28: 257 | F28: 3 | K28: =B28+E28 -> 463 | M28: =K27-K28 -> 44 | N28: 5
A29: LIMOILOU | B29: 234 | C29: 5 | E29: 213 | F29: 6 | K29: =B29+E29 -> 447 | M29: =K28-K29 -> 16 | N29: 6
A30: RIVIÈRE-DU-LOUP | B30: 215 | C30: 6 | E30: 196 | F30: 7 | K30: =B30+E30 -> 411 | M30: =K29-K30 -> 36 | N30: 7
