Workbook

Sheet männlich
A1: Jugend B / männlich | G1: KABU | H1: 11.1 | I1: GEW 1 | J1: 10.6 | K1: GEW 2 | L1: 15.7 | M1: GEW 3 | N1: 15 | O1: VARI | P1: 40 | Q1: MINI | R1: 10 | S1: SPR.BO | T1: 10 | U1: SPR.SE | V1: 5 | W1: BODT | X1: 10 | Y1: ZSTO | Z1: 10 | AA1: 30m | AB1: 3.8 | AC1: 60m | AD1: 8.6 | AE1: 800 m | AF1: 160 | AG1: 2000m | AH1: 500 | AI1: 3000m | AJ1: 790 | AK1: JAP | AL1: 15 | AM1: SKA | AN1: 4 | AO1: LST | AP1: 33 | AQ1: KLZ | AR1: 17 | AS1: RB | AT1: 27 | AU1: ABK | AV1: 10 Wdh. in 3,7 sek | AW1: MED vw | AX1: 10.1 | AY1: MED rw | AZ1: 11.9 | BA1: KHK | BB1: 45 | BC1: JANDA | BD1: 26 | BE1: RAR | BF1: 35 | BG1: RD | BH1: 36 | BI1: HKR | BJ1: 45 | BK1: SWS | BL1: 2.4 | BM1: SEIL | BN1: 100 Wdh in 28 sek | BO1: HBK | BP1: 28 | BQ1: FSF | BR1: 5 | BS1: STT | BT1: 1 | BU1: FLG | BV1: 1 | BW1: FLG | BX1: 1 | BY1: FSP | BZ1: 0 | CA1: FSP | CB1: 0 | CC1: Punkte AT1 Gewandtheit | CE1: Punkte AT2 Ausdauer | CG1: Punkte AT2 Kraft | CI1: Punkte AT3 | CK1: Punkte Technik | CM1: Gesamtpunkte | CN1: Gsamtplatzierung
A2: Reihenf. | B2: Datum: 09.10.2011 | F2: 20
B3: Name | C3: Verein | D3: Gewicht | E3: Größe | F3: Geburtsdat. | G3: Zeit | H3: Pkt. | I3: Zeit | J3: Pkt. | K3: Zeit | L3: Pkt. | M3: Zeit | N3: Pkt. | O3: Zeit | P3: Pkt. | Q3: Note | R3: Pkt. | S3: Note | T3: Pkt. | U3: Note | V3: Pkt. | W3: Note | X3: Pkt. | Y3: Seg. | Z3: Pkt. | AA3: Zeit | AB3: Pkt. | AC3: Zeit | AD3: Pkt. | AE3: Zeit | AF3: Pkt. | AG3: Zeit | AH3: Pkt. | AI3: Zeit | AJ3: Pkt | AK3: Zeit | AL3: Pkt. | AM3: Zeit | AN3: Pkt. | AO3: Anz. | AP3: Pkt. | AQ3: Anz. | AR3: Pkt. | AS3: Anz. | AT3: Pkt. | AU3: Zeit | AV3: Pkt. | AW3: Weite | AX3: Pkt. | AY3: Weite | AZ3: Pkt. | BA3: Zeit | BB3: Pkt. | BC3: Anz. | BD3: Pkt. | BE3: Anz. | BF3: Pkt. | BG3: Anz. | BH3: Pkt. | BI3: Zeit | BJ3: Pkt. | BK3: Weite | BL3: Pkt. | BM3: Zeit | BN3: Pkt. | BO3: cm | BP3: Pkt. | BQ3: grd | BR3: Pkt. | BS3: Note | BT3: Pkt. | BU3: Note | BV3: Pkt. | BW3: Note | BX3: Pkt. | BY3: cm | BZ3: Pkt. | CA3: cm | CB3: Pkt. | CC3: Pkt. | CD3: Platz | CE3: Pkt. | CF3: Platz | CG3: Pkt | CH3: Platz | CI3: Pkt. | CJ3: Platz | CK3: Pkt. | CL3: Platz | CM3: Pkt. | CN3: Platz
A4: 1 | B4: Heider, Paul-Lukas | C4: RCI | D4: 60.7 | E4: 168 | F4: 35836 | H4: =IF(G4="",0,IF(G4<$H$1,50,IF(G4>18.7,0,VLOOKUP(G4,Liste_AT1!$A$3:$B$79,2,0)))) -> 0 | J4: =IF(I4="",0,IF(I4<$J$1,50,IF(I4>22.8,0,VLOOKUP(I4,Liste_AT1!$C$3:$D$125,2,0)))) -> 0 | L4: =IF(K4="",0,IF(K4<$L$1,50,IF(K4>29.2,0,VLOOKUP(K4,Liste_AT1!$E$3:$F$138,2,0)))) -> 0 | M4: 23.2 | N4: =IF(M4="",0,IF(M4<15,50,IF(M4>39.5,0,VLOOKUP(M4,Liste_AT1!$G$3:$H$248,2,0)))) -> 33 | P4: =IF(O4="",0,IF(O4<40,50,IF(O4>108,0,VLOOKUP(O4,Liste_AT1!$I$3:$J$71,2,0)))) -> 0 | R4: =IF(Q4>10,50,IF(Q4<1,0,IF(Q4="",0,VLOOKUP(Q4,Liste_AT1!$K$3:$L$21,2,0)))) -> 0 | T4: =IF(S4>10,50,IF(S4<1,0,VLOOKUP(S4,Liste_AT1!$M$3:$N$21,2,0))) -> 0 | V4: =IF(U4>5,35,IF(U4<1,0,VLOOKUP(U4,Liste_AT1!$O$3:$P$19,2))) -> 0 | W4: 9.6 | X4: =IF(W4>10,50,IF(W4<1,0,VLOOKUP(W4,Liste_AT1!$Q$3:$R$21,2))) -> 48 | Z4: =IF(Y4>10,50,IF(Y4<1,0,VLOOKUP(Y4,Liste_AT1!$S$3:$T$12,2))) -> 0 | AB4: =IF(AA4="",0,IF(AA4<3.8,50,IF(AA4>6.9,0,VLOOKUP(AA4,Liste_AT2!$A$3:$B$34,2)))) -> 0 | AD4: =IF(AC4="",0,IF(AC4<8.6,50,IF(AC4>12.1,0,VLOOKUP(AC4,Liste_AT2!$C$3:$D$38,2)))) -> 0 | AF4: =IF(AE4="",0,IF(AE4<160,50,IF(AE4>231,0,VLOOKUP(AE4,Liste_AT2!$F$3:$G$74,2)))) -> 0 | AG4: 488 | AH4: =IF(AG4="",0,IF(AG4<500,50,IF(AG4>626,0,VLOOKUP(AG4,Liste_AT2!$AU$3:$AW$66,3)))) -> 50 | AJ4: =IF(AI4="",0,IF(AI4<822,50,IF(AI4>948,0,VLOOKUP(AI4,Liste_AT2!$I$3:$J$66,2)))) -> 0 | AK4: 16.4 | AL4: =IF(AK4="",0,IF(AK4<15,50,IF(AK4>22.5,0,VLOOKUP(AK4,Liste_AT2!$K$3:$L$78,2)))) -> 36 | AN4: =IF(AM4="",0,IF(AM4<4,50,IF(AM4>9.4,0,VLOOKUP(AM4,Liste_AT2!$M$3:$N$57,2)))) -> 0 | AP4: =IF(AO4="",0,IF(AO4>33,50,IF(AO4<7,0,VLOOKUP(AO4,Liste_AT2!$Q$3:$R$29,2)))) -> 0 | AR4: =IF(AQ4="",0,IF(AQ4>17,50,IF(AQ4<1,0,VLOOKUP(AQ4,Liste_AT2!$U$3:$V$19,2)))) -> 0 | AT4: =IF(AS4="",0,IF(AS4>27,50,IF(AS4<6,0,VLOOKUP(AS4,Liste_AT2!$W$3:$X$24,2)))) -> 0 | AV4: =IF(AU4="",0,IF(AU4<3.7,50,IF(AU4>8,0,VLOOKUP(AU4,Liste_AT2!$AA$3:$AB$46,2)))) -> 0 | AX4: =IF(AW4="",0,IF(AW4<4,0,IF(AW4>10.1,50,VLOOKUP(AW4,Liste_AT2!$AC$3:$AD$62,2)))) -> 0 | AY4: 11 | AZ4: =IF(AY4="",0,IF(AY4>11.9,50,IF(AY4<5,0,VLOOKUP(AY4,Liste_AT2!$AE$3:$AF$72,2)))) -> 47 | BB4: =IF(BA4="",0,IF(BA4>45,50,IF(BA4<2,0,VLOOKUP(BA4,Liste_AT2!$AG$3:$AH$61,2)))) -> 0 | BD4: =IF(BC4="",0,IF(BC4>26,50,IF(BC4<4,0,VLOOKUP(BC4,Liste_AT2!$AI$3:$AJ$25,2)))) -> 0 | BE4: 21 | BF4: =IF(BE4="",0,IF(BE4>35,50,IF(BE4<14,0,VLOOKUP(BE4,Liste_AT2!$AK$3:$AL$24,2)))) -> 14 | BH4: =IF(BG4="",0,IF(BG4>36,50,IF(BG4<7,0,VLOOKUP(BG4,Liste_AT2!$AM$3:$AN$32,2)))) -> 0 | BJ4: =IF(BI4="",0,IF(BI4>45,50,IF(BI4<6,0,VLOOKUP(BI4,Liste_AT2!$AO$3:$AP$52,2)))) -> 0 | BK4: 1.99 | BL4: =IF(BK4="",0,IF(BK4>2.4,50,IF(BK4<1.15,0,VLOOKUP(BK4,Liste_AT2!$AQ$3:$AR$52,2)))) -> 29 | BM4: 34.8 | BN4: =IF(BM4="",0,IF(BM4<28,50,IF(BM4>62,0,VLOOKUP(BM4,Liste_AT2!$AS$3:$AT$343,2,0)))) -> 43 | BO4: 17 | BP4: =IF(BO4="",0,IF(BO4<1,0,IF(BO4>28,50,VLOOKUP(BO4,Liste_AT3!$A$3:$B$30,2)))) -> 30 | BR4: =IF(BQ4="",0,IF(BQ4<5,50,IF(BQ4>40,0,VLOOKUP(BQ4,Liste_AT3!$C$3:$D$38,2)))) -> 0 | BS4: 1.5 | BT4: =IF(BS4="",0,IF(BS4<1,50,IF(BS4>4.75,0,VLOOKUP(BS4,Liste_AT3!$E$3:$F$18,2)))) -> 42 | BV4: =IF(BU4="",0,IF(BU4<1,50,IF(BU4>4.75,0,VLOOKUP(BU4,Liste_AT3!$G$3:$H$18,2)))) -> 0 | BX4: =IF(BW4="",0,IF(BW4<1,50,IF(BW4>4.75,0,VLOOKUP(BW4,Liste_AT3!$G$3:$H$18,2)))) -> 0 | BZ4: =IF(BY4="",0,IF(BY4>40,0,VLOOKUP(BY4,Liste_AT3!$I$3:$J$43,2,2))) -> 0 | CB4: =IF(CA4="",0,IF(CA4>40,0,VLOOKUP(CA4,Liste_AT3!$I$3:$J$43,2,2))) -> 0 | CC4: =SUM(H4,J4,L4,N4,P4,R4,T4,V4,X4,Z4) -> 81 | CD4: =IF(CC4=0,"",RANK(CC4,$CC$4:$CC$19)) -> 3 | CE4: =SUM(AB4,AD4,AF4,AJ4,AL4,AN4,AH4) -> 86 | CF4: =IF(CE4=0,"",RANK(CE4,$CE$4:$CE$19)) -> 1 | CG4: =SUM(AP4,AR4,AT4,AV4,AX4,AZ4,BB4,BD4,BF4,BH4,BJ4,BL4,BN4) -> 133 | CH4: =IF(CG4=0,"",RANK(CG4,$CG$4:$CG$19)) -> 1 | CI4: =SUM(BP4,BR4) -> 30 | CJ4: =IF(CI4=0,"",RANK(CI4,$CI$4:$CI$19)) -> 2 | CK4: =SUM(BT4,BV4,BX4,BZ4,CB4) -> 42 | CL4: =IF(CK4=0,"",RANK(CK4,$CK$4:$CK$19)) -> 1 | CM4: =SUM(CC4,CE4,CG4,CI4,CK4) -> 372 | CN4: =IF(CM4=0,"",RANK(CM4,$CM$4:$CM$19)) -> 1
A5: 3 | B5: Jannusch, Jonas | C5: SON | D5: 65 | E5: 171 | F5: 35892 | H5: =IF(G5="",0,IF(G5<$H$1,50,IF(G5>18.7,0,VLOOKUP(G5,Liste_AT1!$A$3:$B$79,2,0)))) -> 0 | J5: =IF(I5="",0,IF(I5<$J$1,50,IF(I5>22.8,0,VLOOKUP(I5,Liste_AT1!$C$3:$D$125,2,0)))) -> 0 | L5: =IF(K5="",0,IF(K5<$L$1,50,IF(K5>29.2,0,VLOOKUP(K5,Liste_AT1!$E$3:$F$138,2,0)))) -> 0 | M5: 22.7 | N5: =IF(M5="",0,IF(M5<15,50,IF(M5>39.5,0,VLOOKUP(M5,Liste_AT1!$G$3:$H$248,2,0)))) -> 34 | P5: =IF(O5="",0,IF(O5<40,50,IF(O5>108,0,VLOOKUP(O5,Liste_AT1!$I$3:$J$71,2,0)))) -> 0 | R5: =IF(Q5>10,50,IF(Q5<1,0,IF(Q5="",0,VLOOKUP(Q5,Liste_AT1!$K$3:$L$21,2,0)))) -> 0 | T5: =IF(S5>10,50,IF(S5<1,0,VLOOKUP(S5,Liste_AT1!$M$3:$N$21,2,0))) -> 0 | V5: =IF(U5>5,35,IF(U5<1,0,VLOOKUP(U5,Liste_AT1!$O$3:$P$19,2))) -> 0 | W5: 9.3 | X5: =IF(W5>10,50,IF(W5<1,0,VLOOKUP(W5,Liste_AT1!$Q$3:$R$21,2))) -> 46 | Z5: =IF(Y5>10,50,IF(Y5<1,0,VLOOKUP(Y5,Liste_AT1!$S$3:$T$12,2))) -> 0 | AB5: =IF(AA5="",0,IF(AA5<3.8,50,IF(AA5>6.9,0,VLOOKUP(AA5,Liste_AT2!$A$3:$B$34,2)))) -> 0 | AD5: =IF(AC5="",0,IF(AC5<8.6,50,IF(AC5>12.1,0,VLOOKUP(AC5,Liste_AT2!$C$3:$D$38,2)))) -> 0 | AF5: =IF(AE5="",0,IF(AE5<160,50,IF(AE5>231,0,VLOOKUP(AE5,Liste_AT2!$F$3:$G$74,2)))) -> 0 | AG5: 504 | AH5: =IF(AG5="",0,IF(AG5<500,50,IF(AG5>626,0,VLOOKUP(AG5,Liste_AT2!$AU$3:$AW$66,3)))) -> 48 | AJ5: =IF(AI5="",0,IF(AI5<822,50,IF(AI5>948,0,VLOOKUP(AI5,Liste_AT2!$I$3:$J$66,2)))) -> 0 | AK5: 16.4 | AL5: =IF(AK5="",0,IF(AK5<15,50,IF(AK5>22.5,0,VLOOKUP(AK5,Liste_AT2!$K$3:$L$78,2)))) -> 36 | AN5: =IF(AM5="",0,IF(AM5<4,50,IF(AM5>9.4,0,VLOOKUP(AM5,Liste_AT2!$M$3:$N$57,2)))) -> 0 | AP5: =IF(AO5="",0,IF(AO5>33,50,IF(AO5<7,0,VLOOKUP(AO5,Liste_AT2!$Q$3:$R$29,2)))) -> 0 | AR5: =IF(AQ5="",0,IF(AQ5>17,50,IF(AQ5<1,0,VLOOKUP(AQ5,Liste_AT2!$U$3:$V$19,2)))) -> 0 | AT5: =IF(AS5="",0,IF(AS5>27,50,IF(AS5<6,0,VLOOKUP(AS5,Liste_AT2!$W$3:$X$24,2)))) -> 0 | AV5: =IF(AU5="",0,IF(AU5<3.7,50,IF(AU5>8,0,VLOOKUP(AU5,Liste_AT2!$AA$3:$AB$46,2)))) -> 0 | AX5: =IF(AW5="",0,IF(AW5<4,0,IF(AW5>10.1,50,VLOOKUP(AW5,Liste_AT2!$AC$3:$AD$62,2)))) -> 0 | AY5: 11.3 | AZ5: =IF(AY5="",0,IF(AY5>11.9,50,IF(AY5<5,0,VLOOKUP(AY5,Liste_AT2!$AE$3:$AF$72,2)))) -> 48 | BB5: =IF(BA5="",0,IF(BA5>45,50,IF(BA5<2,0,VLOOKUP(BA5,Liste_AT2!$AG$3:$AH$61,2)))) -> 0 | BD5: =IF(BC5="",0,IF(BC5>26,50,IF(BC5<4,0,VLOOKUP(BC5,Liste_AT2!$AI$3:$AJ$25,2)))) -> 0 | BE5: 16 | BF5: =IF(BE5="",0,IF(BE5>35,50,IF(BE5<14,0,VLOOKUP(BE5,Liste_AT2!$AK$3:$AL$24,2)))) -> 4 | BH5: =IF(BG5="",0,IF(BG5>36,50,IF(BG5<7,0,VLOOKUP(BG5,Liste_AT2!$AM$3:$AN$32,2)))) -> 0 | BJ5: =IF(BI5="",0,IF(BI5>45,50,IF(BI5<6,0,VLOOKUP(BI5,Liste_AT2!$AO$3:$AP$52,2)))) -> 0 | BK5: 2.15 | BL5: =IF(BK5="",0,IF(BK5>2.4,50,IF(BK5<1.15,0,VLOOKUP(BK5,Liste_AT2!$AQ$3:$AR$52,2)))) -> 37 | BM5: 44.4 | BN5: =IF(BM5="",0,IF(BM5<28,50,IF(BM5>62,0,VLOOKUP(BM5,Liste_AT2!$AS$3:$AT$343,2,0)))) -> 28 | BO5: 13.3 | BP5: =IF(BO5="",0,IF(BO5<1,0,IF(BO5>28,50,VLOOKUP(BO5,Liste_AT3!$A$3:$B$30,2)))) -> 22 | BR5: =IF(BQ5="",0,IF(BQ5<5,50,IF(BQ5>40,0,VLOOKUP(BQ5,Liste_AT3!$C$3:$D$38,2)))) -> 0 | BS5: 2.25 | BT5: =IF(BS5="",0,IF(BS5<1,50,IF(BS5>4.75,0,VLOOKUP(BS5,Liste_AT3!$E$3:$F$18,2)))) -> 29 | BV5: =IF(BU5="",0,IF(BU5<1,50,IF(BU5>4.75,0,VLOOKUP(BU5,Liste_AT3!$G$3:$H$18,2)))) -> 0 | BX5: =IF(BW5="",0,IF(BW5<1,50,IF(BW5>4.75,0,VLOOKUP(BW5,Liste_AT3!$G$3:$H$18,2)))) -> 0 | BZ5: =IF(BY5="",0,IF(BY5>40,0,VLOOKUP(BY5,Liste_AT3!$I$3:$J$43,2,2))) -> 0 | CB5: =IF(CA5="",0,IF(CA5>40,0,VLOOKUP(CA5,Liste_AT3!$I$3:$J$43,2,2))) -> 0 | CC5: =SUM(H5,J5,L5,N5,P5,R5,T5,V5,X5,Z5) -> 80 | CD5: =IF(CC5=0,"",RANK(CC5,$CC$4:$CC$19)) -> 5 | CE5: =SUM(AB5,AD5,AF5,AJ5,AL5,AN5,AH5) -> 84 | CF5: =IF(CE5=0,"",RANK(CE5,$CE$4:$CE$19)) -> 2 | CG5: =SUM(AP5,AR5,AT5,AV5,AX5,AZ5,BB5,BD5,BF5,BH5,BJ5,BL5,BN5) -> 117 | CH5: =IF(CG5=0,"",RANK(CG5,$CG$4:$CG$19)) -> 2 | CI5: =SUM(BP5,BR5) -> 22 | CJ5: =IF(CI5=0,"",RANK(CI5,$CI$4:$CI$19)) -> 8 | CK5: =SUM(BT5,BV5,BX5,BZ5,CB5) -> 29 | CL5: =IF(CK5=0,"",RANK(CK5,$CK$4:$CK$19)) -> 7 | CM5: =SUM(CC5,CE5,CG5,CI5,CK5) -> 332 | CN5: =IF(CM5=0,"",RANK(CM5,$CM$4:$CM$19)) -> 2
A6: 2 | B6: Langenhan, Max | C6: FRO | D6: 48.7 | E6: 156 | F6: 36212 | H6: =IF(G6="",0,IF(G6<$H$1,50,IF(G6>18.7,0,VLOOKUP(G6,Liste_AT1!$A$3:$B$79,2,0)))) -> 0 | J6: =IF(I6="",0,IF(I6<$J$1,50,IF(I6>22.8,0,VLOOKUP(I6,Liste_AT1!$C$3:$D$125,2,0)))) -> 0 | L6: =IF(K6="",0,IF(K6<$L$1,50,IF(K6>29.2,0,VLOOKUP(K6,Liste_AT1!$E$3:$F$138,2,0)))) -> 0 | M6: 21.5 | N6: =IF(M6="",0,IF(M6<15,50,IF(M6>39.5,0,VLOOKUP(M6,Liste_AT1!$G$3:$H$248,2,0)))) -> 37 | P6: =IF(O6="",0,IF(O6<40,50,IF(O6>108,0,VLOOKUP(O6,Liste_AT1!$I$3:$J$71,2,0)))) -> 0 | R6: =IF(Q6>10,50,IF(Q6<1,0,IF(Q6="",0,VLOOKUP(Q6,Liste_AT1!$K$3:$L$21,2,0)))) -> 0 | T6: =IF(S6>10,50,IF(S6<1,0,VLOOKUP(S6,Liste_AT1!$M$3:$N$21,2,0))) -> 0 | V6: =IF(U6>5,35,IF(U6<1,0,VLOOKUP(U6,Liste_AT1!$O$3:$P$19,2))) -> 0 | W6: 9.5 | X6: =IF(W6>10,50,IF(W6<1,0,VLOOKUP(W6,Liste_AT1!$Q$3:$R$21,2))) -> 48 | Z6: =IF(Y6>10,50,IF(Y6<1,0,VLOOKUP(Y6,Liste_AT1!$S$3:$T$12,2))) -> 0 | AB6: =IF(AA6="",0,IF(AA6<3.8,50,IF(AA6>6.9,0,VLOOKUP(AA6,Liste_AT2!$A$3:$B$34,2)))) -> 0 | AD6: =IF(AC6="",0,IF(AC6<8.6,50,IF(AC6>12.1,0,VLOOKUP(AC6,Liste_AT2!$C$3:$D$38,2)))) -> 0 | AF6: =IF(AE6="",0,IF(AE6<160,50,IF(AE6>231,0,VLOOKUP(AE6,Liste_AT2!$F$3:$G$74,2)))) -> 0 | AG6: 548 | AH6: =IF(AG6="",0,IF(AG6<500,50,IF(AG6>626,0,VLOOKUP(AG6,Liste_AT2!$AU$3:$AW$66,3)))) -> 26 | AJ6: =IF(AI6="",0,IF(AI6<822,50,IF(AI6>948,0,VLOOKUP(AI6,Liste_AT2!$I$3:$J$66,2)))) -> 0 | AK6: 16.6 | AL6: =IF(AK6="",0,IF(AK6<15,50,IF(AK6>22.5,0,VLOOKUP(AK6,Liste_AT2!$K$3:$L$78,2)))) -> 34 | AN6: =IF(AM6="",0,IF(AM6<4,50,IF(AM6>9.4,0,VLOOKUP(AM6,Liste_AT2!$M$3:$N$57,2)))) -> 0 | AP6: =IF(AO6="",0,IF(AO6>33,50,IF(AO6<7,0,VLOOKUP(AO6,Liste_AT2!$Q$3:$R$29,2)))) -> 0 | AR6: =IF(AQ6="",0,IF(AQ6>17,50,IF(AQ6<1,0,VLOOKUP(AQ6,Liste_AT2!$U$3:$V$19,2)))) -> 0 | AT6: =IF(AS6="",0,IF(AS6>27,50,IF(AS6<6,0,VLOOKUP(AS6,Liste_AT2!$W$3:$X$24,2)))) -> 0 | AV6: =IF(AU6="",0,IF(AU6<3.7,50,IF(AU6>8,0,VLOOKUP(AU6,Liste_AT2!$AA$3:$AB$46,2)))) -> 0 | AX6: =IF(AW6="",0,IF(AW6<4,0,IF(AW6>10.1,50,VLOOKUP(AW6,Liste_AT2!$AC$3:$AD$62,2)))) -> 0 | AY6: 8.8 | AZ6: =IF(AY6="",0,IF(AY6>11.9,50,IF(AY6<5,0,VLOOKUP(AY6,Liste_AT2!$AE$3:$AF$72,2)))) -> 29 | BB6: =IF(BA6="",0,IF(BA6>45,50,IF(BA6<2,0,VLOOKUP(BA6,Liste_AT2!$AG$3:$AH$61,2)))) -> 0 | BD6: =IF(BC6="",0,IF(BC6>26,50,IF(BC6<4,0,VLOOKUP(BC6,Liste_AT2!$AI$3:$AJ$25,2)))) -> 0 | BE6: 20 | BF6: =IF(BE6="",0,IF(BE6>35,50,IF(BE6<14,0,VLOOKUP(BE6,Liste_AT2!$AK$3:$AL$24,2)))) -> 12 | BH6: =IF(BG6="",0,IF(BG6>36,50,IF(BG6<7,0,VLOOKUP(BG6,Liste_AT2!$AM$3:$AN$32,2)))) -> 0 | BJ6: =IF(BI6="",0,IF(BI6>45,50,IF(BI6<6,0,VLOOKUP(BI6,Liste_AT2!$AO$3:$AP$52,2)))) -> 0 | BK6: 1.95 | BL6: =IF(BK6="",0,IF(BK6>2.4,50,IF(BK6<1.15,0,VLOOKUP(BK6,Liste_AT2!$AQ$3:$AR$52,2)))) -> 27 | BM6: 38.4 | BN6: =IF(BM6="",0,IF(BM6<28,50,IF(BM6>62,0,VLOOKUP(BM6,Liste_AT2!$AS$3:$AT$343,2,0)))) -> 39 | BO6: 19.8 | BP6: =IF(BO6="",0,IF(BO6<1,0,IF(BO6>28,50,VLOOKUP(BO6,Liste_AT3!$A$3:$B$30,2)))) -> 34 | BR6: =IF(BQ6="",0,IF(BQ6<5,50,IF(BQ6>40,0,VLOOKUP(BQ6,Liste_AT3!$C$3:$D$38,2)))) -> 0 | BS6: 2 | BT6: =IF(BS6="",0,IF(BS6<1,50,IF(BS6>4.75,0,VLOOKUP(BS6,Liste_AT3!$E$3:$F$18,2)))) -> 34 | BV6: =IF(BU6="",0,IF(BU6<1,50,IF(BU6>4.75,0,VLOOKUP(BU6,Liste_AT3!$G$3:$H$18,2)))) -> 0 | BX6: =IF(BW6="",0,IF(BW6<1,50,IF(BW6>4.75,0,VLOOKUP(BW6,Liste_AT3!$G$3:$H$18,2)))) -> 0 | BZ6: =IF(BY6="",0,IF(BY6>40,0,VLOOKUP(BY6,Liste_AT3!$I$3:$J$43,2,2))) -> 0 | CB6: =IF(CA6="",0,IF(CA6>40,0,VLOOKUP(CA6,Liste_AT3!$I$3:$J$43,2,2))) -> 0 | CC6: =SUM(H6,J6,L6,N6,P6,R6,T6,V6,X6,Z6) -> 85 | CD6: =IF(CC6=0,"",RANK(CC6,$CC$4:$CC$19)) -> 2 | CE6: =SUM(AB6,AD6,AF6,AJ6,AL6,AN6,AH6) -> 60 | CF6: =IF(CE6=0,"",RANK(CE6,$CE$4:$CE$19)) -> 4 | CG6: =SUM(AP6,AR6,AT6,AV6,AX6,AZ6,BB6,BD6,BF6,BH6,BJ6,BL6,BN6) -> 107 | CH6: =IF(CG6=0,"",RANK(CG6,$CG$4:$CG$19)) -> 5 | CI6: =SUM(BP6,BR6) -> 34 | CJ6: =IF(CI6=0,"",RANK(CI6,$CI$4:$CI$19)) -> 1 | CK6: =SUM(BT6,BV6,BX6,BZ6,CB6) -> 34 | CL6: =IF(CK6=0,"",RANK(CK6,$CK$4:$CK$19)) -> 3 | CM6: =SUM(CC6,CE6,CG6,CI6,CK6) -> 320 | CN6: =IF(CM6=0,"",RANK(CM6,$CM$4:$CM$19)) -> 3
A7: 4 | B7: Hoffmann, Lukas | C7: RTS | D7: 59.7 | E7: 168 | F7: 36348 | H7: =IF(G7="",0,IF(G7<$H$1,50,IF(G7>18.7,0,VLOOKUP(G7,Liste_AT1!$A$3:$B$79,2,0)))) -> 0 | J7: =IF(I7="",0,IF(I7<$J$1,50,IF(I7>22.8,0,VLOOKUP(I7,Liste_AT1!$C$3:$D$125,2,0)))) -> 0 | L7: =IF(K7="",0,IF(K7<$L$1,50,IF(K7>29.2,0,VLOOKUP(K7,Liste_AT1!$E$3:$F$138,2,0)))) -> 0 | M7: 19.2 | N7: =IF(M7="",0,IF(M7<15,50,IF(M7>39.5,0,VLOOKUP(M7,Liste_AT1!$G$3:$H$248,2,0)))) -> 41 | P7: =IF(O7="",0,IF(O7<40,50,IF(O7>108,0,VLOOKUP(O7,Liste_AT1!$I$3:$J$71,2,0)))) -> 0 | R7: =IF(Q7>10,50,IF(Q7<1,0,IF(Q7="",0,VLOOKUP(Q7,Liste_AT1!$K$3:$L$21,2,0)))) -> 0 | T7: =IF(S7>10,50,IF(S7<1,0,VLOOKUP(S7,Liste_AT1!$M$3:$N$21,2,0))) -> 0 | V7: =IF(U7>5,35,IF(U7<1,0,VLOOKUP(U7,Liste_AT1!$O$3:$P$19,2))) -> 0 | W7: 9.2 | X7: =IF(W7>10,50,IF(W7<1,0,VLOOKUP(W7,Liste_AT1!$Q$3:$R$21,2))) -> 46 | Z7: =IF(Y7>10,50,IF(Y7<1,0,VLOOKUP(Y7,Liste_AT1!$S$3:$T$12,2))) -> 0 | AB7: =IF(AA7="",0,IF(AA7<3.8,50,IF(AA7>6.9,0,VLOOKUP(AA7,Liste_AT2!$A$3:$B$34,2)))) -> 0 | AD7: =IF(AC7="",0,IF(AC7<8.6,50,IF(AC7>12.1,0,VLOOKUP(AC7,Liste_AT2!$C$3:$D$38,2)))) -> 0 | AF7: =IF(AE7="",0,IF(AE7<160,50,IF(AE7>231,0,VLOOKUP(AE7,Liste_AT2!$F$3:$G$74,2)))) -> 0 | AG7: 601 | AH7: =IF(AG7="",0,IF(AG7<500,50,IF(AG7>626,0,VLOOKUP(AG7,Liste_AT2!$AU$3:$AW$66,3)))) -> 7 | AJ7: =IF(AI7="",0,IF(AI7<822,50,IF(AI7>948,0,VLOOKUP(AI7,Liste_AT2!$I$3:$J$66,2)))) -> 0 | AK7: 16.9 | AL7: =IF(AK7="",0,IF(AK7<15,50,IF(AK7>22.5,0,VLOOKUP(AK7,Liste_AT2!$K$3:$L$78,2)))) -> 31 | AN7: =IF(AM7="",0,IF(AM7<4,50,IF(AM7>9.4,0,VLOOKUP(AM7,Liste_AT2!$M$3:$N$57,2)))) -> 0 | AP7: =IF(AO7="",0,IF(AO7>33,50,IF(AO7<7,0,VLOOKUP(AO7,Liste_AT2!$Q$3:$R$29,2)))) -> 0 | AR7: =IF(AQ7="",0,IF(AQ7>17,50,IF(AQ7<1,0,VLOOKUP(AQ7,Liste_AT2!$U$3:$V$19,2)))) -> 0 | AT7: =IF(AS7="",0,IF(AS7>27,50,IF(AS7<6,0,VLOOKUP(AS7,Liste_AT2!$W$3:$X$24,2)))) -> 0 | AV7: =IF(AU7="",0,IF(AU7<3.7,50,IF(AU7>8,0,VLOOKUP(AU7,Liste_AT2!$AA$3:$AB$46,2)))) -> 0 | AX7: =IF(AW7="",0,IF(AW7<4,0,IF(AW7>10.1,50,VLOOKUP(AW7,Liste_AT2!$AC$3:$AD$62,2)))) -> 0 | AY7: 9.6 | AZ7: =IF(AY7="",0,IF(AY7>11.9,50,IF(AY7<5,0,VLOOKUP(AY7,Liste_AT2!$AE$3:$AF$72,2)))) -> 37 | BB7: =IF(BA7="",0,IF(BA7>45,50,IF(BA7<2,0,VLOOKUP(BA7,Liste_AT2!$AG$3:$AH$61,2)))) -> 0 | BD7: =IF(BC7="",0,IF(BC7>26,50,IF(BC7<4,0,VLOOKUP(BC7,Liste_AT2!$AI$3:$AJ$25,2)))) -> 0 | BE7: 18 | BF7: =IF(BE7="",0,IF(BE7>35,50,IF(BE7<14,0,VLOOKUP(BE7,Liste_AT2!$AK$3:$AL$24,2)))) -> 8 | BH7: =IF(BG7="",0,IF(BG7>36,50,IF(BG7<7,0,VLOOKUP(BG7,Liste_AT2!$AM$3:$AN$32,2)))) -> 0 | BJ7: =IF(BI7="",0,IF(BI7>45,50,IF(BI7<6,0,VLOOKUP(BI7,Liste_AT2!$AO$3:$AP$52,2)))) -> 0 | BK7: 1.84 | BL7: =IF(BK7="",0,IF(BK7>2.4,50,IF(BK7<1.15,0,VLOOKUP(BK7,Liste_AT2!$AQ$3:$AR$52,2)))) -> 22 | BM7: 33.6 | BN7: =IF(BM7="",0,IF(BM7<28,50,IF(BM7>62,0,VLOOKUP(BM7,Liste_AT2!$AS$3:$AT$343,2,0)))) -> 44 | BO7: 16.4 | BP7: =IF(BO7="",0,IF(BO7<1,0,IF(BO7>28,50,VLOOKUP(BO7,Liste_AT3!$A$3:$B$30,2)))) -> 28 | BR7: =IF(BQ7="",0,IF(BQ7<5,50,IF(BQ7>40,0,VLOOKUP(BQ7,Liste_AT3!$C$3:$D$38,2)))) -> 0 | BS7: 2 | BT7: =IF(BS7="",0,IF(BS7<1,50,IF(BS7>4.75,0,VLOOKUP(BS7,Liste_AT3!$E$3:$F$18,2)))) -> 34 | BV7: =IF(BU7="",0,IF(BU7<1,50,IF(BU7>4.75,0,VLOOKUP(BU7,Liste_AT3!$G$3:$H$18,2)))) -> 0 | BX7: =IF(BW7="",0,IF(BW7<1,50,IF(BW7>4.75,0,VLOOKUP(BW7,Liste_AT3!$G$3:$H$18,2)))) -> 0 | BZ7: =IF(BY7="",0,IF(BY7>40,0,VLOOKUP(BY7,Liste_AT3!$I$3:$J$43,2,2))) -> 0 | CB7: =IF(CA7="",0,IF(CA7>40,0,VLOOKUP(CA7,Liste_AT3!$I$3:$J$43,2,2))) -> 0 | CC7: =SUM(H7,J7,L7,N7,P7,R7,T7,V7,X7,Z7) -> 87 | CD7: =IF(CC7=0,"",RANK(CC7,$CC$4:$CC$19)) -> 1 | CE7: =SUM(AB7,AD7,AF7,AJ7,AL7,AN7,AH7) -> 38 | CF7: =IF(CE7=0,"",RANK(CE7,$CE$4:$CE$19)) -> 7 | CG7: =SUM(AP7,AR7,AT7,AV7,AX7,AZ7,BB7,BD7,BF7,BH7,BJ7,BL7,BN7) -> 111 | CH7: =IF(CG7=0,"",RANK(CG7,$CG$4:$CG$19)) -> 4 | CI7: =SUM(BP7,BR7) -> 28 | CJ7: =IF(CI7=0,"",RANK(CI7,$CI$4:$CI$19)) -> 4 | CK7: =SUM(BT7,BV7,BX7,BZ7,CB7) -> 34 | CL7: =IF(CK7=0,"",RANK(CK7,$CK$4:$CK$19)) -> 3 | CM7: =SUM(CC7,CE7,CG7,CI7,CK7) -> 298 | CN7: =IF(CM7=0,"",RANK(CM7,$CM$4:$CM$19)) -> 4
A8: 5 | B8: Gubitz, Paul | C8: TSV ZM | D8: 54.5 | E8: 151 | F8: 36303 | H8: =IF(G8="",0,IF(G8<$H$1,50,IF(G8>18.7,0,VLOOKUP(G8,Liste_AT1!$A$3:$B$79,2,0)))) -> 0 | J8: =IF(I8="",0,IF(I8<$J$1,50,IF(I8>22.8,0,VLOOKUP(I8,Liste_AT1!$C$3:$D$125,2,0)))) -> 0 | L8: =IF(K8="",0,IF(K8<$L$1,50,IF(K8>29.2,0,VLOOKUP(K8,Liste_AT1!$E$3:$F$138,2,0)))) -> 0 | M8: 23.9 | N8: =IF(M8="",0,IF(M8<15,50,IF(M8>39.5,0,VLOOKUP(M8,Liste_AT1!$G$3:$H$248,2,0)))) -> 32 | P8: =IF(O8="",0,IF(O8<40,50,IF(O8>108,0,VLOOKUP(O8,Liste_AT1!$I$3:$J$71,2,0)))) -> 0 | R8: =IF(Q8>10,50,IF(Q8<1,0,IF(Q8="",0,VLOOKUP(Q8,Liste_AT1!$K$3:$L$21,2,0)))) -> 0 | T8: =IF(S8>10,50,IF(S8<1,0,VLOOKUP(S8,Liste_AT1!$M$3:$N$21,2,0))) -> 0 | V8: =IF(U8>5,35,IF(U8<1,0,VLOOKUP(U8,Liste_AT1!$O$3:$P$19,2))) -> 0 | W8: 9.3 | X8: =IF(W8>10,50,IF(W8<1,0,VLOOKUP(W8,Liste_AT1!$Q$3:$R$21,2))) -> 46 | Z8: =IF(Y8>10,50,IF(Y8<1,0,VLOOKUP(Y8,Liste_AT1!$S$3:$T$12,2))) -> 0 | AB8: =IF(AA8="",0,IF(AA8<3.8,50,IF(AA8>6.9,0,VLOOKUP(AA8,Liste_AT2!$A$3:$B$34,2)))) -> 0 | AD8: =IF(AC8="",0,IF(AC8<8.6,50,IF(AC8>12.1,0,VLOOKUP(AC8,Liste_AT2!$C$3:$D$38,2)))) -> 0 | AF8: =IF(AE8="",0,IF(AE8<160,50,IF(AE8>231,0,VLOOKUP(AE8,Liste_AT2!$F$3:$G$74,2)))) -> 0 | AG8: - | AH8: =IF(AG8="",0,IF(AG8<500,50,IF(AG8>626,0,VLOOKUP(AG8,Liste_AT2!$AU$3:$AW$66,3)))) -> 0 | AJ8: =IF(AI8="",0,IF(AI8<822,50,IF(AI8>948,0,VLOOKUP(AI8,Liste_AT2!$I$3:$J$66,2)))) -> 0 | AK8: 16.9 | AL8: =IF(AK8="",0,IF(AK8<15,50,IF(AK8>22.5,0,VLOOKUP(AK8,Liste_AT2!$K$3:$L$78,2)))) -> 31 | AN8: =IF(AM8="",0,IF(AM8<4,50,IF(AM8>9.4,0,VLOOKUP(AM8,Liste_AT2!$M$3:$N$57,2)))) -> 0 | AP8: =IF(AO8="",0,IF(AO8>33,50,IF(AO8<7,0,VLOOKUP(AO8,Liste_AT2!$Q$3:$R$29,2)))) -> 0 | AR8: =IF(AQ8="",0,IF(AQ8>17,50,IF(AQ8<1,0,VLOOKUP(AQ8,Liste_AT2!$U$3:$V$19,2)))) -> 0 | AT8: =IF(AS8="",0,IF(AS8>27,50,IF(AS8<6,0,VLOOKUP(AS8,Liste_AT2!$W$3:$X$24,2)))) -> 0 | AV8: =IF(AU8="",0,IF(AU8<3.7,50,IF(AU8>8,0,VLOOKUP(AU8,Liste_AT2!$AA$3:$AB$46,2)))) -> 0 | AX8: =IF(AW8="",0,IF(AW8<4,0,IF(AW8>10.1,50,VLOOKUP(AW8,Liste_AT2!$AC$3:$AD$62,2)))) -> 0 | AY8: 9.4 | AZ8: =IF(AY8="",0,IF(AY8>11.9,50,IF(AY8<5,0,VLOOKUP(AY8,Liste_AT2!$AE$3:$AF$72,2)))) -> 35 | BB8: =IF(BA8="",0,IF(BA8>45,50,IF(BA8<2,0,VLOOKUP(BA8,Liste_AT2!$AG$3:$AH$61,2)))) -> 0 | BD8: =IF(BC8="",0,IF(BC8>26,50,IF(BC8<4,0,VLOOKUP(BC8,Liste_AT2!$AI$3:$AJ$25,2)))) -> 0 | BE8: 22 | BF8: =IF(BE8="",0,IF(BE8>35,50,IF(BE8<14,0,VLOOKUP(BE8,Liste_AT2!$AK$3:$AL$24,2)))) -> 16 | BH8: =IF(BG8="",0,IF(BG8>36,50,IF(BG8<7,0,VLOOKUP(BG8,Liste_AT2!$AM$3:$AN$32,2)))) -> 0 | BJ8: =IF(BI8="",0,IF(BI8>45,50,IF(BI8<6,0,VLOOKUP(BI8,Liste_AT2!$AO$3:$AP$52,2)))) -> 0 | BK8: 1.77 | BL8: =IF(BK8="",0,IF(BK8>2.4,50,IF(BK8<1.15,0,VLOOKUP(BK8,Liste_AT2!$AQ$3:$AR$52,2)))) -> 18 | BM8: 32 | BN8: =IF(BM8="",0,IF(BM8<28,50,IF(BM8>62,0,VLOOKUP(BM8,Liste_AT2!$AS$3:$AT$343,2,0)))) -> 46 | BO8: 14.5 | BP8: =IF(BO8="",0,IF(BO8<1,0,IF(BO8>28,50,VLOOKUP(BO8,Liste_AT3!$A$3:$B$30,2)))) -> 24 | BR8: =IF(BQ8="",0,IF(BQ8<5,50,IF(BQ8>40,0,VLOOKUP(BQ8,Liste_AT3!$C$3:$D$38,2)))) -> 0 | BS8: 2 | BT8: =IF(BS8="",0,IF(BS8<1,50,IF(BS8>4.75,0,VLOOKUP(BS8,Liste_AT3!$E$3:$F$18,2)))) -> 34 | BV8: =IF(BU8="",0,IF(BU8<1,50,IF(BU8>4.75,0,VLOOKUP(BU8,Liste_AT3!$G$3:$H$18,2)))) -> 0 | BX8: =IF(BW8="",0,IF(BW8<1,50,IF(BW8>4.75,0,VLOOKUP(BW8,Liste_AT3!$G$3:$H$18,2)))) -> 0 | BZ8: =IF(BY8="",0,IF(BY8>40,0,VLOOKUP(BY8,Liste_AT3!$I$3:$J$43,2,2))) -> 0 | CB8: =IF(CA8="",0,IF(CA8>40,0,VLOOKUP(CA8,Liste_AT3!$I$3:$J$43,2,2))) -> 0 | CC8: =SUM(H8,J8,L8,N8,P8,R8,T8,V8,X8,Z8) -> 78 | CD8: =IF(CC8=0,"",RANK(CC8,$CC$4:$CC$19)) -> 6 | CE8: =SUM(AB8,AD8,AF8,AJ8,AL8,AN8,AH8) -> 31 | CF8: =IF(CE8=0,"",RANK(CE8,$CE$4:$CE$19)) -> 8 | CG8: =SUM(AP8,AR8,AT8,AV8,AX8,AZ8,BB8,BD8,BF8,BH8,BJ8,BL8,BN8) -> 115 | CH8: =IF(CG8=0,"",RANK(CG8,$CG$4:$CG$19)) -> 3 | CI8: =SUM(BP8,BR8) -> 24 | CJ8: =IF(CI8=0,"",RANK(CI8,$CI$4:$CI$19)) -> 7 | CK8: =SUM(BT8,BV8,BX8,BZ8,CB8) -> 34 | CL8: =IF(CK8=0,"",RANK(CK8,$CK$4:$CK$19)) -> 3 | CM8: =SUM(CC8,CE8,CG8,CI8,CK8) -> 282 | CN8: =IF(CM8=0,"",RANK(CM8,$CM$4:$CM$19)) -> 5
A9: 6 | B9: Schneider, Robin | C9: RCI | D9: 39.8 | E9: 151 | F9: 36513 | H9: =IF(G9="",0,IF(G9<$H$1,50,IF(G9>18.7,0,VLOOKUP(G9,Liste_AT1!$A$3:$B$79,2,0)))) -> 0 | J9: =IF(I9="",0,IF(I9<$J$1,50,IF(I9>22.8,0,VLOOKUP(I9,Liste_AT1!$C$3:$D$125,2,0)))) -> 0 | L9: =IF(K9="",0,IF(K9<$L$1,50,IF(K9>29.2,0,VLOOKUP(K9,Liste_AT1!$E$3:$F$138,2,0)))) -> 0 | M9: 28.2 | N9: =IF(M9="",0,IF(M9<15,50,IF(M9>39.5,0,VLOOKUP(M9,Liste_AT1!$G$3:$H$248,2,0)))) -> 23 | P9: =IF(O9="",0,IF(O9<40,50,IF(O9>108,0,VLOOKUP(O9,Liste_AT1!$I$3:$J$71,2,0)))) -> 0 | R9: =IF(Q9>10,50,IF(Q9<1,0,IF(Q9="",0,VLOOKUP(Q9,Liste_AT1!$K$3:$L$21,2,0)))) -> 0 | T9: =IF(S9>10,50,IF(S9<1,0,VLOOKUP(S9,Liste_AT1!$M$3:$N$21,2,0))) -> 0 | V9: =IF(U9>5,35,IF(U9<1,0,VLOOKUP(U9,Liste_AT1!$O$3:$P$19,2))) -> 0 | W9: 9.3 | X9: =IF(W9>10,50,IF(W9<1,0,VLOOKUP(W9,Liste_AT1!$Q$3:$R$21,2))) -> 46 | Z9: =IF(Y9>10,50,IF(Y9<1,0,VLOOKUP(Y9,Liste_AT1!$S$3:$T$12,2))) -> 0 | AB9: =IF(AA9="",0,IF(AA9<3.8,50,IF(AA9>6.9,0,VLOOKUP(AA9,Liste_AT2!$A$3:$B$34,2)))) -> 0 | AD9: =IF(AC9="",0,IF(AC9<8.6,50,IF(AC9>12.1,0,VLOOKUP(AC9,Liste_AT2!$C$3:$D$38,2)))) -> 0 | AF9: =IF(AE9="",0,IF(AE9<160,50,IF(AE9>231,0,VLOOKUP(AE9,Liste_AT2!$F$3:$G$74,2)))) -> 0 | AG9: 513 | AH9: =IF(AG9="",0,IF(AG9<500,50,IF(AG9>626,0,VLOOKUP(AG9,Liste_AT2!$AU$3:$AW$66,3)))) -> 44 | AJ9: =IF(AI9="",0,IF(AI9<822,50,IF(AI9>948,0,VLOOKUP(AI9,Liste_AT2!$I$3:$J$66,2)))) -> 0 | AK9: 17 | AL9: =IF(AK9="",0,IF(AK9<15,50,IF(AK9>22.5,0,VLOOKUP(AK9,Liste_AT2!$K$3:$L$78,2)))) -> 30 | AN9: =IF(AM9="",0,IF(AM9<4,50,IF(AM9>9.4,0,VLOOKUP(AM9,Liste_AT2!$M$3:$N$57,2)))) -> 0 | AP9: =IF(AO9="",0,IF(AO9>33,50,IF(AO9<7,0,VLOOKUP(AO9,Liste_AT2!$Q$3:$R$29,2)))) -> 0 | AR9: =IF(AQ9="",0,IF(AQ9>17,50,IF(AQ9<1,0,VLOOKUP(AQ9,Liste_AT2!$U$3:$V$19,2)))) -> 0 | AT9: =IF(AS9="",0,IF(AS9>27,50,IF(AS9<6,0,VLOOKUP(AS9,Liste_AT2!$W$3:$X$24,2)))) -> 0 | AV9: =IF(AU9="",0,IF(AU9<3.7,50,IF(AU9>8,0,VLOOKUP(AU9,Liste_AT2!$AA$3:$AB$46,2)))) -> 0 | AX9: =IF(AW9="",0,IF(AW9<4,0,IF(AW9>10.1,50,VLOOKUP(AW9,Liste_AT2!$AC$3:$AD$62,2)))) -> 0 | AY9: 6.7 | AZ9: =IF(AY9="",0,IF(AY9>11.9,50,IF(AY9<5,0,VLOOKUP(AY9,Liste_AT2!$AE$3:$AF$72,2)))) -> 9 | BB9: =IF(BA9="",0,IF(BA9>45,50,IF(BA9<2,0,VLOOKUP(BA9,Liste_AT2!$AG$3:$AH$61,2)))) -> 0 | BD9: =IF(BC9="",0,IF(BC9>26,50,IF(BC9<4,0,VLOOKUP(BC9,Liste_AT2!$AI$3:$AJ$25,2)))) -> 0 | BE9: 19 | BF9: =IF(BE9="",0,IF(BE9>35,50,IF(BE9<14,0,VLOOKUP(BE9,Liste_AT2!$AK$3:$AL$24,2)))) -> 10 | BH9: =IF(BG9="",0,IF(BG9>36,50,IF(BG9<7,0,VLOOKUP(BG9,Liste_AT2!$AM$3:$AN$32,2)))) -> 0 | BJ9: =IF(BI9="",0,IF(BI9>45,50,IF(BI9<6,0,VLOOKUP(BI9,Liste_AT2!$AO$3:$AP$52,2)))) -> 0 | BK9: 1.72 | BL9: =IF(BK9="",0,IF(BK9>2.4,50,IF(BK9<1.15,0,VLOOKUP(BK9,Liste_AT2!$AQ$3:$AR$52,2)))) -> 16 | BM9: 39.3 | BN9: =IF(BM9="",0,IF(BM9<28,50,IF(BM9>62,0,VLOOKUP(BM9,Liste_AT2!$AS$3:$AT$343,2,0)))) -> 38 | BO9: 9 | BP9: =IF(BO9="",0,IF(BO9<1,0,IF(BO9>28,50,VLOOKUP(BO9,Liste_AT3!$A$3:$B$30,2)))) -> 14 | BR9: =IF(BQ9="",0,IF(BQ9<5,50,IF(BQ9>40,0,VLOOKUP(BQ9,Liste_AT3!$C$3:$D$38,2)))) -> 0 | BS9: 2 | BT9: =IF(BS9="",0,IF(BS9<1,50,IF(BS9>4.75,0,VLOOKUP(BS9,Liste_AT3!$E$3:$F$18,2)))) -> 34 | BV9: =IF(BU9="",0,IF(BU9<1,50,IF(BU9>4.75,0,VLOOKUP(BU9,Liste_AT3!$G$3:$H$18,2)))) -> 0 | BX9: =IF(BW9="",0,IF(BW9<1,50,IF(BW9>4.75,0,VLOOKUP(BW9,Liste_AT3!$G$3:$H$18,2)))) -> 0 | BZ9: =IF(BY9="",0,IF(BY9>40,0,VLOOKUP(BY9,Liste_AT3!$I$3:$J$43,2,2))) -> 0 | CB9: =IF(CA9="",0,IF(CA9>40,0,VLOOKUP(CA9,Liste_AT3!$I$3:$J$43,2,2))) -> 0 | CC9: =SUM(H9,J9,L9,N9,P9,R9,T9,V9,X9,Z9) -> 69 | CD9: =IF(CC9=0,"",RANK(CC9,$CC$4:$CC$19)) -> 9 | CE9: =SUM(AB9,AD9,AF9,AJ9,AL9,AN9,AH9) -> 74 | CF9: =IF(CE9=0,"",RANK(CE9,$CE$4:$CE$19)) -> 3 | CG9: =SUM(AP9,AR9,AT9,AV9,AX9,AZ9,BB9,BD9,BF9,BH9,BJ9,BL9,BN9) -> 73 | CH9: =IF(CG9=0,"",RANK(CG9,$CG$4:$CG$19)) -> 9 | CI9: =SUM(BP9,BR9) -> 14 | CJ9: =IF(CI9=0,"",RANK(CI9,$CI$4:$CI$19)) -> 10 | CK9: =SUM(BT9,BV9,BX9,BZ9,CB9) -> 34 | CL9: =IF(CK9=0,"",RANK(CK9,$CK$4:$CK$19)) -> 3 | CM9: =SUM(CC9,CE9,CG9,CI9,CK9) -> 264 | CN9: =IF(CM9=0,"",RANK(CM9,$CM$4:$CM$19)) -> 6
A10: 16 | B10: Jaensch, Thomas | C10: RRC ZM | D10: 46.2 | E10: 164 | F10: 36539 | H10: =IF(G10="",0,IF(G10<$H$1,50,IF(G10>18.7,0,VLOOKUP(G10,Liste_AT1!$A$3:$B$79,2,0)))) -> 0 | J10: =IF(I10="",0,IF(I10<$J$1,50,IF(I10>22.8,0,VLOOKUP(I10,Liste_AT1!$C$3:$D$125,2,0)))) -> 0 | L10: =IF(K10="",0,IF(K10<$L$1,50,IF(K10>29.2,0,VLOOKUP(K10,Liste_AT1!$E$3:$F$138,2,0)))) -> 0 | M10: 28.9 | N10: =IF(M10="",0,IF(M10<15,50,IF(M10>39.5,0,VLOOKUP(M10,Liste_AT1!$G$3:$H$248,2,0)))) -> 22 | P10: =IF(O10="",0,IF(O10<40,50,IF(O10>108,0,VLOOKUP(O10,Liste_AT1!$I$3:$J$71,2,0)))) -> 0 | R10: =IF(Q10>10,50,IF(Q10<1,0,IF(Q10="",0,VLOOKUP(Q10,Liste_AT1!$K$3:$L$21,2,0)))) -> 0 | T10: =IF(S10>10,50,IF(S10<1,0,VLOOKUP(S10,Liste_AT1!$M$3:$N$21,2,0))) -> 0 | V10: =IF(U10>5,35,IF(U10<1,0,VLOOKUP(U10,Liste_AT1!$O$3:$P$19,2))) -> 0 | W10: 9.2 | X10: =IF(W10>10,50,IF(W10<1,0,VLOOKUP(W10,Liste_AT1!$Q$3:$R$21,2))) -> 46 | Z10: =IF(Y10>10,50,IF(Y10<1,0,VLOOKUP(Y10,Liste_AT1!$S$3:$T$12,2))) -> 0 | AB10: =IF(AA10="",0,IF(AA10<3.8,50,IF(AA10>6.9,0,VLOOKUP(AA10,Liste_AT2!$A$3:$B$34,2)))) -> 0 | AD10: =IF(AC10="",0,IF(AC10<8.6,50,IF(AC10>12.1,0,VLOOKUP(AC10,Liste_AT2!$C$3:$D$38,2)))) -> 0 | AF10: =IF(AE10="",0,IF(AE10<160,50,IF(AE10>231,0,VLOOKUP(AE10,Liste_AT2!$F$3:$G$74,2)))) -> 0 | AG10: 549 | AH10: =IF(AG10="",0,IF(AG10<500,50,IF(AG10>626,0,VLOOKUP(AG10,Liste_AT2!$AU$3:$AW$66,3)))) -> 26 | AJ10: =IF(AI10="",0,IF(AI10<822,50,IF(AI10>948,0,VLOOKUP(AI10,Liste_AT2!$I$3:$J$66,2)))) -> 0 | AK10: 18.3 | AL10: =IF(AK10="",0,IF(AK10<15,50,IF(AK10>22.5,0,VLOOKUP(AK10,Liste_AT2!$K$3:$L$78,2)))) -> 17 | AN10: =IF(AM10="",0,IF(AM10<4,50,IF(AM10>9.4,0,VLOOKUP(AM10,Liste_AT2!$M$3:$N$57,2)))) -> 0 | AP10: =IF(AO10="",0,IF(AO10>33,50,IF(AO10<7,0,VLOOKUP(AO10,Liste_AT2!$Q$3:$R$29,2)))) -> 0 | AR10: =IF(AQ10="",0,IF(AQ10>17,50,IF(AQ10<1,0,VLOOKUP(AQ10,Liste_AT2!$U$3:$V$19,2)))) -> 0 | AT10: =IF(AS10="",0,IF(AS10>27,50,IF(AS10<6,0,VLOOKUP(AS10,Liste_AT2!$W$3:$X$24,2)))) -> 0 | AV10: =IF(AU10="",0,IF(AU10<3.7,50,IF(AU10>8,0,VLOOKUP(AU10,Liste_AT2!$AA$3:$AB$46,2)))) -> 0 | AX10: =IF(AW10="",0,IF(AW10<4,0,IF(AW10>10.1,50,VLOOKUP(AW10,Liste_AT2!$AC$3:$AD$62,2)))) -> 0 | AY10: 8 | AZ10: =IF(AY10="",0,IF(AY10>11.9,50,IF(AY10<5,0,VLOOKUP(AY10,Liste_AT2!$AE$3:$AF$72,2)))) -> 21 | BB10: =IF(BA10="",0,IF(BA10>45,50,IF(BA10<2,0,VLOOKUP(BA10,Liste_AT2!$AG$3:$AH$61,2)))) -> 0 | BD10: =IF(BC10="",0,IF(BC10>26,50,IF(BC10<4,0,VLOOKUP(BC10,Liste_AT2!$AI$3:$AJ$25,2)))) -> 0 | BE10: 17 | BF10: =IF(BE10="",0,IF(BE10>35,50,IF(BE10<14,0,VLOOKUP(BE10,Liste_AT2!$AK$3:$AL$24,2)))) -> 6 | BH10: =IF(BG10="",0,IF(BG10>36,50,IF(BG10<7,0,VLOOKUP(BG10,Liste_AT2!$AM$3:$AN$32,2)))) -> 0 | BJ10: =IF(BI10="",0,IF(BI10>45,50,IF(BI10<6,0,VLOOKUP(BI10,Liste_AT2!$AO$3:$AP$52,2)))) -> 0 | BK10: 1.63 | BL10: =IF(BK10="",0,IF(BK10>2.4,50,IF(BK10<1.15,0,VLOOKUP(BK10,Liste_AT2!$AQ$3:$AR$52,2)))) -> 11 | BM10: 39.9 | BN10: =IF(BM10="",0,IF(BM10<28,50,IF(BM10>62,0,VLOOKUP(BM10,Liste_AT2!$AS$3:$AT$343,2,0)))) -> 37 | BO10: 15 | BP10: =IF(BO10="",0,IF(BO10<1,0,IF(BO10>28,50,VLOOKUP(BO10,Liste_AT3!$A$3:$B$30,2)))) -> 26 | BR10: =IF(BQ10="",0,IF(BQ10<5,50,IF(BQ10>40,0,VLOOKUP(BQ10,Liste_AT3!$C$3:$D$38,2)))) -> 0 | BS10: 1.75 | BT10: =IF(BS10="",0,IF(BS10<1,50,IF(BS10>4.75,0,VLOOKUP(BS10,Liste_AT3!$E$3:$F$18,2)))) -> 38 | BV10: =IF(BU10="",0,IF(BU10<1,50,IF(BU10>4.75,0,VLOOKUP(BU10,Liste_AT3!$G$3:$H$18,2)))) -> 0 | BX10: =IF(BW10="",0,IF(BW10<1,50,IF(BW10>4.75,0,VLOOKUP(BW10,Liste_AT3!$G$3:$H$18,2)))) -> 0 | BZ10: =IF(BY10="",0,IF(BY10>40,0,VLOOKUP(BY10,Liste_AT3!$I$3:$J$43,2,2))) -> 0 | CB10: =IF(CA10="",0,IF(CA10>40,0,VLOOKUP(CA10,Liste_AT3!$I$3:$J$43,2,2))) -> 0 | CC10: =SUM(H10,J10,L10,N10,P10,R10,T10,V10,X10,Z10) -> 68 | CD10: =IF(CC10=0,"",RANK(CC10,$CC$4:$CC$19)) -> 10 | CE10: =SUM(AB10,AD10,AF10,AJ10,AL10,AN10,AH10) -> 43 | CF10: =IF(CE10=0,"",RANK(CE10,$CE$4:$CE$19)) -> 6 | CG10: =SUM(AP10,AR10,AT10,AV10,AX10,AZ10,BB10,BD10,BF10,BH10,BJ10,BL10,BN10) -> 75 | CH10: =IF(CG10=0,"",RANK(CG10,$CG$4:$CG$19)) -> 8 | CI10: =SUM(BP10,BR10) -> 26 | CJ10: =IF(CI10=0,"",RANK(CI10,$CI$4:$CI$19)) -> 5 | CK10: =SUM(BT10,BV10,BX10,BZ10,CB10) -> 38 | CL10: =IF(CK10=0,"",RANK(CK10,$CK$4:$CK$19)) -> 2 | CM10: =SUM(CC10,CE10,CG10,CI10,CK10) -> 250 | CN10: =IF(CM10=0,"",RANK(CM10,$CM$4:$CM$19)) -> 7
A11: 9 | B11: Orlamünder, Hannes | C11: RRC ZM | D11: 51.7 | E11: 165 | F11: 36365 | H11: =IF(G11="",0,IF(G11<$H$1,50,IF(G11>18.7,0,VLOOKUP(G11,Liste_AT1!$A$3:$B$79,2,0)))) -> 0 | J11: =IF(I11="",0,IF(I11<$J$1,50,IF(I11>22.8,0,VLOOKUP(I11,Liste_AT1!$C$3:$D$125,2,0)))) -> 0 | L11: =IF(K11="",0,IF(K11<$L$1,50,IF(K11>29.2,0,VLOOKUP(K11,Liste_AT1!$E$3:$F$138,2,0)))) -> 0 | M11: 31.9 | N11: =IF(M11="",0,IF(M11<15,50,IF(M11>39.5,0,VLOOKUP(M11,Liste_AT1!$G$3:$H$248,2,0)))) -> 16 | P11: =IF(O11="",0,IF(O11<40,50,IF(O11>108,0,VLOOKUP(O11,Liste_AT1!$I$3:$J$71,2,0)))) -> 0 | R11: =IF(Q11>10,50,IF(Q11<1,0,IF(Q11="",0,VLOOKUP(Q11,Liste_AT1!$K$3:$L$21,2,0)))) -> 0 | T11: =IF(S11>10,50,IF(S11<1,0,VLOOKUP(S11,Liste_AT1!$M$3:$N$21,2,0))) -> 0 | V11: =IF(U11>5,35,IF(U11<1,0,VLOOKUP(U11,Liste_AT1!$O$3:$P$19,2))) -> 0 | W11: 9.3 | X11: =IF(W11>10,50,IF(W11<1,0,VLOOKUP(W11,Liste_AT1!$Q$3:$R$21,2))) -> 46 | Z11: =IF(Y11>10,50,IF(Y11<1,0,VLOOKUP(Y11,Liste_AT1!$S$3:$T$12,2))) -> 0 | AB11: =IF(AA11="",0,IF(AA11<3.8,50,IF(AA11>6.9,0,VLOOKUP(AA11,Liste_AT2!$A$3:$B$34,2)))) -> 0 | AD11: =IF(AC11="",0,IF(AC11<8.6,50,IF(AC11>12.1,0,VLOOKUP(AC11,Liste_AT2!$C$3:$D$38,2)))) -> 0 | AF11: =IF(AE11="",0,IF(AE11<160,50,IF(AE11>231,0,VLOOKUP(AE11,Liste_AT2!$F$3:$G$74,2)))) -> 0 | AG11: 602 | AH11: =IF(AG11="",0,IF(AG11<500,50,IF(AG11>626,0,VLOOKUP(AG11,Liste_AT2!$AU$3:$AW$66,3)))) -> 7 | AJ11: =IF(AI11="",0,IF(AI11<822,50,IF(AI11>948,0,VLOOKUP(AI11,Liste_AT2!$I$3:$J$66,2)))) -> 0 | AK11: 17.9 | AL11: =IF(AK11="",0,IF(AK11<15,50,IF(AK11>22.5,0,VLOOKUP(AK11,Liste_AT2!$K$3:$L$78,2)))) -> 21 | AN11: =IF(AM11="",0,IF(AM11<4,50,IF(AM11>9.4,0,VLOOKUP(AM11,Liste_AT2!$M$3:$N$57,2)))) -> 0 | AP11: =IF(AO11="",0,IF(AO11>33,50,IF(AO11<7,0,VLOOKUP(AO11,Liste_AT2!$Q$3:$R$29,2)))) -> 0 | AR11: =IF(AQ11="",0,IF(AQ11>17,50,IF(AQ11<1,0,VLOOKUP(AQ11,Liste_AT2!$U$3:$V$19,2)))) -> 0 | AT11: =IF(AS11="",0,IF(AS11>27,50,IF(AS11<6,0,VLOOKUP(AS11,Liste_AT2!$W$3:$X$24,2)))) -> 0 | AV11: =IF(AU11="",0,IF(AU11<3.7,50,IF(AU11>8,0,VLOOKUP(AU11,Liste_AT2!$AA$3:$AB$46,2)))) -> 0 | AX11: =IF(AW11="",0,IF(AW11<4,0,IF(AW11>10.1,50,VLOOKUP(AW11,Liste_AT2!$AC$3:$AD$62,2)))) -> 0 | AY11: 9.1 | AZ11: =IF(AY11="",0,IF(AY11>11.9,50,IF(AY11<5,0,VLOOKUP(AY11,Liste_AT2!$AE$3:$AF$72,2)))) -> 32 | BB11: =IF(BA11="",0,IF(BA11>45,50,IF(BA11<2,0,VLOOKUP(BA11,Liste_AT2!$AG$3:$AH$61,2)))) -> 0 | BD11: =IF(BC11="",0,IF(BC11>26,50,IF(BC11<4,0,VLOOKUP(BC11,Liste_AT2!$AI$3:$AJ$25,2)))) -> 0 | BE11: 13 | BF11: =IF(BE11="",0,IF(BE11>35,50,IF(BE11<14,0,VLOOKUP(BE11,Liste_AT2!$AK$3:$AL$24,2)))) -> 0 | BH11: =IF(BG11="",0,IF(BG11>36,50,IF(BG11<7,0,VLOOKUP(BG11,Liste_AT2!$AM$3:$AN$32,2)))) -> 0 | BJ11: =IF(BI11="",0,IF(BI11>45,50,IF(BI11<6,0,VLOOKUP(BI11,Liste_AT2!$AO$3:$AP$52,2)))) -> 0 | BK11: 1.91 | BL11: =IF(BK11="",0,IF(BK11>2.4,50,IF(BK11<1.15,0,VLOOKUP(BK11,Liste_AT2!$AQ$3:$AR$52,2)))) -> 25 | BM11: 41 | BN11: =IF(BM11="",0,IF(BM11<28,50,IF(BM11>62,0,VLOOKUP(BM11,Liste_AT2!$AS$3:$AT$343,2,0)))) -> 35 | BO11: 17.5 | BP11: =IF(BO11="",0,IF(BO11<1,0,IF(BO11>28,50,VLOOKUP(BO11,Liste_AT3!$A$3:$B$30,2)))) -> 30 | BR11: =IF(BQ11="",0,IF(BQ11<5,50,IF(BQ11>40,0,VLOOKUP(BQ11,Liste_AT3!$C$3:$D$38,2)))) -> 0 | BS11: 2.25 | BT11: =IF(BS11="",0,IF(BS11<1,50,IF(BS11>4.75,0,VLOOKUP(BS11,Liste_AT3!$E$3:$F$18,2)))) -> 29 | BV11: =IF(BU11="",0,IF(BU11<1,50,IF(BU11>4.75,0,VLOOKUP(BU11,Liste_AT3!$G$3:$H$18,2)))) -> 0 | BX11: =IF(BW11="",0,IF(BW11<1,50,IF(BW11>4.75,0,VLOOKUP(BW11,Liste_AT3!$G$3:$H$18,2)))) -> 0 | BZ11: =IF(BY11="",0,IF(BY11>40,0,VLOOKUP(BY11,Liste_AT3!$I$3:$J$43,2,2))) -> 0 | CB11: =IF(CA11="",0,IF(CA11>40,0,VLOOKUP(CA11,Liste_AT3!$I$3:$J$43,2,2))) -> 0 | CC11: =SUM(H11,J11,L11,N11,P11,R11,T11,V11,X11,Z11) -> 62 | CD11: =IF(CC11=0,"",RANK(CC11,$CC$4:$CC$19)) -> 12 | CE11: =SUM(AB11,AD11,AF11,AJ11,AL11,AN11,AH11) -> 28 | CF11: =IF(CE11=0,"",RANK(CE11,$CE$4:$CE$19)) -> 10 | CG11: =SUM(AP11,AR11,AT11,AV11,AX11,AZ11,BB11,BD11,BF11,BH11,BJ11,BL11,BN11) -> 92 | CH11: =IF(CG11=0,"",RANK(CG11,$CG$4:$CG$19)) -> 6 | CI11: =SUM(BP11,BR11) -> 30 | CJ11: =IF(CI11=0,"",RANK(CI11,$CI$4:$CI$19)) -> 2 | CK11: =SUM(BT11,BV11,BX11,BZ11,CB11) -> 29 | CL11: =IF(CK11=0,"",RANK(CK11,$CK$4:$CK$19)) -> 7 | CM11: =SUM(CC11,CE11,CG11,CI11,CK11) -> 241 | CN11: =IF(CM11=0,"",RANK(CM11,$CM$4:$CM$19)) -> 8
A12: 11 | B12: Juchheim, Leon | C12: RCI | D12: 39.4 | E12: 152 | F12: 36329 | H12: =IF(G12="",0,IF(G12<$H$1,50,IF(G12>18.7,0,VLOOKUP(G12,Liste_AT1!$A$3:$B$79,2,0)))) -> 0 | J12: =IF(I12="",0,IF(I12<$J$1,50,IF(I12>22.8,0,VLOOKUP(I12,Liste_AT1!$C$3:$D$125,2,0)))) -> 0 | L12: =IF(K12="",0,IF(K12<$L$1,50,IF(K12>29.2,0,VLOOKUP(K12,Liste_AT1!$E$3:$F$138,2,0)))) -> 0 | M12: 22.2 | N12: =IF(M12="",0,IF(M12<15,50,IF(M12>39.5,0,VLOOKUP(M12,Liste_AT1!$G$3:$H$248,2,0)))) -> 35 | P12: =IF(O12="",0,IF(O12<40,50,IF(O12>108,0,VLOOKUP(O12,Liste_AT1!$I$3:$J$71,2,0)))) -> 0 | R12: =IF(Q12>10,50,IF(Q12<1,0,IF(Q12="",0,VLOOKUP(Q12,Liste_AT1!$K$3:$L$21,2,0)))) -> 0 | T12: =IF(S12>10,50,IF(S12<1,0,VLOOKUP(S12,Liste_AT1!$M$3:$N$21,2,0))) -> 0 | V12: =IF(U12>5,35,IF(U12<1,0,VLOOKUP(U12,Liste_AT1!$O$3:$P$19,2))) -> 0 | W12: 9 | X12: =IF(W12>10,50,IF(W12<1,0,VLOOKUP(W12,Liste_AT1!$Q$3:$R$21,2))) -> 46 | Z12: =IF(Y12>10,50,IF(Y12<1,0,VLOOKUP(Y12,Liste_AT1!$S$3:$T$12,2))) -> 0 | AB12: =IF(AA12="",0,IF(AA12<3.8,50,IF(AA12>6.9,0,VLOOKUP(AA12,Liste_AT2!$A$3:$B$34,2)))) -> 0 | AD12: =IF(AC12="",0,IF(AC12<8.6,50,IF(AC12>12.1,0,VLOOKUP(AC12,Liste_AT2!$C$3:$D$38,2)))) -> 0 | AF12: =IF(AE12="",0,IF(AE12<160,50,IF(AE12>231,0,VLOOKUP(AE12,Liste_AT2!$F$3:$G$74,2)))) -> 0 | AG12: 544 | AH12: =IF(AG12="",0,IF(AG12<500,50,IF(AG12>626,0,VLOOKUP(AG12,Liste_AT2!$AU$3:$AW$66,3)))) -> 28 | AJ12: =IF(AI12="",0,IF(AI12<822,50,IF(AI12>948,0,VLOOKUP(AI12,Liste_AT2!$I$3:$J$66,2)))) -> 0 | AK12: 18.2 | AL12: =IF(AK12="",0,IF(AK12<15,50,IF(AK12>22.5,0,VLOOKUP(AK12,Liste_AT2!$K$3:$L$78,2)))) -> 18 | AN12: =IF(AM12="",0,IF(AM12<4,50,IF(AM12>9.4,0,VLOOKUP(AM12,Liste_AT2!$M$3:$N$57,2)))) -> 0 | AP12: =IF(AO12="",0,IF(AO12>33,50,IF(AO12<7,0,VLOOKUP(AO12,Liste_AT2!$Q$3:$R$29,2)))) -> 0 | AR12: =IF(AQ12="",0,IF(AQ12>17,50,IF(AQ12<1,0,VLOOKUP(AQ12,Liste_AT2!$U$3:$V$19,2)))) -> 0 | AT12: =IF(AS12="",0,IF(AS12>27,50,IF(AS12<6,0,VLOOKUP(AS12,Liste_AT2!$W$3:$X$24,2)))) -> 0 | AV12: =IF(AU12="",0,IF(AU12<3.7,50,IF(AU12>8,0,VLOOKUP(AU12,Liste_AT2!$AA$3:$AB$46,2)))) -> 0 | AX12: =IF(AW12="",0,IF(AW12<4,0,IF(AW12>10.1,50,VLOOKUP(AW12,Liste_AT2!$AC$3:$AD$62,2)))) -> 0 | AY12: 4.8 | AZ12: =IF(AY12="",0,IF(AY12>11.9,50,IF(AY12<5,0,VLOOKUP(AY12,Liste_AT2!$AE$3:$AF$72,2)))) -> 0 | BB12: =IF(BA12="",0,IF(BA12>45,50,IF(BA12<2,0,VLOOKUP(BA12,Liste_AT2!$AG$3:$AH$61,2)))) -> 0 | BD12: =IF(BC12="",0,IF(BC12>26,50,IF(BC12<4,0,VLOOKUP(BC12,Liste_AT2!$AI$3:$AJ$25,2)))) -> 0 | BE12: 19 | BF12: =IF(BE12="",0,IF(BE12>35,50,IF(BE12<14,0,VLOOKUP(BE12,Liste_AT2!$AK$3:$AL$24,2)))) -> 10 | BH12: =IF(BG12="",0,IF(BG12>36,50,IF(BG12<7,0,VLOOKUP(BG12,Liste_AT2!$AM$3:$AN$32,2)))) -> 0 | BJ12: =IF(BI12="",0,IF(BI12>45,50,IF(BI12<6,0,VLOOKUP(BI12,Liste_AT2!$AO$3:$AP$52,2)))) -> 0 | BK12: 1.49 | BL12: =IF(BK12="",0,IF(BK12>2.4,50,IF(BK12<1.15,0,VLOOKUP(BK12,Liste_AT2!$AQ$3:$AR$52,2)))) -> 7 | BM12: 38.6 | BN12: =IF(BM12="",0,IF(BM12<28,50,IF(BM12>62,0,VLOOKUP(BM12,Liste_AT2!$AS$3:$AT$343,2,0)))) -> 39 | BO12: 8.7 | BP12: =IF(BO12="",0,IF(BO12<1,0,IF(BO12>28,50,VLOOKUP(BO12,Liste_AT3!$A$3:$B$30,2)))) -> 12 | BR12: =IF(BQ12="",0,IF(BQ12<5,50,IF(BQ12>40,0,VLOOKUP(BQ12,Liste_AT3!$C$3:$D$38,2)))) -> 0 | BS12: 2.5 | BT12: =IF(BS12="",0,IF(BS12<1,50,IF(BS12>4.75,0,VLOOKUP(BS12,Liste_AT3!$E$3:$F$18,2)))) -> 25 | BV12: =IF(BU12="",0,IF(BU12<1,50,IF(BU12>4.75,0,VLOOKUP(BU12,Liste_AT3!$G$3:$H$18,2)))) -> 0 | BX12: =IF(BW12="",0,IF(BW12<1,50,IF(BW12>4.75,0,VLOOKUP(BW12,Liste_AT3!$G$3:$H$18,2)))) -> 0 | BZ12: =IF(BY12="",0,IF(BY12>40,0,VLOOKUP(BY12,Liste_AT3!$I$3:$J$43,2,2))) -> 0 | CB12: =IF(CA12="",0,IF(CA12>40,0,VLOOKUP(CA12,Liste_AT3!$I$3:$J$43,2,2))) -> 0 | CC12: =SUM(H12,J12,L12,N12,P12,R12,T12,V12,X12,Z12) -> 81 | CD12: =IF(CC12=0,"",RANK(CC12,$CC$4:$CC$19)) -> 3 | CE12: =SUM(AB12,AD12,AF12,AJ12,AL12,AN12,AH12) -> 46 | CF12: =IF(CE12=0,"",RANK(CE12,$CE$4:$CE$19)) -> 5 | CG12: =SUM(AP12,AR12,AT12,AV12,AX12,AZ12,BB12,BD12,BF12,BH12,BJ12,BL12,BN12) -> 56 | CH12: =IF(CG12=0,"",RANK(CG12,$CG$4:$CG$19)) -> 15 | CI12: =SUM(BP12,BR12) -> 12 | CJ12: =IF(CI12=0,"",RANK(CI12,$CI$4:$CI$19)) -> 12 | CK12: =SUM(BT12,BV12,BX12,BZ12,CB12) -> 25 | CL12: =IF(CK12=0,"",RANK(CK12,$CK$4:$CK$19)) -> 10 | CM12: =SUM(CC12,CE12,CG12,CI12,CK12) -> 220 | CN12: =IF(CM12=0,"",RANK(CM12,$CM$4:$CM$19)) -> 9
A13: 12 | B13: Kluczenski, Sascha | C13: FRO | D13: 46.7 | E13: 148 | F13: 36509 | H13: =IF(G13="",0,IF(G13<$H$1,50,IF(G13>18.7,0,VLOOKUP(G13,Liste_AT1!$A$3:$B$79,2,0)))) -> 0 | J13: =IF(I13="",0,IF(I13<$J$1,50,IF(I13>22.8,0,VLOOKUP(I13,Liste_AT1!$C$3:$D$125,2,0)))) -> 0 | L13: =IF(K13="",0,IF(K13<$L$1,50,IF(K13>29.2,0,VLOOKUP(K13,Liste_AT1!$E$3:$F$138,2,0)))) -> 0 | M13: 23.2 | N13: =IF(M13="",0,IF(M13<15,50,IF(M13>39.5,0,VLOOKUP(M13,Liste_AT1!$G$3:$H$248,2,0)))) -> 33 | P13: =IF(O13="",0,IF(O13<40,50,IF(O13>108,0,VLOOKUP(O13,Liste_AT1!$I$3:$J$71,2,0)))) -> 0 | R13: =IF(Q13>10,50,IF(Q13<1,0,IF(Q13="",0,VLOOKUP(Q13,Liste_AT1!$K$3:$L$21,2,0)))) -> 0 | T13: =IF(S13>10,50,IF(S13<1,0,VLOOKUP(S13,Liste_AT1!$M$3:$N$21,2,0))) -> 0 | V13: =IF(U13>5,35,IF(U13<1,0,VLOOKUP(U13,Liste_AT1!$O$3:$P$19,2))) -> 0 | W13: 8.9 | X13: =IF(W13>10,50,IF(W13<1,0,VLOOKUP(W13,Liste_AT1!$Q$3:$R$21,2))) -> 43 | Z13: =IF(Y13>10,50,IF(Y13<1,0,VLOOKUP(Y13,Liste_AT1!$S$3:$T$12,2))) -> 0 | AB13: =IF(AA13="",0,IF(AA13<3.8,50,IF(AA13>6.9,0,VLOOKUP(AA13,Liste_AT2!$A$3:$B$34,2)))) -> 0 | AD13: =IF(AC13="",0,IF(AC13<8.6,50,IF(AC13>12.1,0,VLOOKUP(AC13,Liste_AT2!$C$3:$D$38,2)))) -> 0 | AF13: =IF(AE13="",0,IF(AE13<160,50,IF(AE13>231,0,VLOOKUP(AE13,Liste_AT2!$F$3:$G$74,2)))) -> 0 | AG13: 603 | AH13: =IF(AG13="",0,IF(AG13<500,50,IF(AG13>626,0,VLOOKUP(AG13,Liste_AT2!$AU$3:$AW$66,3)))) -> 7 | AJ13: =IF(AI13="",0,IF(AI13<822,50,IF(AI13>948,0,VLOOKUP(AI13,Liste_AT2!$I$3:$J$66,2)))) -> 0 | AK13: 17.8 | AL13: =IF(AK13="",0,IF(AK13<15,50,IF(AK13>22.5,0,VLOOKUP(AK13,Liste_AT2!$K$3:$L$78,2)))) -> 22 | AN13: =IF(AM13="",0,IF(AM13<4,50,IF(AM13>9.4,0,VLOOKUP(AM13,Liste_AT2!$M$3:$N$57,2)))) -> 0 | AP13: =IF(AO13="",0,IF(AO13>33,50,IF(AO13<7,0,VLOOKUP(AO13,Liste_AT2!$Q$3:$R$29,2)))) -> 0 | AR13: =IF(AQ13="",0,IF(AQ13>17,50,IF(AQ13<1,0,VLOOKUP(AQ13,Liste_AT2!$U$3:$V$19,2)))) -> 0 | AT13: =IF(AS13="",0,IF(AS13>27,50,IF(AS13<6,0,VLOOKUP(AS13,Liste_AT2!$W$3:$X$24,2)))) -> 0 | AV13: =IF(AU13="",0,IF(AU13<3.7,50,IF(AU13>8,0,VLOOKUP(AU13,Liste_AT2!$AA$3:$AB$46,2)))) -> 0 | AX13: =IF(AW13="",0,IF(AW13<4,0,IF(AW13>10.1,50,VLOOKUP(AW13,Liste_AT2!$AC$3:$AD$62,2)))) -> 0 | AY13: 6.1 | AZ13: =IF(AY13="",0,IF(AY13>11.9,50,IF(AY13<5,0,VLOOKUP(AY13,Liste_AT2!$AE$3:$AF$72,2)))) -> 6 | BB13: =IF(BA13="",0,IF(BA13>45,50,IF(BA13<2,0,VLOOKUP(BA13,Liste_AT2!$AG$3:$AH$61,2)))) -> 0 | BD13: =IF(BC13="",0,IF(BC13>26,50,IF(BC13<4,0,VLOOKUP(BC13,Liste_AT2!$AI$3:$AJ$25,2)))) -> 0 | BE13: 19 | BF13: =IF(BE13="",0,IF(BE13>35,50,IF(BE13<14,0,VLOOKUP(BE13,Liste_AT2!$AK$3:$AL$24,2)))) -> 10 | BH13: =IF(BG13="",0,IF(BG13>36,50,IF(BG13<7,0,VLOOKUP(BG13,Liste_AT2!$AM$3:$AN$32,2)))) -> 0 | BJ13: =IF(BI13="",0,IF(BI13>45,50,IF(BI13<6,0,VLOOKUP(BI13,Liste_AT2!$AO$3:$AP$52,2)))) -> 0 | BK13: 1.6 | BL13: =IF(BK13="",0,IF(BK13>2.4,50,IF(BK13<1.15,0,VLOOKUP(BK13,Liste_AT2!$AQ$3:$AR$52,2)))) -> 10 | BM13: 40.3 | BN13: =IF(BM13="",0,IF(BM13<28,50,IF(BM13>62,0,VLOOKUP(BM13,Liste_AT2!$AS$3:$AT$343,2,0)))) -> 36 | BO13: 15 | BP13: =IF(BO13="",0,IF(BO13<1,0,IF(BO13>28,50,VLOOKUP(BO13,Liste_AT3!$A$3:$B$30,2)))) -> 26 | BR13: =IF(BQ13="",0,IF(BQ13<5,50,IF(BQ13>40,0,VLOOKUP(BQ13,Liste_AT3!$C$3:$D$38,2)))) -> 0 | BS13: 2.75 | BT13: =IF(BS13="",0,IF(BS13<1,50,IF(BS13>4.75,0,VLOOKUP(BS13,Liste_AT3!$E$3:$F$18,2)))) -> 22 | BV13: =IF(BU13="",0,IF(BU13<1,50,IF(BU13>4.75,0,VLOOKUP(BU13,Liste_AT3!$G$3:$H$18,2)))) -> 0 | BX13: =IF(BW13="",0,IF(BW13<1,50,IF(BW13>4.75,0,VLOOKUP(BW13,Liste_AT3!$G$3:$H$18,2)))) -> 0 | BZ13: =IF(BY13="",0,IF(BY13>40,0,VLOOKUP(BY13,Liste_AT3!$I$3:$J$43,2,2))) -> 0 | CB13: =IF(CA13="",0,IF(CA13>40,0,VLOOKUP(CA13,Liste_AT3!$I$3:$J$43,2,2))) -> 0 | CC13: =SUM(H13,J13,L13,N13,P13,R13,T13,V13,X13,Z13) -> 76 | CD13: =IF(CC13=0,"",RANK(CC13,$CC$4:$CC$19)) -> 7 | CE13: =SUM(AB13,AD13,AF13,AJ13,AL13,AN13,AH13) -> 29 | CF13: =IF(CE13=0,"",RANK(CE13,$CE$4:$CE$19)) -> 9 | CG13: =SUM(AP13,AR13,AT13,AV13,AX13,AZ13,BB13,BD13,BF13,BH13,BJ13,BL13,BN13) -> 62 | CH13: =IF(CG13=0,"",RANK(CG13,$CG$4:$CG$19)) -> 11 | CI13: =SUM(BP13,BR13) -> 26 | CJ13: =IF(CI13=0,"",RANK(CI13,$CI$4:$CI$19)) -> 5 | CK13: =SUM(BT13,BV13,BX13,BZ13,CB13) -> 22 | CL13: =IF(CK13=0,"",RANK(CK13,$CK$4:$CK$19)) -> 14 | CM13: =SUM(CC13,CE13,CG13,CI13,CK13) -> 215 | CN13: =IF(CM13=0,"",RANK(CM13,$CM$4:$CM$19)) -> 10
A14: 10 | B14: Dietsch, Pascal | C14: WAL | D14: 42.1 | E14: 151 | F14: 36347 | H14: =IF(G14="",0,IF(G14<$H$1,50,IF(G14>18.7,0,VLOOKUP(G14,Liste_AT1!$A$3:$B$79,2,0)))) -> 0 | J14: =IF(I14="",0,IF(I14<$J$1,50,IF(I14>22.8,0,VLOOKUP(I14,Liste_AT1!$C$3:$D$125,2,0)))) -> 0 | L14: =IF(K14="",0,IF(K14<$L$1,50,IF(K14>29.2,0,VLOOKUP(K14,Liste_AT1!$E$3:$F$138,2,0)))) -> 0 | M14: 25.4 | N14: =IF(M14="",0,IF(M14<15,50,IF(M14>39.5,0,VLOOKUP(M14,Liste_AT1!$G$3:$H$248,2,0)))) -> 29 | P14: =IF(O14="",0,IF(O14<40,50,IF(O14>108,0,VLOOKUP(O14,Liste_AT1!$I$3:$J$71,2,0)))) -> 0 | R14: =IF(Q14>10,50,IF(Q14<1,0,IF(Q14="",0,VLOOKUP(Q14,Liste_AT1!$K$3:$L$21,2,0)))) -> 0 | T14: =IF(S14>10,50,IF(S14<1,0,VLOOKUP(S14,Liste_AT1!$M$3:$N$21,2,0))) -> 0 | V14: =IF(U14>5,35,IF(U14<1,0,VLOOKUP(U14,Liste_AT1!$O$3:$P$19,2))) -> 0 | W14: 8.9 | X14: =IF(W14>10,50,IF(W14<1,0,VLOOKUP(W14,Liste_AT1!$Q$3:$R$21,2))) -> 43 | Z14: =IF(Y14>10,50,IF(Y14<1,0,VLOOKUP(Y14,Liste_AT1!$S$3:$T$12,2))) -> 0 | AB14: =IF(AA14="",0,IF(AA14<3.8,50,IF(AA14>6.9,0,VLOOKUP(AA14,Liste_AT2!$A$3:$B$34,2)))) -> 0 | AD14: =IF(AC14="",0,IF(AC14<8.6,50,IF(AC14>12.1,0,VLOOKUP(AC14,Liste_AT2!$C$3:$D$38,2)))) -> 0 | AF14: =IF(AE14="",0,IF(AE14<160,50,IF(AE14>231,0,VLOOKUP(AE14,Liste_AT2!$F$3:$G$74,2)))) -> 0 | AG14: 668 | AH14: =IF(AG14="",0,IF(AG14<500,50,IF(AG14>626,0,VLOOKUP(AG14,Liste_AT2!$AU$3:$AW$66,3)))) -> 0 | AJ14: =IF(AI14="",0,IF(AI14<822,50,IF(AI14>948,0,VLOOKUP(AI14,Liste_AT2!$I$3:$J$66,2)))) -> 0 | AK14: 18.4 | AL14: =IF(AK14="",0,IF(AK14<15,50,IF(AK14>22.5,0,VLOOKUP(AK14,Liste_AT2!$K$3:$L$78,2)))) -> 16 | AN14: =IF(AM14="",0,IF(AM14<4,50,IF(AM14>9.4,0,VLOOKUP(AM14,Liste_AT2!$M$3:$N$57,2)))) -> 0 | AP14: =IF(AO14="",0,IF(AO14>33,50,IF(AO14<7,0,VLOOKUP(AO14,Liste_AT2!$Q$3:$R$29,2)))) -> 0 | AR14: =IF(AQ14="",0,IF(AQ14>17,50,IF(AQ14<1,0,VLOOKUP(AQ14,Liste_AT2!$U$3:$V$19,2)))) -> 0 | AT14: =IF(AS14="",0,IF(AS14>27,50,IF(AS14<6,0,VLOOKUP(AS14,Liste_AT2!$W$3:$X$24,2)))) -> 0 | AV14: =IF(AU14="",0,IF(AU14<3.7,50,IF(AU14>8,0,VLOOKUP(AU14,Liste_AT2!$AA$3:$AB$46,2)))) -> 0 | AX14: =IF(AW14="",0,IF(AW14<4,0,IF(AW14>10.1,50,VLOOKUP(AW14,Liste_AT2!$AC$3:$AD$62,2)))) -> 0 | AY14: 7.3 | AZ14: =IF(AY14="",0,IF(AY14>11.9,50,IF(AY14<5,0,VLOOKUP(AY14,Liste_AT2!$AE$3:$AF$72,2)))) -> 14 | BB14: =IF(BA14="",0,IF(BA14>45,50,IF(BA14<2,0,VLOOKUP(BA14,Liste_AT2!$AG$3:$AH$61,2)))) -> 0 | BD14: =IF(BC14="",0,IF(BC14>26,50,IF(BC14<4,0,VLOOKUP(BC14,Liste_AT2!$AI$3:$AJ$25,2)))) -> 0 | BE14: 19 | BF14: =IF(BE14="",0,IF(BE14>35,50,IF(BE14<14,0,VLOOKUP(BE14,Liste_AT2!$AK$3:$AL$24,2)))) -> 10 | BH14: =IF(BG14="",0,IF(BG14>36,50,IF(BG14<7,0,VLOOKUP(BG14,Liste_AT2!$AM$3:$AN$32,2)))) -> 0 | BJ14: =IF(BI14="",0,IF(BI14>45,50,IF(BI14<6,0,VLOOKUP(BI14,Liste_AT2!$AO$3:$AP$52,2)))) -> 0 | BK14: 1.61 | BL14: =IF(BK14="",0,IF(BK14>2.4,50,IF(BK14<1.15,0,VLOOKUP(BK14,Liste_AT2!$AQ$3:$AR$52,2)))) -> 10 | BM14: 34 | BN14: =IF(BM14="",0,IF(BM14<28,50,IF(BM14>62,0,VLOOKUP(BM14,Liste_AT2!$AS$3:$AT$343,2,0)))) -> 44 | BO14: 3.8 | BP14: =IF(BO14="",0,IF(BO14<1,0,IF(BO14>28,50,VLOOKUP(BO14,Liste_AT3!$A$3:$B$30,2)))) -> 2 | BR14: =IF(BQ14="",0,IF(BQ14<5,50,IF(BQ14>40,0,VLOOKUP(BQ14,Liste_AT3!$C$3:$D$38,2)))) -> 0 | BS14: 2.25 | BT14: =IF(BS14="",0,IF(BS14<1,50,IF(BS14>4.75,0,VLOOKUP(BS14,Liste_AT3!$E$3:$F$18,2)))) -> 29 | BV14: =IF(BU14="",0,IF(BU14<1,50,IF(BU14>4.75,0,VLOOKUP(BU14,Liste_AT3!$G$3:$H$18,2)))) -> 0 | BX14: =IF(BW14="",0,IF(BW14<1,50,IF(BW14>4.75,0,VLOOKUP(BW14,Liste_AT3!$G$3:$H$18,2)))) -> 0 | BZ14: =IF(BY14="",0,IF(BY14>40,0,VLOOKUP(BY14,Liste_AT3!$I$3:$J$43,2,2))) -> 0 | CB14: =IF(CA14="",0,IF(CA14>40,0,VLOOKUP(CA14,Liste_AT3!$I$3:$J$43,2,2))) -> 0 | CC14: =SUM(H14,J14,L14,N14,P14,R14,T14,V14,X14,Z14) -> 72 | CD14: =IF(CC14=0,"",RANK(CC14,$CC$4:$CC$19)) -> 8 | CE14: =SUM(AB14,AD14,AF14,AJ14,AL14,AN14,AH14) -> 16 | CF14: =IF(CE14=0,"",RANK(CE14,$CE$4:$CE$19)) -> 11 | CG14: =SUM(AP14,AR14,AT14,AV14,AX14,AZ14,BB14,BD14,BF14,BH14,BJ14,BL14,BN14) -> 78 | CH14: =IF(CG14=0,"",RANK(CG14,$CG$4:$CG$19)) -> 7 | CI14: =SUM(BP14,BR14) -> 2 | CJ14: =IF(CI14=0,"",RANK(CI14,$CI$4:$CI$19)) -> 15 | CK14: =SUM(BT14,BV14,BX14,BZ14,CB14) -> 29 | CL14: =IF(CK14=0,"",RANK(CK14,$CK$4:$CK$19)) -> 7 | CM14: =SUM(CC14,CE14,CG14,CI14,CK14) -> 197 | CN14: =IF(CM14=0,"",RANK(CM14,$CM$4:$CM$19)) -> 11
A15: 8 | B15: Berkes, Michael | C15: RTS | D15: 59.1 | E15: 165 | F15: 36368 | H15: =IF(G15="",0,IF(G15<$H$1,50,IF(G15>18.7,0,VLOOKUP(G15,Liste_AT1!$A$3:$B$79,2,0)))) -> 0 | J15: =IF(I15="",0,IF(I15<$J$1,50,IF(I15>22.8,0,VLOOKUP(I15,Liste_AT1!$C$3:$D$125,2,0)))) -> 0 | L15: =IF(K15="",0,IF(K15<$L$1,50,IF(K15>29.2,0,VLOOKUP(K15,Liste_AT1!$E$3:$F$138,2,0)))) -> 0 | M15: 25.8 | N15: =IF(M15="",0,IF(M15<15,50,IF(M15>39.5,0,VLOOKUP(M15,Liste_AT1!$G$3:$H$248,2,0)))) -> 28 | P15: =IF(O15="",0,IF(O15<40,50,IF(O15>108,0,VLOOKUP(O15,Liste_AT1!$I$3:$J$71,2,0)))) -> 0 | R15: =IF(Q15>10,50,IF(Q15<1,0,IF(Q15="",0,VLOOKUP(Q15,Liste_AT1!$K$3:$L$21,2,0)))) -> 0 | T15: =IF(S15>10,50,IF(S15<1,0,VLOOKUP(S15,Liste_AT1!$M$3:$N$21,2,0))) -> 0 | V15: =IF(U15>5,35,IF(U15<1,0,VLOOKUP(U15,Liste_AT1!$O$3:$P$19,2))) -> 0 | W15: 7.1 | X15: =IF(W15>10,50,IF(W15<1,0,VLOOKUP(W15,Liste_AT1!$Q$3:$R$21,2))) -> 34 | Z15: =IF(Y15>10,50,IF(Y15<1,0,VLOOKUP(Y15,Liste_AT1!$S$3:$T$12,2))) -> 0 | AB15: =IF(AA15="",0,IF(AA15<3.8,50,IF(AA15>6.9,0,VLOOKUP(AA15,Liste_AT2!$A$3:$B$34,2)))) -> 0 | AD15: =IF(AC15="",0,IF(AC15<8.6,50,IF(AC15>12.1,0,VLOOKUP(AC15,Liste_AT2!$C$3:$D$38,2)))) -> 0 | AF15: =IF(AE15="",0,IF(AE15<160,50,IF(AE15>231,0,VLOOKUP(AE15,Liste_AT2!$F$3:$G$74,2)))) -> 0 | AG15: 726 | AH15: =IF(AG15="",0,IF(AG15<500,50,IF(AG15>626,0,VLOOKUP(AG15,Liste_AT2!$AU$3:$AW$66,3)))) -> 0 | AJ15: =IF(AI15="",0,IF(AI15<822,50,IF(AI15>948,0,VLOOKUP(AI15,Liste_AT2!$I$3:$J$66,2)))) -> 0 | AK15: 19.3 | AL15: =IF(AK15="",0,IF(AK15<15,50,IF(AK15>22.5,0,VLOOKUP(AK15,Liste_AT2!$K$3:$L$78,2)))) -> 11 | AN15: =IF(AM15="",0,IF(AM15<4,50,IF(AM15>9.4,0,VLOOKUP(AM15,Liste_AT2!$M$3:$N$57,2)))) -> 0 | AP15: =IF(AO15="",0,IF(AO15>33,50,IF(AO15<7,0,VLOOKUP(AO15,Liste_AT2!$Q$3:$R$29,2)))) -> 0 | AR15: =IF(AQ15="",0,IF(AQ15>17,50,IF(AQ15<1,0,VLOOKUP(AQ15,Liste_AT2!$U$3:$V$19,2)))) -> 0 | AT15: =IF(AS15="",0,IF(AS15>27,50,IF(AS15<6,0,VLOOKUP(AS15,Liste_AT2!$W$3:$X$24,2)))) -> 0 | AV15: =IF(AU15="",0,IF(AU15<3.7,50,IF(AU15>8,0,VLOOKUP(AU15,Liste_AT2!$AA$3:$AB$46,2)))) -> 0 | AX15: =IF(AW15="",0,IF(AW15<4,0,IF(AW15>10.1,50,VLOOKUP(AW15,Liste_AT2!$AC$3:$AD$62,2)))) -> 0 | AY15: 7.8 | AZ15: =IF(AY15="",0,IF(AY15>11.9,50,IF(AY15<5,0,VLOOKUP(AY15,Liste_AT2!$AE$3:$AF$72,2)))) -> 19 | BB15: =IF(BA15="",0,IF(BA15>45,50,IF(BA15<2,0,VLOOKUP(BA15,Liste_AT2!$AG$3:$AH$61,2)))) -> 0 | BD15: =IF(BC15="",0,IF(BC15>26,50,IF(BC15<4,0,VLOOKUP(BC15,Liste_AT2!$AI$3:$AJ$25,2)))) -> 0 | BE15: 10 | BF15: =IF(BE15="",0,IF(BE15>35,50,IF(BE15<14,0,VLOOKUP(BE15,Liste_AT2!$AK$3:$AL$24,2)))) -> 0 | BH15: =IF(BG15="",0,IF(BG15>36,50,IF(BG15<7,0,VLOOKUP(BG15,Liste_AT2!$AM$3:$AN$32,2)))) -> 0 | BJ15: =IF(BI15="",0,IF(BI15>45,50,IF(BI15<6,0,VLOOKUP(BI15,Liste_AT2!$AO$3:$AP$52,2)))) -> 0 | BK15: 1.65 | BL15: =IF(BK15="",0,IF(BK15>2.4,50,IF(BK15<1.15,0,VLOOKUP(BK15,Liste_AT2!$AQ$3:$AR$52,2)))) -> 12 | BM15: 37 | BN15: =IF(BM15="",0,IF(BM15<28,50,IF(BM15>62,0,VLOOKUP(BM15,Liste_AT2!$AS$3:$AT$343,2,0)))) -> 41 | BO15: 7 | BP15: =IF(BO15="",0,IF(BO15<1,0,IF(BO15>28,50,VLOOKUP(BO15,Liste_AT3!$A$3:$B$30,2)))) -> 10 | BR15: =IF(BQ15="",0,IF(BQ15<5,50,IF(BQ15>40,0,VLOOKUP(BQ15,Liste_AT3!$C$3:$D$38,2)))) -> 0 | BS15: 2.5 | BT15: =IF(BS15="",0,IF(BS15<1,50,IF(BS15>4.75,0,VLOOKUP(BS15,Liste_AT3!$E$3:$F$18,2)))) -> 25 | BV15: =IF(BU15="",0,IF(BU15<1,50,IF(BU15>4.75,0,VLOOKUP(BU15,Liste_AT3!$G$3:$H$18,2)))) -> 0 | BX15: =IF(BW15="",0,IF(BW15<1,50,IF(BW15>4.75,0,VLOOKUP(BW15,Liste_AT3!$G$3:$H$18,2)))) -> 0 | BZ15: =IF(BY15="",0,IF(BY15>40,0,VLOOKUP(BY15,Liste_AT3!$I$3:$J$43,2,2))) -> 0 | CB15: =IF(CA15="",0,IF(CA15>40,0,VLOOKUP(CA15,Liste_AT3!$I$3:$J$43,2,2))) -> 0 | CC15: =SUM(H15,J15,L15,N15,P15,R15,T15,V15,X15,Z15) -> 62 | CD15: =IF(CC15=0,"",RANK(CC15,$CC$4:$CC$19)) -> 12 | CE15: =SUM(AB15,AD15,AF15,AJ15,AL15,AN15,AH15) -> 11 | CF15: =IF(CE15=0,"",RANK(CE15,$CE$4:$CE$19)) -> 12 | CG15: =SUM(AP15,AR15,AT15,AV15,AX15,AZ15,BB15,BD15,BF15,BH15,BJ15,BL15,BN15) -> 72 | CH15: =IF(CG15=0,"",RANK(CG15,$CG$4:$CG$19)) -> 10 | CI15: =SUM(BP15,BR15) -> 10 | CJ15: =IF(CI15=0,"",RANK(CI15,$CI$4:$CI$19)) -> 13 | CK15: =SUM(BT15,BV15,BX15,BZ15,CB15) -> 25 | CL15: =IF(CK15=0,"",RANK(CK15,$CK$4:$CK$19)) -> 10 | CM15: =SUM(CC15,CE15,CG15,CI15,CK15) -> 180 | CN15: =IF(CM15=0,"",RANK(CM15,$CM$4:$CM$19)) -> 12
A16: 14 | B16: Brendel, Fabian | C16: RCI | D16: 45 | E16: 152 | F16: 36492 | H16: =IF(G16="",0,IF(G16<$H$1,50,IF(G16>18.7,0,VLOOKUP(G16,Liste_AT1!$A$3:$B$79,2,0)))) -> 0 | J16: =IF(I16="",0,IF(I16<$J$1,50,IF(I16>22.8,0,VLOOKUP(I16,Liste_AT1!$C$3:$D$125,2,0)))) -> 0 | L16: =IF(K16="",0,IF(K16<$L$1,50,IF(K16>29.2,0,VLOOKUP(K16,Liste_AT1!$E$3:$F$138,2,0)))) -> 0 | M16: 34.5 | N16: =IF(M16="",0,IF(M16<15,50,IF(M16>39.5,0,VLOOKUP(M16,Liste_AT1!$G$3:$H$248,2,0)))) -> 11 | P16: =IF(O16="",0,IF(O16<40,50,IF(O16>108,0,VLOOKUP(O16,Liste_AT1!$I$3:$J$71,2,0)))) -> 0 | R16: =IF(Q16>10,50,IF(Q16<1,0,IF(Q16="",0,VLOOKUP(Q16,Liste_AT1!$K$3:$L$21,2,0)))) -> 0 | T16: =IF(S16>10,50,IF(S16<1,0,VLOOKUP(S16,Liste_AT1!$M$3:$N$21,2,0))) -> 0 | V16: =IF(U16>5,35,IF(U16<1,0,VLOOKUP(U16,Liste_AT1!$O$3:$P$19,2))) -> 0 | W16: 9.1 | X16: =IF(W16>10,50,IF(W16<1,0,VLOOKUP(W16,Liste_AT1!$Q$3:$R$21,2))) -> 46 | Z16: =IF(Y16>10,50,IF(Y16<1,0,VLOOKUP(Y16,Liste_AT1!$S$3:$T$12,2))) -> 0 | AB16: =IF(AA16="",0,IF(AA16<3.8,50,IF(AA16>6.9,0,VLOOKUP(AA16,Liste_AT2!$A$3:$B$34,2)))) -> 0 | AD16: =IF(AC16="",0,IF(AC16<8.6,50,IF(AC16>12.1,0,VLOOKUP(AC16,Liste_AT2!$C$3:$D$38,2)))) -> 0 | AF16: =IF(AE16="",0,IF(AE16<160,50,IF(AE16>231,0,VLOOKUP(AE16,Liste_AT2!$F$3:$G$74,2)))) -> 0 | AG16: 628 | AH16: =IF(AG16="",0,IF(AG16<500,50,IF(AG16>626,0,VLOOKUP(AG16,Liste_AT2!$AU$3:$AW$66,3)))) -> 0 | AJ16: =IF(AI16="",0,IF(AI16<822,50,IF(AI16>948,0,VLOOKUP(AI16,Liste_AT2!$I$3:$J$66,2)))) -> 0 | AK16: 19.3 | AL16: =IF(AK16="",0,IF(AK16<15,50,IF(AK16>22.5,0,VLOOKUP(AK16,Liste_AT2!$K$3:$L$78,2)))) -> 11 | AN16: =IF(AM16="",0,IF(AM16<4,50,IF(AM16>9.4,0,VLOOKUP(AM16,Liste_AT2!$M$3:$N$57,2)))) -> 0 | AP16: =IF(AO16="",0,IF(AO16>33,50,IF(AO16<7,0,VLOOKUP(AO16,Liste_AT2!$Q$3:$R$29,2)))) -> 0 | AR16: =IF(AQ16="",0,IF(AQ16>17,50,IF(AQ16<1,0,VLOOKUP(AQ16,Liste_AT2!$U$3:$V$19,2)))) -> 0 | AT16: =IF(AS16="",0,IF(AS16>27,50,IF(AS16<6,0,VLOOKUP(AS16,Liste_AT2!$W$3:$X$24,2)))) -> 0 | AV16: =IF(AU16="",0,IF(AU16<3.7,50,IF(AU16>8,0,VLOOKUP(AU16,Liste_AT2!$AA$3:$AB$46,2)))) -> 0 | AX16: =IF(AW16="",0,IF(AW16<4,0,IF(AW16>10.1,50,VLOOKUP(AW16,Liste_AT2!$AC$3:$AD$62,2)))) -> 0 | AY16: 5.7 | AZ16: =IF(AY16="",0,IF(AY16>11.9,50,IF(AY16<5,0,VLOOKUP(AY16,Liste_AT2!$AE$3:$AF$72,2)))) -> 4 | BB16: =IF(BA16="",0,IF(BA16>45,50,IF(BA16<2,0,VLOOKUP(BA16,Liste_AT2!$AG$3:$AH$61,2)))) -> 0 | BD16: =IF(BC16="",0,IF(BC16>26,50,IF(BC16<4,0,VLOOKUP(BC16,Liste_AT2!$AI$3:$AJ$25,2)))) -> 0 | BE16: 17 | BF16: =IF(BE16="",0,IF(BE16>35,50,IF(BE16<14,0,VLOOKUP(BE16,Liste_AT2!$AK$3:$AL$24,2)))) -> 6 | BH16: =IF(BG16="",0,IF(BG16>36,50,IF(BG16<7,0,VLOOKUP(BG16,Liste_AT2!$AM$3:$AN$32,2)))) -> 0 | BJ16: =IF(BI16="",0,IF(BI16>45,50,IF(BI16<6,0,VLOOKUP(BI16,Liste_AT2!$AO$3:$AP$52,2)))) -> 0 | BK16: 1.64 | BL16: =IF(BK16="",0,IF(BK16>2.4,50,IF(BK16<1.15,0,VLOOKUP(BK16,Liste_AT2!$AQ$3:$AR$52,2)))) -> 12 | BM16: 39.3 | BN16: =IF(BM16="",0,IF(BM16<28,50,IF(BM16>62,0,VLOOKUP(BM16,Liste_AT2!$AS$3:$AT$343,2,0)))) -> 38 | BO16: 9.3 | BP16: =IF(BO16="",0,IF(BO16<1,0,IF(BO16>28,50,VLOOKUP(BO16,Liste_AT3!$A$3:$B$30,2)))) -> 14 | BR16: =IF(BQ16="",0,IF(BQ16<5,50,IF(BQ16>40,0,VLOOKUP(BQ16,Liste_AT3!$C$3:$D$38,2)))) -> 0 | BS16: 2.5 | BT16: =IF(BS16="",0,IF(BS16<1,50,IF(BS16>4.75,0,VLOOKUP(BS16,Liste_AT3!$E$3:$F$18,2)))) -> 25 | BV16: =IF(BU16="",0,IF(BU16<1,50,IF(BU16>4.75,0,VLOOKUP(BU16,Liste_AT3!$G$3:$H$18,2)))) -> 0 | BX16: =IF(BW16="",0,IF(BW16<1,50,IF(BW16>4.75,0,VLOOKUP(BW16,Liste_AT3!$G$3:$H$18,2)))) -> 0 | BZ16: =IF(BY16="",0,IF(BY16>40,0,VLOOKUP(BY16,Liste_AT3!$I$3:$J$43,2,2))) -> 0 | CB16: =IF(CA16="",0,IF(CA16>40,0,VLOOKUP(CA16,Liste_AT3!$I$3:$J$43,2,2))) -> 0 | CC16: =SUM(H16,J16,L16,N16,P16,R16,T16,V16,X16,Z16) -> 57 | CD16: =IF(CC16=0,"",RANK(CC16,$CC$4:$CC$19)) -> 15 | CE16: =SUM(AB16,AD16,AF16,AJ16,AL16,AN16,AH16) -> 11 | CF16: =IF(CE16=0,"",RANK(CE16,$CE$4:$CE$19)) -> 12 | CG16: =SUM(AP16,AR16,AT16,AV16,AX16,AZ16,BB16,BD16,BF16,BH16,BJ16,BL16,BN16) -> 60 | CH16: =IF(CG16=0,"",RANK(CG16,$CG$4:$CG$19)) -> 13 | CI16: =SUM(BP16,BR16) -> 14 | CJ16: =IF(CI16=0,"",RANK(CI16,$CI$4:$CI$19)) -> 10 | CK16: =SUM(BT16,BV16,BX16,BZ16,CB16) -> 25 | CL16: =IF(CK16=0,"",RANK(CK16,$CK$4:$CK$19)) -> 10 | CM16: =SUM(CC16,CE16,CG16,CI16,CK16) -> 167 | CN16: =IF(CM16=0,"",RANK(CM16,$CM$4:$CM$19)) -> 13
A17: 15 | B17: Riede, Adrian | C17: WAL | D17: 86.2 | E17: 163 | F17: 36281 | H17: =IF(G17="",0,IF(G17<$H$1,50,IF(G17>18.7,0,VLOOKUP(G17,Liste_AT1!$A$3:$B$79,2,0)))) -> 0 | J17: =IF(I17="",0,IF(I17<$J$1,50,IF(I17>22.8,0,VLOOKUP(I17,Liste_AT1!$C$3:$D$125,2,0)))) -> 0 | L17: =IF(K17="",0,IF(K17<$L$1,50,IF(K17>29.2,0,VLOOKUP(K17,Liste_AT1!$E$3:$F$138,2,0)))) -> 0 | M17: 31.2 | N17: =IF(M17="",0,IF(M17<15,50,IF(M17>39.5,0,VLOOKUP(M17,Liste_AT1!$G$3:$H$248,2,0)))) -> 17 | P17: =IF(O17="",0,IF(O17<40,50,IF(O17>108,0,VLOOKUP(O17,Liste_AT1!$I$3:$J$71,2,0)))) -> 0 | R17: =IF(Q17>10,50,IF(Q17<1,0,IF(Q17="",0,VLOOKUP(Q17,Liste_AT1!$K$3:$L$21,2,0)))) -> 0 | T17: =IF(S17>10,50,IF(S17<1,0,VLOOKUP(S17,Liste_AT1!$M$3:$N$21,2,0))) -> 0 | V17: =IF(U17>5,35,IF(U17<1,0,VLOOKUP(U17,Liste_AT1!$O$3:$P$19,2))) -> 0 | W17: 8.7 | X17: =IF(W17>10,50,IF(W17<1,0,VLOOKUP(W17,Liste_AT1!$Q$3:$R$21,2))) -> 43 | Z17: =IF(Y17>10,50,IF(Y17<1,0,VLOOKUP(Y17,Liste_AT1!$S$3:$T$12,2))) -> 0 | AB17: =IF(AA17="",0,IF(AA17<3.8,50,IF(AA17>6.9,0,VLOOKUP(AA17,Liste_AT2!$A$3:$B$34,2)))) -> 0 | AD17: =IF(AC17="",0,IF(AC17<8.6,50,IF(AC17>12.1,0,VLOOKUP(AC17,Liste_AT2!$C$3:$D$38,2)))) -> 0 | AF17: =IF(AE17="",0,IF(AE17<160,50,IF(AE17>231,0,VLOOKUP(AE17,Liste_AT2!$F$3:$G$74,2)))) -> 0 | AG17: - | AH17: =IF(AG17="",0,IF(AG17<500,50,IF(AG17>626,0,VLOOKUP(AG17,Liste_AT2!$AU$3:$AW$66,3)))) -> 0 | AJ17: =IF(AI17="",0,IF(AI17<822,50,IF(AI17>948,0,VLOOKUP(AI17,Liste_AT2!$I$3:$J$66,2)))) -> 0 | AK17: dis | AL17: =IF(AK17="",0,IF(AK17<15,50,IF(AK17>22.5,0,VLOOKUP(AK17,Liste_AT2!$K$3:$L$78,2)))) -> 0 | AN17: =IF(AM17="",0,IF(AM17<4,50,IF(AM17>9.4,0,VLOOKUP(AM17,Liste_AT2!$M$3:$N$57,2)))) -> 0 | AP17: =IF(AO17="",0,IF(AO17>33,50,IF(AO17<7,0,VLOOKUP(AO17,Liste_AT2!$Q$3:$R$29,2)))) -> 0 | AR17: =IF(AQ17="",0,IF(AQ17>17,50,IF(AQ17<1,0,VLOOKUP(AQ17,Liste_AT2!$U$3:$V$19,2)))) -> 0 | AT17: =IF(AS17="",0,IF(AS17>27,50,IF(AS17<6,0,VLOOKUP(AS17,Liste_AT2!$W$3:$X$24,2)))) -> 0 | AV17: =IF(AU17="",0,IF(AU17<3.7,50,IF(AU17>8,0,VLOOKUP(AU17,Liste_AT2!$AA$3:$AB$46,2)))) -> 0 | AX17: =IF(AW17="",0,IF(AW17<4,0,IF(AW17>10.1,50,VLOOKUP(AW17,Liste_AT2!$AC$3:$AD$62,2)))) -> 0 | AY17: 11.3 | AZ17: =IF(AY17="",0,IF(AY17>11.9,50,IF(AY17<5,0,VLOOKUP(AY17,Liste_AT2!$AE$3:$AF$72,2)))) -> 48 | BB17: =IF(BA17="",0,IF(BA17>45,50,IF(BA17<2,0,VLOOKUP(BA17,Liste_AT2!$AG$3:$AH$61,2)))) -> 0 | BD17: =IF(BC17="",0,IF(BC17>26,50,IF(BC17<4,0,VLOOKUP(BC17,Liste_AT2!$AI$3:$AJ$25,2)))) -> 0 | BE17: 18 | BF17: =IF(BE17="",0,IF(BE17>35,50,IF(BE17<14,0,VLOOKUP(BE17,Liste_AT2!$AK$3:$AL$24,2)))) -> 8 | BH17: =IF(BG17="",0,IF(BG17>36,50,IF(BG17<7,0,VLOOKUP(BG17,Liste_AT2!$AM$3:$AN$32,2)))) -> 0 | BJ17: =IF(BI17="",0,IF(BI17>45,50,IF(BI17<6,0,VLOOKUP(BI17,Liste_AT2!$AO$3:$AP$52,2)))) -> 0 | BK17: 0 | BL17: =IF(BK17="",0,IF(BK17>2.4,50,IF(BK17<1.15,0,VLOOKUP(BK17,Liste_AT2!$AQ$3:$AR$52,2)))) -> 0 | BM17: 55.5 | BN17: =IF(BM17="",0,IF(BM17<28,50,IF(BM17>62,0,VLOOKUP(BM17,Liste_AT2!$AS$3:$AT$343,2,0)))) -> 6 | BO17: 12.4 | BP17: =IF(BO17="",0,IF(BO17<1,0,IF(BO17>28,50,VLOOKUP(BO17,Liste_AT3!$A$3:$B$30,2)))) -> 20 | BR17: =IF(BQ17="",0,IF(BQ17<5,50,IF(BQ17>40,0,VLOOKUP(BQ17,Liste_AT3!$C$3:$D$38,2)))) -> 0 | BS17: 2.75 | BT17: =IF(BS17="",0,IF(BS17<1,50,IF(BS17>4.75,0,VLOOKUP(BS17,Liste_AT3!$E$3:$F$18,2)))) -> 22 | BV17: =IF(BU17="",0,IF(BU17<1,50,IF(BU17>4.75,0,VLOOKUP(BU17,Liste_AT3!$G$3:$H$18,2)))) -> 0 | BX17: =IF(BW17="",0,IF(BW17<1,50,IF(BW17>4.75,0,VLOOKUP(BW17,Liste_AT3!$G$3:$H$18,2)))) -> 0 | BZ17: =IF(BY17="",0,IF(BY17>40,0,VLOOKUP(BY17,Liste_AT3!$I$3:$J$43,2,2))) -> 0 | CB17: =IF(CA17="",0,IF(CA17>40,0,VLOOKUP(CA17,Liste_AT3!$I$3:$J$43,2,2))) -> 0 | CC17: =SUM(H17,J17,L17,N17,P17,R17,T17,V17,X17,Z17) -> 60 | CD17: =IF(CC17=0,"",RANK(CC17,$CC$4:$CC$19)) -> 14 | CE17: =SUM(AB17,AD17,AF17,AJ17,AL17,AN17,AH17) -> 0 | CF17: =IF(CE17=0,"",RANK(CE17,$CE$4:$CE$19)) | CG17: =SUM(AP17,AR17,AT17,AV17,AX17,AZ17,BB17,BD17,BF17,BH17,BJ17,BL17,BN17) -> 62 | CH17: =IF(CG17=0,"",RANK(CG17,$CG$4:$CG$19)) -> 11 | CI17: =SUM(BP17,BR17) -> 20 | CJ17: =IF(CI17=0,"",RANK(CI17,$CI$4:$CI$19)) -> 9 | CK17: =SUM(BT17,BV17,BX17,BZ17,CB17) -> 22 | CL17: =IF(CK17=0,"",RANK(CK17,$CK$4:$CK$19)) -> 14 | CM17: =SUM(CC17,CE17,CG17,CI17,CK17) -> 164 | CN17: =IF(CM17=0,"",RANK(CM17,$CM$4:$CM$19)) -> 14
A18: 13 | B18: Witte, Philipp | C18: RCI | D18: 40.8 | E18: 153 | F18: 36515 | H18: =IF(G18="",0,IF(G18<$H$1,50,IF(G18>18.7,0,VLOOKUP(G18,Liste_AT1!$A$3:$B$79,2,0)))) -> 0 | J18: =IF(I18="",0,IF(I18<$J$1,50,IF(I18>22.8,0,VLOOKUP(I18,Liste_AT1!$C$3:$D$125,2,0)))) -> 0 | L18: =IF(K18="",0,IF(K18<$L$1,50,IF(K18>29.2,0,VLOOKUP(K18,Liste_AT1!$E$3:$F$138,2,0)))) -> 0 | M18: 36.7 | N18: =IF(M18="",0,IF(M18<15,50,IF(M18>39.5,0,VLOOKUP(M18,Liste_AT1!$G$3:$H$248,2,0)))) -> 6 | P18: =IF(O18="",0,IF(O18<40,50,IF(O18>108,0,VLOOKUP(O18,Liste_AT1!$I$3:$J$71,2,0)))) -> 0 | R18: =IF(Q18>10,50,IF(Q18<1,0,IF(Q18="",0,VLOOKUP(Q18,Liste_AT1!$K$3:$L$21,2,0)))) -> 0 | T18: =IF(S18>10,50,IF(S18<1,0,VLOOKUP(S18,Liste_AT1!$M$3:$N$21,2,0))) -> 0 | V18: =IF(U18>5,35,IF(U18<1,0,VLOOKUP(U18,Liste_AT1!$O$3:$P$19,2))) -> 0 | W18: 9.1 | X18: =IF(W18>10,50,IF(W18<1,0,VLOOKUP(W18,Liste_AT1!$Q$3:$R$21,2))) -> 46 | Z18: =IF(Y18>10,50,IF(Y18<1,0,VLOOKUP(Y18,Liste_AT1!$S$3:$T$12,2))) -> 0 | AB18: =IF(AA18="",0,IF(AA18<3.8,50,IF(AA18>6.9,0,VLOOKUP(AA18,Liste_AT2!$A$3:$B$34,2)))) -> 0 | AD18: =IF(AC18="",0,IF(AC18<8.6,50,IF(AC18>12.1,0,VLOOKUP(AC18,Liste_AT2!$C$3:$D$38,2)))) -> 0 | AF18: =IF(AE18="",0,IF(AE18<160,50,IF(AE18>231,0,VLOOKUP(AE18,Liste_AT2!$F$3:$G$74,2)))) -> 0 | AG18: 644 | AH18: =IF(AG18="",0,IF(AG18<500,50,IF(AG18>626,0,VLOOKUP(AG18,Liste_AT2!$AU$3:$AW$66,3)))) -> 0 | AJ18: =IF(AI18="",0,IF(AI18<822,50,IF(AI18>948,0,VLOOKUP(AI18,Liste_AT2!$I$3:$J$66,2)))) -> 0 | AK18: 19.5 | AL18: =IF(AK18="",0,IF(AK18<15,50,IF(AK18>22.5,0,VLOOKUP(AK18,Liste_AT2!$K$3:$L$78,2)))) -> 10 | AN18: =IF(AM18="",0,IF(AM18<4,50,IF(AM18>9.4,0,VLOOKUP(AM18,Liste_AT2!$M$3:$N$57,2)))) -> 0 | AP18: =IF(AO18="",0,IF(AO18>33,50,IF(AO18<7,0,VLOOKUP(AO18,Liste_AT2!$Q$3:$R$29,2)))) -> 0 | AR18: =IF(AQ18="",0,IF(AQ18>17,50,IF(AQ18<1,0,VLOOKUP(AQ18,Liste_AT2!$U$3:$V$19,2)))) -> 0 | AT18: =IF(AS18="",0,IF(AS18>27,50,IF(AS18<6,0,VLOOKUP(AS18,Liste_AT2!$W$3:$X$24,2)))) -> 0 | AV18: =IF(AU18="",0,IF(AU18<3.7,50,IF(AU18>8,0,VLOOKUP(AU18,Liste_AT2!$AA$3:$AB$46,2)))) -> 0 | AX18: =IF(AW18="",0,IF(AW18<4,0,IF(AW18>10.1,50,VLOOKUP(AW18,Liste_AT2!$AC$3:$AD$62,2)))) -> 0 | AY18: 5.7 | AZ18: =IF(AY18="",0,IF(AY18>11.9,50,IF(AY18<5,0,VLOOKUP(AY18,Liste_AT2!$AE$3:$AF$72,2)))) -> 4 | BB18: =IF(BA18="",0,IF(BA18>45,50,IF(BA18<2,0,VLOOKUP(BA18,Liste_AT2!$AG$3:$AH$61,2)))) -> 0 | BD18: =IF(BC18="",0,IF(BC18>26,50,IF(BC18<4,0,VLOOKUP(BC18,Liste_AT2!$AI$3:$AJ$25,2)))) -> 0 | BE18: 15 | BF18: =IF(BE18="",0,IF(BE18>35,50,IF(BE18<14,0,VLOOKUP(BE18,Liste_AT2!$AK$3:$AL$24,2)))) -> 2 | BH18: =IF(BG18="",0,IF(BG18>36,50,IF(BG18<7,0,VLOOKUP(BG18,Liste_AT2!$AM$3:$AN$32,2)))) -> 0 | BJ18: =IF(BI18="",0,IF(BI18>45,50,IF(BI18<6,0,VLOOKUP(BI18,Liste_AT2!$AO$3:$AP$52,2)))) -> 0 | BK18: 1.71 | BL18: =IF(BK18="",0,IF(BK18>2.4,50,IF(BK18<1.15,0,VLOOKUP(BK18,Liste_AT2!$AQ$3:$AR$52,2)))) -> 15 | BM18: 39 | BN18: =IF(BM18="",0,IF(BM18<28,50,IF(BM18>62,0,VLOOKUP(BM18,Liste_AT2!$AS$3:$AT$343,2,0)))) -> 39 | BO18: 0 | BP18: =IF(BO18="",0,IF(BO18<1,0,IF(BO18>28,50,VLOOKUP(BO18,Liste_AT3!$A$3:$B$30,2)))) -> 0 | BR18: =IF(BQ18="",0,IF(BQ18<5,50,IF(BQ18>40,0,VLOOKUP(BQ18,Liste_AT3!$C$3:$D$38,2)))) -> 0 | BS18: 2.5 | BT18: =IF(BS18="",0,IF(BS18<1,50,IF(BS18>4.75,0,VLOOKUP(BS18,Liste_AT3!$E$3:$F$18,2)))) -> 25 | BV18: =IF(BU18="",0,IF(BU18<1,50,IF(BU18>4.75,0,VLOOKUP(BU18,Liste_AT3!$G$3:$H$18,2)))) -> 0 | BX18: =IF(BW18="",0,IF(BW18<1,50,IF(BW18>4.75,0,VLOOKUP(BW18,Liste_AT3!$G$3:$H$18,2)))) -> 0 | BZ18: =IF(BY18="",0,IF(BY18>40,0,VLOOKUP(BY18,Liste_AT3!$I$3:$J$43,2,2))) -> 0 | CB18: =IF(CA18="",0,IF(CA18>40,0,VLOOKUP(CA18,Liste_AT3!$I$3:$J$43,2,2))) -> 0 | CC18: =SUM(H18,J18,L18,N18,P18,R18,T18,V18,X18,Z18) -> 52 | CD18: =IF(CC18=0,"",RANK(CC18,$CC$4:$CC$19)) -> 16 | CE18: =SUM(AB18,AD18,AF18,AJ18,AL18,AN18,AH18) -> 10 | CF18: =IF(CE18=0,"",RANK(CE18,$CE$4:$CE$19)) -> 15 | CG18: =SUM(AP18,AR18,AT18,AV18,AX18,AZ18,BB18,BD18,BF18,BH18,BJ18,BL18,BN18) -> 60 | CH18: =IF(CG18=0,"",RANK(CG18,$CG$4:$CG$19)) -> 13 | CI18: =SUM(BP18,BR18) -> 0 | CJ18: =IF(CI18=0,"",RANK(CI18,$CI$4:$CI$19)) | CK18: =SUM(BT18,BV18,BX18,BZ18,CB18) -> 25 | CL18: =IF(CK18=0,"",RANK(CK18,$CK$4:$CK$19)) -> 10 | CM18: =SUM(CC18,CE18,CG18,CI18,CK18) -> 147 | CN18: =IF(CM18=0,"",RANK(CM18,$CM$4:$CM$19)) -> 15
A19: 7 | B19: Lakusta, Leon | C19: RTS | D19: 60.9 | E19: 166 | F19: 35968 | H19: =IF(G19="",0,IF(G19<$H$1,50,IF(G19>18.7,0,VLOOKUP(G19,Liste_AT1!$A$3:$B$79,2,0)))) -> 0 | J19: =IF(I19="",0,IF(I19<$J$1,50,IF(I19>22.8,0,VLOOKUP(I19,Liste_AT1!$C$3:$D$125,2,0)))) -> 0 | L19: =IF(K19="",0,IF(K19<$L$1,50,IF(K19>29.2,0,VLOOKUP(K19,Liste_AT1!$E$3:$F$138,2,0)))) -> 0 | M19: 23.8 | N19: =IF(M19="",0,IF(M19<15,50,IF(M19>39.5,0,VLOOKUP(M19,Liste_AT1!$G$3:$H$248,2,0)))) -> 32 | P19: =IF(O19="",0,IF(O19<40,50,IF(O19>108,0,VLOOKUP(O19,Liste_AT1!$I$3:$J$71,2,0)))) -> 0 | R19: =IF(Q19>10,50,IF(Q19<1,0,IF(Q19="",0,VLOOKUP(Q19,Liste_AT1!$K$3:$L$21,2,0)))) -> 0 | T19: =IF(S19>10,50,IF(S19<1,0,VLOOKUP(S19,Liste_AT1!$M$3:$N$21,2,0))) -> 0 | V19: =IF(U19>5,35,IF(U19<1,0,VLOOKUP(U19,Liste_AT1!$O$3:$P$19,2))) -> 0 | W19: 7 | X19: =IF(W19>10,50,IF(W19<1,0,VLOOKUP(W19,Liste_AT1!$Q$3:$R$21,2))) -> 34 | Z19: =IF(Y19>10,50,IF(Y19<1,0,VLOOKUP(Y19,Liste_AT1!$S$3:$T$12,2))) -> 0 | AB19: =IF(AA19="",0,IF(AA19<3.8,50,IF(AA19>6.9,0,VLOOKUP(AA19,Liste_AT2!$A$3:$B$34,2)))) -> 0 | AD19: =IF(AC19="",0,IF(AC19<8.6,50,IF(AC19>12.1,0,VLOOKUP(AC19,Liste_AT2!$C$3:$D$38,2)))) -> 0 | AF19: =IF(AE19="",0,IF(AE19<160,50,IF(AE19>231,0,VLOOKUP(AE19,Liste_AT2!$F$3:$G$74,2)))) -> 0 | AG19: 705 | AH19: =IF(AG19="",0,IF(AG19<500,50,IF(AG19>626,0,VLOOKUP(AG19,Liste_AT2!$AU$3:$AW$66,3)))) -> 0 | AJ19: =IF(AI19="",0,IF(AI19<822,50,IF(AI19>948,0,VLOOKUP(AI19,Liste_AT2!$I$3:$J$66,2)))) -> 0 | AK19: 19.2 | AL19: =IF(AK19="",0,IF(AK19<15,50,IF(AK19>22.5,0,VLOOKUP(AK19,Liste_AT2!$K$3:$L$78,2)))) -> 11 | AN19: =IF(AM19="",0,IF(AM19<4,50,IF(AM19>9.4,0,VLOOKUP(AM19,Liste_AT2!$M$3:$N$57,2)))) -> 0 | AP19: =IF(AO19="",0,IF(AO19>33,50,IF(AO19<7,0,VLOOKUP(AO19,Liste_AT2!$Q$3:$R$29,2)))) -> 0 | AR19: =IF(AQ19="",0,IF(AQ19>17,50,IF(AQ19<1,0,VLOOKUP(AQ19,Liste_AT2!$U$3:$V$19,2)))) -> 0 | AT19: =IF(AS19="",0,IF(AS19>27,50,IF(AS19<6,0,VLOOKUP(AS19,Liste_AT2!$W$3:$X$24,2)))) -> 0 | AV19: =IF(AU19="",0,IF(AU19<3.7,50,IF(AU19>8,0,VLOOKUP(AU19,Liste_AT2!$AA$3:$AB$46,2)))) -> 0 | AX19: =IF(AW19="",0,IF(AW19<4,0,IF(AW19>10.1,50,VLOOKUP(AW19,Liste_AT2!$AC$3:$AD$62,2)))) -> 0 | AY19: 8.2 | AZ19: =IF(AY19="",0,IF(AY19>11.9,50,IF(AY19<5,0,VLOOKUP(AY19,Liste_AT2!$AE$3:$AF$72,2)))) -> 23 | BB19: =IF(BA19="",0,IF(BA19>45,50,IF(BA19<2,0,VLOOKUP(BA19,Liste_AT2!$AG$3:$AH$61,2)))) -> 0 | BD19: =IF(BC19="",0,IF(BC19>26,50,IF(BC19<4,0,VLOOKUP(BC19,Liste_AT2!$AI$3:$AJ$25,2)))) -> 0 | BE19: 16 | BF19: =IF(BE19="",0,IF(BE19>35,50,IF(BE19<14,0,VLOOKUP(BE19,Liste_AT2!$AK$3:$AL$24,2)))) -> 4 | BH19: =IF(BG19="",0,IF(BG19>36,50,IF(BG19<7,0,VLOOKUP(BG19,Liste_AT2!$AM$3:$AN$32,2)))) -> 0 | BJ19: =IF(BI19="",0,IF(BI19>45,50,IF(BI19<6,0,VLOOKUP(BI19,Liste_AT2!$AO$3:$AP$52,2)))) -> 0 | BK19: 1.6 | BL19: =IF(BK19="",0,IF(BK19>2.4,50,IF(BK19<1.15,0,VLOOKUP(BK19,Liste_AT2!$AQ$3:$AR$52,2)))) -> 10 | BM19: 61 | BN19: =IF(BM19="",0,IF(BM19<28,50,IF(BM19>62,0,VLOOKUP(BM19,Liste_AT2!$AS$3:$AT$343,2,0)))) -> 1 | BO19: 5.4 | BP19: =IF(BO19="",0,IF(BO19<1,0,IF(BO19>28,50,VLOOKUP(BO19,Liste_AT3!$A$3:$B$30,2)))) -> 6 | BR19: =IF(BQ19="",0,IF(BQ19<5,50,IF(BQ19>40,0,VLOOKUP(BQ19,Liste_AT3!$C$3:$D$38,2)))) -> 0 | BS19: 3 | BT19: =IF(BS19="",0,IF(BS19<1,50,IF(BS19>4.75,0,VLOOKUP(BS19,Liste_AT3!$E$3:$F$18,2)))) -> 19 | BV19: =IF(BU19="",0,IF(BU19<1,50,IF(BU19>4.75,0,VLOOKUP(BU19,Liste_AT3!$G$3:$H$18,2)))) -> 0 | BX19: =IF(BW19="",0,IF(BW19<1,50,IF(BW19>4.75,0,VLOOKUP(BW19,Liste_AT3!$G$3:$H$18,2)))) -> 0 | BZ19: =IF(BY19="",0,IF(BY19>40,0,VLOOKUP(BY19,Liste_AT3!$I$3:$J$43,2,2))) -> 0 | CB19: =IF(CA19="",0,IF(CA19>40,0,VLOOKUP(CA19,Liste_AT3!$I$3:$J$43,2,2))) -> 0 | CC19: =SUM(H19,J19,L19,N19,P19,R19,T19,V19,X19,Z19) -> 66 | CD19: =IF(CC19=0,"",RANK(CC19,$CC$4:$CC$19)) -> 11 | CE19: =SUM(AB19,AD19,AF19,AJ19,AL19,AN19,AH19) -> 11 | CF19: =IF(CE19=0,"",RANK(CE19,$CE$4:$CE$19)) -> 12 | CG19: =SUM(AP19,AR19,AT19,AV19,AX19,AZ19,BB19,BD19,BF19,BH19,BJ19,BL19,BN19) -> 38 | CH19: =IF(CG19=0,"",RANK(CG19,$CG$4:$CG$19)) -> 16 | CI19: =SUM(BP19,BR19) -> 6 | CJ19: =IF(CI19=0,"",RANK(CI19,$CI$4:$CI$19)) -> 14 | CK19: =SUM(BT19,BV19,BX19,BZ19,CB19) -> 19 | CL19: =IF(CK19=0,"",RANK(CK19,$CK$4:$CK$19)) -> 16 | CM19: =SUM(CC19,CE19,CG19,CI19,CK19) -> 140 | CN19: =IF(CM19=0,"",RANK(CM19,$CM$4:$CM$19)) -> 16

Sheet weiblich
A1: Jugend B / weiblich | G1: KABU | H1: 11.1 | I1: GEW 1 | J1: 10.6 | K1: GEW 2 | L1: 15.7 | M1: GEW 3 | N1: 15 | O1: VARI | P1: 40 | Q1: MINI | R1: 10 | S1: SPR.BO | T1: 10 | U1: SPR.SE | V1: 5 | W1: BODT | X1: 10 | Y1: ZSTO | Z1: 10 | AA1: 30m | AB1: 3.8 | AC1: 60m | AD1: 8.6 | AE1: 800 m | AF1: 170 | AG1: 2000m | AH1: 520 | AI1: 3000m | AJ1: 810 | AK1: JAP | AL1: 15 | AM1: SKA | AN1: 4 | AO1: LST | AP1: 29 | AQ1: KLZ | AR1: 10 | AS1: RB | AT1: 23 | AU1: ABK | AV1: 10 Wdh. in 3,7 sek | AW1: MED vw | AX1: 10.1 | AY1: MED rw | AZ1: 11.9 | BA1: KHK | BB1: 45 | BC1: JANDA | BD1: 26 | BE1: RAR | BF1: 35 | BG1: RD | BH1: 36 | BI1: HKR | BJ1: 45 | BK1: SWS | BL1: 2.4 | BM1: SEIL | BN1: 100 Wdh in 28 sek | BO1: HBK | BP1: 28 | BQ1: FSF | BR1: 5 | BS1: STT | BT1: 1 | BU1: FLG | BV1: 1 | BW1: FLG | BX1: 1 | BY1: FSP | BZ1: 0 | CA1: FSP | CB1: 0 | CC1: Punkte AT1 Gewandtheit | CE1: Punkte AT2 Ausdauer | CG1: Punkte AT2 Kraft | CI1: Punkte AT3 | CK1: Punkte Technik | CM1: Gesamtpunkte | CN1: Gsamtplatzierung
A2: Reihenf. | B2: =männlich!B2 -> Datum: 09.10.2011 | F2: 20
B3: Name | C3: Verein | D3: Gewicht | E3: Größe | F3: Geburtsdat. | G3: Zeit | H3: Pkt. | I3: Zeit | J3: Pkt. | K3: Zeit | L3: Pkt. | M3: Zeit | N3: Pkt. | O3: Zeit | P3: Pkt. | Q3: Note | R3: Pkt. | S3: Note | T3: Pkt. | U3: Note | V3: Pkt. | W3: Note | X3: Pkt. | Y3: Seg. | Z3: Pkt. | AA3: Zeit | AB3: Pkt. | AC3: Zeit | AD3: Pkt. | AE3: Zeit | AF3: Pkt. | AG3: Zeit | AH3: Pkt | AI3: Zeit | AJ3: Pkt | AK3: Zeit | AL3: Pkt. | AM3: Zeit | AN3: Pkt. | AO3: Anz. | AP3: Pkt. | AQ3: Anz. | AR3: Pkt. | AS3: Anz. | AT3: Pkt. | AU3: Zeit | AV3: Pkt. | AW3: Weite | AX3: Pkt. | AY3: Weite | AZ3: Pkt. | BA3: Zeit | BB3: Pkt. | BC3: Anz. | BD3: Pkt. | BE3: Anz. | BF3: Pkt. | BG3: Anz. | BH3: Pkt. | BI3: Zeit | BJ3: Pkt. | BK3: Weite | BL3: Pkt. | BM3: Zeit | BN3: Pkt. | BO3: cm | BP3: Pkt. | BQ3: grd | BR3: Pkt. | BS3: Note | BT3: Pkt. | BU3: Note | BV3: Pkt. | BW3: Note | BX3: Pkt. | BY3: cm | BZ3: Pkt. | CA3: cm | CB3: Pkt. | CC3: Pkt. | CD3: Platz | CE3: Pkt. | CF3: Platz | CG3: Pkt | CH3: Platz | CI3: Pkt. | CJ3: Platz | CK3: Pkt. | CL3: Platz | CM3: Pkt. | CN3: Platz
A4: 1 | B4: Oestereicher, Svenja | C4: SON | D4: 71.6 | E4: 172 | F4: 35891 | H4: =IF(G4="",0,IF(G4<$H$1,50,IF(G4>18.7,0,VLOOKUP(G4,Liste_AT1!$A$3:$B$79,2,0)))) -> 0 | J4: =IF(I4="",0,IF(I4<$J$1,50,IF(I4>22.8,0,VLOOKUP(I4,Liste_AT1!$C$3:$D$125,2,0)))) -> 0 | L4: =IF(K4="",0,IF(K4<$L$1,50,IF(K4>29.2,0,VLOOKUP(K4,Liste_AT1!$E$3:$F$138,2,0)))) -> 0 | M4: 24.5 | N4: =IF(M4="",0,IF(M4<15,50,IF(M4>39.5,0,VLOOKUP(M4,Liste_AT1!$G$3:$H$248,2,0)))) -> 31 | P4: =IF(O4="",0,IF(O4<40,50,IF(O4>108,0,VLOOKUP(O4,Liste_AT1!$I$3:$J$71,2,0)))) -> 0 | R4: =IF(Q4>10,50,IF(Q4<1,0,IF(Q4="",0,VLOOKUP(Q4,Liste_AT1!$K$3:$L$21,2,0)))) -> 0 | T4: =IF(S4>10,50,IF(S4<1,0,VLOOKUP(S4,Liste_AT1!$M$3:$N$21,2,0))) -> 0 | V4: =IF(U4>5,35,IF(U4<1,0,VLOOKUP(U4,Liste_AT1!$O$3:$P$19,2))) -> 0 | W4: 9.2 | X4: =IF(W4>10,50,IF(W4<1,0,VLOOKUP(W4,Liste_AT1!$Q$3:$R$21,2))) -> 46 | Z4: =IF(Y4>10,50,IF(Y4<1,0,VLOOKUP(Y4,Liste_AT1!$S$3:$T$12,2))) -> 0 | AB4: =IF(AA4="",0,IF(AA4<3.8,50,IF(AA4>6.9,0,VLOOKUP(AA4,Liste_AT2!$A$3:$B$34,2)))) -> 0 | AD4: =IF(AC4="",0,IF(AC4<8.6,50,IF(AC4>12.1,0,VLOOKUP(AC4,Liste_AT2!$C$3:$D$38,2)))) -> 0 | AF4: =IF(AE4="",0,IF(AE4<170,50,IF(AE4>241,0,VLOOKUP(AE4,Liste_AT2!$E$3:$G$74,3)))) -> 0 | AG4: 565 | AH4: =IF(AG4="",0,IF(AG4<520,50,IF(AG4>646,0,VLOOKUP(AG4,Liste_AT2!$AV$3:$AW$66,2)))) -> 28 | AJ4: =IF(AI4="",0,IF(AI4<810,50,IF(AI4>936,0,VLOOKUP(AI4,Liste_AT2!$H$3:$J$66,3)))) -> 0 | AK4: 17.1 | AL4: =IF(AK4="",0,IF(AK4<15,50,IF(AK4>22.5,0,VLOOKUP(AK4,Liste_AT2!$K$3:$L$78,2)))) -> 29 | AN4: =IF(AM4="",0,IF(AM4<4,50,IF(AM4>9.4,0,VLOOKUP(AM4,Liste_AT2!$M$3:$N$57,2)))) -> 0 | AP4: =IF(AO4="",0,IF(AO4>29,50,IF(AO4<5,0,VLOOKUP(AO4,Liste_AT2!$O$3:$P$29,2)))) -> 0 | AR4: =IF(AQ4="",0,IF(AQ4>10,50,IF(AQ4<1,0,VLOOKUP(AQ4,Liste_AT2!$S$3:$T$19,2)))) -> 0 | AT4: =IF(AS4="",0,IF(AS4>23,50,IF(AS4<2,0,VLOOKUP(AS4,Liste_AT2!$Y$3:$Z$24,2)))) -> 0 | AV4: =IF(AU4="",0,IF(AU4<3.7,50,IF(AU4>8,0,VLOOKUP(AU4,Liste_AT2!$AA$3:$AB$46,2)))) -> 0 | AX4: =IF(AW4="",0,IF(AW4<4,0,IF(AW4>10.1,50,VLOOKUP(AW4,Liste_AT2!$AC$3:$AD$62,2)))) -> 0 | AY4: 11.9 | AZ4: =IF(AY4="",0,IF(AY4>11.9,50,IF(AY4<5,0,VLOOKUP(AY4,Liste_AT2!$AE$3:$AF$72,2)))) -> 50 | BB4: =IF(BA4="",0,IF(BA4>45,50,IF(BA4<2,0,VLOOKUP(BA4,Liste_AT2!$AG$3:$AH$61,2)))) -> 0 | BD4: =IF(BC4="",0,IF(BC4>26,50,IF(BC4<4,0,VLOOKUP(BC4,Liste_AT2!$AI$3:$AJ$25,2)))) -> 0 | BE4: 20 | BF4: =IF(BE4="",0,IF(BE4>35,50,IF(BE4<14,0,VLOOKUP(BE4,Liste_AT2!$AK$3:$AL$24,2)))) -> 12 | BH4: =IF(BG4="",0,IF(BG4>36,50,IF(BG4<7,0,VLOOKUP(BG4,Liste_AT2!$AM$3:$AN$32,2)))) -> 0 | BJ4: =IF(BI4="",0,IF(BI4>45,50,IF(BI4<6,0,VLOOKUP(BI4,Liste_AT2!$AO$3:$AP$52,2)))) -> 0 | BK4: 2.1 | BL4: =IF(BK4="",0,IF(BK4>2.4,50,IF(BK4<1.15,0,VLOOKUP(BK4,Liste_AT2!$AQ$3:$AR$52,2)))) -> 35 | BM4: 38.3 | BN4: =IF(BM4="",0,IF(BM4<28,50,IF(BM4>62,0,VLOOKUP(BM4,Liste_AT2!$AS$3:$AT$343,2,0)))) -> 39 | BO4: 16.5 | BP4: =IF(BO4="",0,IF(BO4<1,0,IF(BO4>28,50,VLOOKUP(BO4,Liste_AT3!$A$3:$B$30,2)))) -> 28 | BR4: =IF(BQ4="",0,IF(BQ4<5,50,IF(BQ4>40,0,VLOOKUP(BQ4,Liste_AT3!$C$3:$D$38,2)))) -> 0 | BS4: 1.5 | BT4: =IF(BS4="",0,IF(BS4<1,50,IF(BS4>4.75,0,VLOOKUP(BS4,Liste_AT3!$E$3:$F$18,2)))) -> 42 | BV4: =IF(BU4="",0,IF(BU4<1,50,IF(BU4>4.75,0,VLOOKUP(BU4,Liste_AT3!$G$3:$H$18,2)))) -> 0 | BX4: =IF(BW4="",0,IF(BW4<1,50,IF(BW4>4.75,0,VLOOKUP(BW4,Liste_AT3!$G$3:$H$18,2)))) -> 0 | BZ4: =IF(BY4="",0,IF(BY4>40,0,VLOOKUP(BY4,Liste_AT3!$I$3:$J$43,2,2))) -> 0 | CB4: =IF(CA4="",0,IF(CA4>40,0,VLOOKUP(CA4,Liste_AT3!$I$3:$J$43,2,2))) -> 0 | CC4: =SUM(H4,J4,L4,N4,P4,R4,T4,V4,X4,Z4) -> 77 | CD4: =IF(CC4=0,"",RANK(CC4,$CC$4:$CC$16)) -> 3 | CE4: =SUM(AB4,AD4,AF4,AJ4,AL4,AN4,AH4) -> 57 | CF4: =IF(CE4=0,"",RANK(CE4,$CE$4:$CE$16)) -> 1 | CG4: =SUM(AP4,AR4,AT4,AV4,AX4,AZ4,BB4,BD4,BF4,BH4,BJ4,BL4,BN4) -> 136 | CH4: =IF(CG4=0,"",RANK(CG4,$CG$4:$CG$16)) -> 1 | CI4: =SUM(BP4,BR4) -> 28 | CJ4: =IF(CI4=0,"",RANK(CI4,$CI$4:$CI$16)) -> 3 | CK4: =SUM(BT4,BV4,BX4,BZ4,CB4) -> 42 | CL4: =IF(CK4=0,"",RANK(CK4,$CK$4:$CK$16)) -> 2 | CM4: =SUM(CC4,CE4,CG4,CI4,CK4) -> 340 | CN4: =IF(CM4=0,"",RANK(CM4,$CM$4:$CM$16)) -> 1
A5: 2 | B5: Werner, Janine | C5: RTS | D5: 43.6 | E5: 162 | F5: 35892 | H5: =IF(G5="",0,IF(G5<$H$1,50,IF(G5>18.7,0,VLOOKUP(G5,Liste_AT1!$A$3:$B$79,2,0)))) -> 0 | J5: =IF(I5="",0,IF(I5<$J$1,50,IF(I5>22.8,0,VLOOKUP(I5,Liste_AT1!$C$3:$D$125,2,0)))) -> 0 | L5: =IF(K5="",0,IF(K5<$L$1,50,IF(K5>29.2,0,VLOOKUP(K5,Liste_AT1!$E$3:$F$138,2,0)))) -> 0 | M5: 20.4 | N5: =IF(M5="",0,IF(M5<15,50,IF(M5>39.5,0,VLOOKUP(M5,Liste_AT1!$G$3:$H$248,2,0)))) -> 39 | P5: =IF(O5="",0,IF(O5<40,50,IF(O5>108,0,VLOOKUP(O5,Liste_AT1!$I$3:$J$71,2,0)))) -> 0 | R5: =IF(Q5>10,50,IF(Q5<1,0,IF(Q5="",0,VLOOKUP(Q5,Liste_AT1!$K$3:$L$21,2,0)))) -> 0 | T5: =IF(S5>10,50,IF(S5<1,0,VLOOKUP(S5,Liste_AT1!$M$3:$N$21,2,0))) -> 0 | V5: =IF(U5>5,35,IF(U5<1,0,VLOOKUP(U5,Liste_AT1!$O$3:$P$19,2))) -> 0 | W5: 9.3 | X5: =IF(W5>10,50,IF(W5<1,0,VLOOKUP(W5,Liste_AT1!$Q$3:$R$21,2))) -> 46 | Z5: =IF(Y5>10,50,IF(Y5<1,0,VLOOKUP(Y5,Liste_AT1!$S$3:$T$12,2))) -> 0 | AB5: =IF(AA5="",0,IF(AA5<3.8,50,IF(AA5>6.9,0,VLOOKUP(AA5,Liste_AT2!$A$3:$B$34,2)))) -> 0 | AD5: =IF(AC5="",0,IF(AC5<8.6,50,IF(AC5>12.1,0,VLOOKUP(AC5,Liste_AT2!$C$3:$D$38,2)))) -> 0 | AF5: =IF(AE5="",0,IF(AE5<170,50,IF(AE5>241,0,VLOOKUP(AE5,Liste_AT2!$E$3:$G$74,3)))) -> 0 | AG5: 551 | AH5: =IF(AG5="",0,IF(AG5<520,50,IF(AG5>646,0,VLOOKUP(AG5,Liste_AT2!$AV$3:$AW$66,2)))) -> 35 | AJ5: =IF(AI5="",0,IF(AI5<810,50,IF(AI5>936,0,VLOOKUP(AI5,Liste_AT2!$H$3:$J$66,3)))) -> 0 | AK5: 17.8 | AL5: =IF(AK5="",0,IF(AK5<15,50,IF(AK5>22.5,0,VLOOKUP(AK5,Liste_AT2!$K$3:$L$78,2)))) -> 22 | AN5: =IF(AM5="",0,IF(AM5<4,50,IF(AM5>9.4,0,VLOOKUP(AM5,Liste_AT2!$M$3:$N$57,2)))) -> 0 | AP5: =IF(AO5="",0,IF(AO5>29,50,IF(AO5<5,0,VLOOKUP(AO5,Liste_AT2!$O$3:$P$29,2)))) -> 0 | AR5: =IF(AQ5="",0,IF(AQ5>10,50,IF(AQ5<1,0,VLOOKUP(AQ5,Liste_AT2!$S$3:$T$19,2)))) -> 0 | AT5: =IF(AS5="",0,IF(AS5>23,50,IF(AS5<2,0,VLOOKUP(AS5,Liste_AT2!$Y$3:$Z$24,2)))) -> 0 | AV5: =IF(AU5="",0,IF(AU5<3.7,50,IF(AU5>8,0,VLOOKUP(AU5,Liste_AT2!$AA$3:$AB$46,2)))) -> 0 | AX5: =IF(AW5="",0,IF(AW5<4,0,IF(AW5>10.1,50,VLOOKUP(AW5,Liste_AT2!$AC$3:$AD$62,2)))) -> 0 | AY5: 7.4 | AZ5: =IF(AY5="",0,IF(AY5>11.9,50,IF(AY5<5,0,VLOOKUP(AY5,Liste_AT2!$AE$3:$AF$72,2)))) -> 15 | BB5: =IF(BA5="",0,IF(BA5>45,50,IF(BA5<2,0,VLOOKUP(BA5,Liste_AT2!$AG$3:$AH$61,2)))) -> 0 | BD5: =IF(BC5="",0,IF(BC5>26,50,IF(BC5<4,0,VLOOKUP(BC5,Liste_AT2!$AI$3:$AJ$25,2)))) -> 0 | BE5: 20 | BF5: =IF(BE5="",0,IF(BE5>35,50,IF(BE5<14,0,VLOOKUP(BE5,Liste_AT2!$AK$3:$AL$24,2)))) -> 12 | BH5: =IF(BG5="",0,IF(BG5>36,50,IF(BG5<7,0,VLOOKUP(BG5,Liste_AT2!$AM$3:$AN$32,2)))) -> 0 | BJ5: =IF(BI5="",0,IF(BI5>45,50,IF(BI5<6,0,VLOOKUP(BI5,Liste_AT2!$AO$3:$AP$52,2)))) -> 0 | BK5: 1.85 | BL5: =IF(BK5="",0,IF(BK5>2.4,50,IF(BK5<1.15,0,VLOOKUP(BK5,Liste_AT2!$AQ$3:$AR$52,2)))) -> 22 | BM5: 30 | BN5: =IF(BM5="",0,IF(BM5<28,50,IF(BM5>62,0,VLOOKUP(BM5,Liste_AT2!$AS$3:$AT$343,2,0)))) -> 48 | BO5: 15 | BP5: =IF(BO5="",0,IF(BO5<1,0,IF(BO5>28,50,VLOOKUP(BO5,Liste_AT3!$A$3:$B$30,2)))) -> 26 | BR5: =IF(BQ5="",0,IF(BQ5<5,50,IF(BQ5>40,0,VLOOKUP(BQ5,Liste_AT3!$C$3:$D$38,2)))) -> 0 | BS5: 1.5 | BT5: =IF(BS5="",0,IF(BS5<1,50,IF(BS5>4.75,0,VLOOKUP(BS5,Liste_AT3!$E$3:$F$18,2)))) -> 42 | BV5: =IF(BU5="",0,IF(BU5<1,50,IF(BU5>4.75,0,VLOOKUP(BU5,Liste_AT3!$G$3:$H$18,2)))) -> 0 | BX5: =IF(BW5="",0,IF(BW5<1,50,IF(BW5>4.75,0,VLOOKUP(BW5,Liste_AT3!$G$3:$H$18,2)))) -> 0 | BZ5: =IF(BY5="",0,IF(BY5>40,0,VLOOKUP(BY5,Liste_AT3!$I$3:$J$43,2,2))) -> 0 | CB5: =IF(CA5="",0,IF(CA5>40,0,VLOOKUP(CA5,Liste_AT3!$I$3:$J$43,2,2))) -> 0 | CC5: =SUM(H5,J5,L5,N5,P5,R5,T5,V5,X5,Z5) -> 85 | CD5: =IF(CC5=0,"",RANK(CC5,$CC$4:$CC$16)) -> 2 | CE5: =SUM(AB5,AD5,AF5,AJ5,AL5,AN5,AH5) -> 57 | CF5: =IF(CE5=0,"",RANK(CE5,$CE$4:$CE$16)) -> 1 | CG5: =SUM(AP5,AR5,AT5,AV5,AX5,AZ5,BB5,BD5,BF5,BH5,BJ5,BL5,BN5) -> 97 | CH5: =IF(CG5=0,"",RANK(CG5,$CG$4:$CG$16)) -> 2 | CI5: =SUM(BP5,BR5) -> 26 | CJ5: =IF(CI5=0,"",RANK(CI5,$CI$4:$CI$16)) -> 5 | CK5: =SUM(BT5,BV5,BX5,BZ5,CB5) -> 42 | CL5: =IF(CK5=0,"",RANK(CK5,$CK$4:$CK$16)) -> 2 | CM5: =SUM(CC5,CE5,CG5,CI5,CK5) -> 307 | CN5: =IF(CM5=0,"",RANK(CM5,$CM$4:$CM$16)) -> 2
A6: 4 | B6: König, Laura | C6: RTS | D6: 54.4 | E6: 162 | F6: 36352 | H6: =IF(G6="",0,IF(G6<$H$1,50,IF(G6>18.7,0,VLOOKUP(G6,Liste_AT1!$A$3:$B$79,2,0)))) -> 0 | J6: =IF(I6="",0,IF(I6<$J$1,50,IF(I6>22.8,0,VLOOKUP(I6,Liste_AT1!$C$3:$D$125,2,0)))) -> 0 | L6: =IF(K6="",0,IF(K6<$L$1,50,IF(K6>29.2,0,VLOOKUP(K6,Liste_AT1!$E$3:$F$138,2,0)))) -> 0 | M6: 20.2 | N6: =IF(M6="",0,IF(M6<15,50,IF(M6>39.5,0,VLOOKUP(M6,Liste_AT1!$G$3:$H$248,2,0)))) -> 39 | P6: =IF(O6="",0,IF(O6<40,50,IF(O6>108,0,VLOOKUP(O6,Liste_AT1!$I$3:$J$71,2,0)))) -> 0 | R6: =IF(Q6>10,50,IF(Q6<1,0,IF(Q6="",0,VLOOKUP(Q6,Liste_AT1!$K$3:$L$21,2,0)))) -> 0 | T6: =IF(S6>10,50,IF(S6<1,0,VLOOKUP(S6,Liste_AT1!$M$3:$N$21,2,0))) -> 0 | V6: =IF(U6>5,35,IF(U6<1,0,VLOOKUP(U6,Liste_AT1!$O$3:$P$19,2))) -> 0 | W6: 9.5 | X6: =IF(W6>10,50,IF(W6<1,0,VLOOKUP(W6,Liste_AT1!$Q$3:$R$21,2))) -> 48 | Z6: =IF(Y6>10,50,IF(Y6<1,0,VLOOKUP(Y6,Liste_AT1!$S$3:$T$12,2))) -> 0 | AB6: =IF(AA6="",0,IF(AA6<3.8,50,IF(AA6>6.9,0,VLOOKUP(AA6,Liste_AT2!$A$3:$B$34,2)))) -> 0 | AD6: =IF(AC6="",0,IF(AC6<8.6,50,IF(AC6>12.1,0,VLOOKUP(AC6,Liste_AT2!$C$3:$D$38,2)))) -> 0 | AF6: =IF(AE6="",0,IF(AE6<170,50,IF(AE6>241,0,VLOOKUP(AE6,Liste_AT2!$E$3:$G$74,3)))) -> 0 | AG6: 571 | AH6: =IF(AG6="",0,IF(AG6<520,50,IF(AG6>646,0,VLOOKUP(AG6,Liste_AT2!$AV$3:$AW$66,2)))) -> 25 | AJ6: =IF(AI6="",0,IF(AI6<810,50,IF(AI6>936,0,VLOOKUP(AI6,Liste_AT2!$H$3:$J$66,3)))) -> 0 | AK6: 18.2 | AL6: =IF(AK6="",0,IF(AK6<15,50,IF(AK6>22.5,0,VLOOKUP(AK6,Liste_AT2!$K$3:$L$78,2)))) -> 18 | AN6: =IF(AM6="",0,IF(AM6<4,50,IF(AM6>9.4,0,VLOOKUP(AM6,Liste_AT2!$M$3:$N$57,2)))) -> 0 | AP6: =IF(AO6="",0,IF(AO6>29,50,IF(AO6<5,0,VLOOKUP(AO6,Liste_AT2!$O$3:$P$29,2)))) -> 0 | AR6: =IF(AQ6="",0,IF(AQ6>10,50,IF(AQ6<1,0,VLOOKUP(AQ6,Liste_AT2!$S$3:$T$19,2)))) -> 0 | AT6: =IF(AS6="",0,IF(AS6>23,50,IF(AS6<2,0,VLOOKUP(AS6,Liste_AT2!$Y$3:$Z$24,2)))) -> 0 | AV6: =IF(AU6="",0,IF(AU6<3.7,50,IF(AU6>8,0,VLOOKUP(AU6,Liste_AT2!$AA$3:$AB$46,2)))) -> 0 | AX6: =IF(AW6="",0,IF(AW6<4,0,IF(AW6>10.1,50,VLOOKUP(AW6,Liste_AT2!$AC$3:$AD$62,2)))) -> 0 | AY6: 7.6 | AZ6: =IF(AY6="",0,IF(AY6>11.9,50,IF(AY6<5,0,VLOOKUP(AY6,Liste_AT2!$AE$3:$AF$72,2)))) -> 17 | BB6: =IF(BA6="",0,IF(BA6>45,50,IF(BA6<2,0,VLOOKUP(BA6,Liste_AT2!$AG$3:$AH$61,2)))) -> 0 | BD6: =IF(BC6="",0,IF(BC6>26,50,IF(BC6<4,0,VLOOKUP(BC6,Liste_AT2!$AI$3:$AJ$25,2)))) -> 0 | BE6: 23 | BF6: =IF(BE6="",0,IF(BE6>35,50,IF(BE6<14,0,VLOOKUP(BE6,Liste_AT2!$AK$3:$AL$24,2)))) -> 18 | BH6: =IF(BG6="",0,IF(BG6>36,50,IF(BG6<7,0,VLOOKUP(BG6,Liste_AT2!$AM$3:$AN$32,2)))) -> 0 | BJ6: =IF(BI6="",0,IF(BI6>45,50,IF(BI6<6,0,VLOOKUP(BI6,Liste_AT2!$AO$3:$AP$52,2)))) -> 0 | BK6: 1.71 | BL6: =IF(BK6="",0,IF(BK6>2.4,50,IF(BK6<1.15,0,VLOOKUP(BK6,Liste_AT2!$AQ$3:$AR$52,2)))) -> 15 | BM6: 34 | BN6: =IF(BM6="",0,IF(BM6<28,50,IF(BM6>62,0,VLOOKUP(BM6,Liste_AT2!$AS$3:$AT$343,2,0)))) -> 44 | BO6: 13 | BP6: =IF(BO6="",0,IF(BO6<1,0,IF(BO6>28,50,VLOOKUP(BO6,Liste_AT3!$A$3:$B$30,2)))) -> 22 | BR6: =IF(BQ6="",0,IF(BQ6<5,50,IF(BQ6>40,0,VLOOKUP(BQ6,Liste_AT3!$C$3:$D$38,2)))) -> 0 | BS6: 1.25 | BT6: =IF(BS6="",0,IF(BS6<1,50,IF(BS6>4.75,0,VLOOKUP(BS6,Liste_AT3!$E$3:$F$18,2)))) -> 46 | BV6: =IF(BU6="",0,IF(BU6<1,50,IF(BU6>4.75,0,VLOOKUP(BU6,Liste_AT3!$G$3:$H$18,2)))) -> 0 | BX6: =IF(BW6="",0,IF(BW6<1,50,IF(BW6>4.75,0,VLOOKUP(BW6,Liste_AT3!$G$3:$H$18,2)))) -> 0 | BZ6: =IF(BY6="",0,IF(BY6>40,0,VLOOKUP(BY6,Liste_AT3!$I$3:$J$43,2,2))) -> 0 | CB6: =IF(CA6="",0,IF(CA6>40,0,VLOOKUP(CA6,Liste_AT3!$I$3:$J$43,2,2))) -> 0 | CC6: =SUM(H6,J6,L6,N6,P6,R6,T6,V6,X6,Z6) -> 87 | CD6: =IF(CC6=0,"",RANK(CC6,$CC$4:$CC$16)) -> 1 | CE6: =SUM(AB6,AD6,AF6,AJ6,AL6,AN6,AH6) -> 43 | CF6: =IF(CE6=0,"",RANK(CE6,$CE$4:$CE$16)) -> 5 | CG6: =SUM(AP6,AR6,AT6,AV6,AX6,AZ6,BB6,BD6,BF6,BH6,BJ6,BL6,BN6) -> 94 | CH6: =IF(CG6=0,"",RANK(CG6,$CG$4:$CG$16)) -> 4 | CI6: =SUM(BP6,BR6) -> 22 | CJ6: =IF(CI6=0,"",RANK(CI6,$CI$4:$CI$16)) -> 9 | CK6: =SUM(BT6,BV6,BX6,BZ6,CB6) -> 46 | CL6: =IF(CK6=0,"",RANK(CK6,$CK$4:$CK$16)) -> 1 | CM6: =SUM(CC6,CE6,CG6,CI6,CK6) -> 292 | CN6: =IF(CM6=0,"",RANK(CM6,$CM$4:$CM$16)) -> 3
A7: 3 | B7: Erfurt, Lisa | C7: RCI | D7: 56.5 | E7: 167 | F7: 35909 | H7: =IF(G7="",0,IF(G7<$H$1,50,IF(G7>18.7,0,VLOOKUP(G7,Liste_AT1!$A$3:$B$79,2,0)))) -> 0 | J7: =IF(I7="",0,IF(I7<$J$1,50,IF(I7>22.8,0,VLOOKUP(I7,Liste_AT1!$C$3:$D$125,2,0)))) -> 0 | L7: =IF(K7="",0,IF(K7<$L$1,50,IF(K7>29.2,0,VLOOKUP(K7,Liste_AT1!$E$3:$F$138,2,0)))) -> 0 | M7: 24.8 | N7: =IF(M7="",0,IF(M7<15,50,IF(M7>39.5,0,VLOOKUP(M7,Liste_AT1!$G$3:$H$248,2,0)))) -> 30 | P7: =IF(O7="",0,IF(O7<40,50,IF(O7>108,0,VLOOKUP(O7,Liste_AT1!$I$3:$J$71,2,0)))) -> 0 | R7: =IF(Q7>10,50,IF(Q7<1,0,IF(Q7="",0,VLOOKUP(Q7,Liste_AT1!$K$3:$L$21,2,0)))) -> 0 | T7: =IF(S7>10,50,IF(S7<1,0,VLOOKUP(S7,Liste_AT1!$M$3:$N$21,2,0))) -> 0 | V7: =IF(U7>5,35,IF(U7<1,0,VLOOKUP(U7,Liste_AT1!$O$3:$P$19,2))) -> 0 | W7: 9.1 | X7: =IF(W7>10,50,IF(W7<1,0,VLOOKUP(W7,Liste_AT1!$Q$3:$R$21,2))) -> 46 | Z7: =IF(Y7>10,50,IF(Y7<1,0,VLOOKUP(Y7,Liste_AT1!$S$3:$T$12,2))) -> 0 | AB7: =IF(AA7="",0,IF(AA7<3.8,50,IF(AA7>6.9,0,VLOOKUP(AA7,Liste_AT2!$A$3:$B$34,2)))) -> 0 | AD7: =IF(AC7="",0,IF(AC7<8.6,50,IF(AC7>12.1,0,VLOOKUP(AC7,Liste_AT2!$C$3:$D$38,2)))) -> 0 | AF7: =IF(AE7="",0,IF(AE7<170,50,IF(AE7>241,0,VLOOKUP(AE7,Liste_AT2!$E$3:$G$74,3)))) -> 0 | AG7: 801 | AH7: =IF(AG7="",0,IF(AG7<520,50,IF(AG7>646,0,VLOOKUP(AG7,Liste_AT2!$AV$3:$AW$66,2)))) -> 0 | AJ7: =IF(AI7="",0,IF(AI7<810,50,IF(AI7>936,0,VLOOKUP(AI7,Liste_AT2!$H$3:$J$66,3)))) -> 0 | AK7: 17.3 | AL7: =IF(AK7="",0,IF(AK7<15,50,IF(AK7>22.5,0,VLOOKUP(AK7,Liste_AT2!$K$3:$L$78,2)))) -> 27 | AN7: =IF(AM7="",0,IF(AM7<4,50,IF(AM7>9.4,0,VLOOKUP(AM7,Liste_AT2!$M$3:$N$57,2)))) -> 0 | AP7: =IF(AO7="",0,IF(AO7>29,50,IF(AO7<5,0,VLOOKUP(AO7,Liste_AT2!$O$3:$P$29,2)))) -> 0 | AR7: =IF(AQ7="",0,IF(AQ7>10,50,IF(AQ7<1,0,VLOOKUP(AQ7,Liste_AT2!$S$3:$T$19,2)))) -> 0 | AT7: =IF(AS7="",0,IF(AS7>23,50,IF(AS7<2,0,VLOOKUP(AS7,Liste_AT2!$Y$3:$Z$24,2)))) -> 0 | AV7: =IF(AU7="",0,IF(AU7<3.7,50,IF(AU7>8,0,VLOOKUP(AU7,Liste_AT2!$AA$3:$AB$46,2)))) -> 0 | AX7: =IF(AW7="",0,IF(AW7<4,0,IF(AW7>10.1,50,VLOOKUP(AW7,Liste_AT2!$AC$3:$AD$62,2)))) -> 0 | AY7: 7.6 | AZ7: =IF(AY7="",0,IF(AY7>11.9,50,IF(AY7<5,0,VLOOKUP(AY7,Liste_AT2!$AE$3:$AF$72,2)))) -> 17 | BB7: =IF(BA7="",0,IF(BA7>45,50,IF(BA7<2,0,VLOOKUP(BA7,Liste_AT2!$AG$3:$AH$61,2)))) -> 0 | BD7: =IF(BC7="",0,IF(BC7>26,50,IF(BC7<4,0,VLOOKUP(BC7,Liste_AT2!$AI$3:$AJ$25,2)))) -> 0 | BE7: 22 | BF7: =IF(BE7="",0,IF(BE7>35,50,IF(BE7<14,0,VLOOKUP(BE7,Liste_AT2!$AK$3:$AL$24,2)))) -> 16 | BH7: =IF(BG7="",0,IF(BG7>36,50,IF(BG7<7,0,VLOOKUP(BG7,Liste_AT2!$AM$3:$AN$32,2)))) -> 0 | BJ7: =IF(BI7="",0,IF(BI7>45,50,IF(BI7<6,0,VLOOKUP(BI7,Liste_AT2!$AO$3:$AP$52,2)))) -> 0 | BK7: 1.86 | BL7: =IF(BK7="",0,IF(BK7>2.4,50,IF(BK7<1.15,0,VLOOKUP(BK7,Liste_AT2!$AQ$3:$AR$52,2)))) -> 23 | BM7: 36.2 | BN7: =IF(BM7="",0,IF(BM7<28,50,IF(BM7>62,0,VLOOKUP(BM7,Liste_AT2!$AS$3:$AT$343,2,0)))) -> 41 | BO7: 19.5 | BP7: =IF(BO7="",0,IF(BO7<1,0,IF(BO7>28,50,VLOOKUP(BO7,Liste_AT3!$A$3:$B$30,2)))) -> 34 | BR7: =IF(BQ7="",0,IF(BQ7<5,50,IF(BQ7>40,0,VLOOKUP(BQ7,Liste_AT3!$C$3:$D$38,2)))) -> 0 | BS7: 1.5 | BT7: =IF(BS7="",0,IF(BS7<1,50,IF(BS7>4.75,0,VLOOKUP(BS7,Liste_AT3!$E$3:$F$18,2)))) -> 42 | BV7: =IF(BU7="",0,IF(BU7<1,50,IF(BU7>4.75,0,VLOOKUP(BU7,Liste_AT3!$G$3:$H$18,2)))) -> 0 | BX7: =IF(BW7="",0,IF(BW7<1,50,IF(BW7>4.75,0,VLOOKUP(BW7,Liste_AT3!$G$3:$H$18,2)))) -> 0 | BZ7: =IF(BY7="",0,IF(BY7>40,0,VLOOKUP(BY7,Liste_AT3!$I$3:$J$43,2,2))) -> 0 | CB7: =IF(CA7="",0,IF(CA7>40,0,VLOOKUP(CA7,Liste_AT3!$I$3:$J$43,2,2))) -> 0 | CC7: =SUM(H7,J7,L7,N7,P7,R7,T7,V7,X7,Z7) -> 76 | CD7: =IF(CC7=0,"",RANK(CC7,$CC$4:$CC$16)) -> 4 | CE7: =SUM(AB7,AD7,AF7,AJ7,AL7,AN7,AH7) -> 27 | CF7: =IF(CE7=0,"",RANK(CE7,$CE$4:$CE$16)) -> 8 | CG7: =SUM(AP7,AR7,AT7,AV7,AX7,AZ7,BB7,BD7,BF7,BH7,BJ7,BL7,BN7) -> 97 | CH7: =IF(CG7=0,"",RANK(CG7,$CG$4:$CG$16)) -> 2 | CI7: =SUM(BP7,BR7) -> 34 | CJ7: =IF(CI7=0,"",RANK(CI7,$CI$4:$CI$16)) -> 1 | CK7: =SUM(BT7,BV7,BX7,BZ7,CB7) -> 42 | CL7: =IF(CK7=0,"",RANK(CK7,$CK$4:$CK$16)) -> 2 | CM7: =SUM(CC7,CE7,CG7,CI7,CK7) -> 276 | CN7: =IF(CM7=0,"",RANK(CM7,$CM$4:$CM$16)) -> 4
A8: 5 | B8: Wiegand, Tanja | C8: FRO | D8: 42.1 | E8: 151 | F8: 36362 | H8: =IF(G8="",0,IF(G8<$H$1,50,IF(G8>18.7,0,VLOOKUP(G8,Liste_AT1!$A$3:$B$79,2,0)))) -> 0 | J8: =IF(I8="",0,IF(I8<$J$1,50,IF(I8>22.8,0,VLOOKUP(I8,Liste_AT1!$C$3:$D$125,2,0)))) -> 0 | L8: =IF(K8="",0,IF(K8<$L$1,50,IF(K8>29.2,0,VLOOKUP(K8,Liste_AT1!$E$3:$F$138,2,0)))) -> 0 | M8: 33.7 | N8: =IF(M8="",0,IF(M8<15,50,IF(M8>39.5,0,VLOOKUP(M8,Liste_AT1!$G$3:$H$248,2,0)))) -> 12 | P8: =IF(O8="",0,IF(O8<40,50,IF(O8>108,0,VLOOKUP(O8,Liste_AT1!$I$3:$J$71,2,0)))) -> 0 | R8: =IF(Q8>10,50,IF(Q8<1,0,IF(Q8="",0,VLOOKUP(Q8,Liste_AT1!$K$3:$L$21,2,0)))) -> 0 | T8: =IF(S8>10,50,IF(S8<1,0,VLOOKUP(S8,Liste_AT1!$M$3:$N$21,2,0))) -> 0 | V8: =IF(U8>5,35,IF(U8<1,0,VLOOKUP(U8,Liste_AT1!$O$3:$P$19,2))) -> 0 | W8: 9.2 | X8: =IF(W8>10,50,IF(W8<1,0,VLOOKUP(W8,Liste_AT1!$Q$3:$R$21,2))) -> 46 | Z8: =IF(Y8>10,50,IF(Y8<1,0,VLOOKUP(Y8,Liste_AT1!$S$3:$T$12,2))) -> 0 | AB8: =IF(AA8="",0,IF(AA8<3.8,50,IF(AA8>6.9,0,VLOOKUP(AA8,Liste_AT2!$A$3:$B$34,2)))) -> 0 | AD8: =IF(AC8="",0,IF(AC8<8.6,50,IF(AC8>12.1,0,VLOOKUP(AC8,Liste_AT2!$C$3:$D$38,2)))) -> 0 | AF8: =IF(AE8="",0,IF(AE8<170,50,IF(AE8>241,0,VLOOKUP(AE8,Liste_AT2!$E$3:$G$74,3)))) -> 0 | AG8: 555 | AH8: =IF(AG8="",0,IF(AG8<520,50,IF(AG8>646,0,VLOOKUP(AG8,Liste_AT2!$AV$3:$AW$66,2)))) -> 33 | AJ8: =IF(AI8="",0,IF(AI8<810,50,IF(AI8>936,0,VLOOKUP(AI8,Liste_AT2!$H$3:$J$66,3)))) -> 0 | AK8: 17.7 | AL8: =IF(AK8="",0,IF(AK8<15,50,IF(AK8>22.5,0,VLOOKUP(AK8,Liste_AT2!$K$3:$L$78,2)))) -> 23 | AN8: =IF(AM8="",0,IF(AM8<4,50,IF(AM8>9.4,0,VLOOKUP(AM8,Liste_AT2!$M$3:$N$57,2)))) -> 0 | AP8: =IF(AO8="",0,IF(AO8>29,50,IF(AO8<5,0,VLOOKUP(AO8,Liste_AT2!$O$3:$P$29,2)))) -> 0 | AR8: =IF(AQ8="",0,IF(AQ8>10,50,IF(AQ8<1,0,VLOOKUP(AQ8,Liste_AT2!$S$3:$T$19,2)))) -> 0 | AT8: =IF(AS8="",0,IF(AS8>23,50,IF(AS8<2,0,VLOOKUP(AS8,Liste_AT2!$Y$3:$Z$24,2)))) -> 0 | AV8: =IF(AU8="",0,IF(AU8<3.7,50,IF(AU8>8,0,VLOOKUP(AU8,Liste_AT2!$AA$3:$AB$46,2)))) -> 0 | AX8: =IF(AW8="",0,IF(AW8<4,0,IF(AW8>10.1,50,VLOOKUP(AW8,Liste_AT2!$AC$3:$AD$62,2)))) -> 0 | AY8: 7.1 | AZ8: =IF(AY8="",0,IF(AY8>11.9,50,IF(AY8<5,0,VLOOKUP(AY8,Liste_AT2!$AE$3:$AF$72,2)))) -> 12 | BB8: =IF(BA8="",0,IF(BA8>45,50,IF(BA8<2,0,VLOOKUP(BA8,Liste_AT2!$AG$3:$AH$61,2)))) -> 0 | BD8: =IF(BC8="",0,IF(BC8>26,50,IF(BC8<4,0,VLOOKUP(BC8,Liste_AT2!$AI$3:$AJ$25,2)))) -> 0 | BE8: 21 | BF8: =IF(BE8="",0,IF(BE8>35,50,IF(BE8<14,0,VLOOKUP(BE8,Liste_AT2!$AK$3:$AL$24,2)))) -> 14 | BH8: =IF(BG8="",0,IF(BG8>36,50,IF(BG8<7,0,VLOOKUP(BG8,Liste_AT2!$AM$3:$AN$32,2)))) -> 0 | BJ8: =IF(BI8="",0,IF(BI8>45,50,IF(BI8<6,0,VLOOKUP(BI8,Liste_AT2!$AO$3:$AP$52,2)))) -> 0 | BK8: 1.75 | BL8: =IF(BK8="",0,IF(BK8>2.4,50,IF(BK8<1.15,0,VLOOKUP(BK8,Liste_AT2!$AQ$3:$AR$52,2)))) -> 17 | BM8: 37.5 | BN8: =IF(BM8="",0,IF(BM8<28,50,IF(BM8>62,0,VLOOKUP(BM8,Liste_AT2!$AS$3:$AT$343,2,0)))) -> 40 | BO8: 14.5 | BP8: =IF(BO8="",0,IF(BO8<1,0,IF(BO8>28,50,VLOOKUP(BO8,Liste_AT3!$A$3:$B$30,2)))) -> 24 | BR8: =IF(BQ8="",0,IF(BQ8<5,50,IF(BQ8>40,0,VLOOKUP(BQ8,Liste_AT3!$C$3:$D$38,2)))) -> 0 | BS8: 2.75 | BT8: =IF(BS8="",0,IF(BS8<1,50,IF(BS8>4.75,0,VLOOKUP(BS8,Liste_AT3!$E$3:$F$18,2)))) -> 22 | BV8: =IF(BU8="",0,IF(BU8<1,50,IF(BU8>4.75,0,VLOOKUP(BU8,Liste_AT3!$G$3:$H$18,2)))) -> 0 | BX8: =IF(BW8="",0,IF(BW8<1,50,IF(BW8>4.75,0,VLOOKUP(BW8,Liste_AT3!$G$3:$H$18,2)))) -> 0 | BZ8: =IF(BY8="",0,IF(BY8>40,0,VLOOKUP(BY8,Liste_AT3!$I$3:$J$43,2,2))) -> 0 | CB8: =IF(CA8="",0,IF(CA8>40,0,VLOOKUP(CA8,Liste_AT3!$I$3:$J$43,2,2))) -> 0 | CC8: =SUM(H8,J8,L8,N8,P8,R8,T8,V8,X8,Z8) -> 58 | CD8: =IF(CC8=0,"",RANK(CC8,$CC$4:$CC$16)) -> 11 | CE8: =SUM(AB8,AD8,AF8,AJ8,AL8,AN8,AH8) -> 56 | CF8: =IF(CE8=0,"",RANK(CE8,$CE$4:$CE$16)) -> 3 | CG8: =SUM(AP8,AR8,AT8,AV8,AX8,AZ8,BB8,BD8,BF8,BH8,BJ8,BL8,BN8) -> 83 | CH8: =IF(CG8=0,"",RANK(CG8,$CG$4:$CG$16)) -> 5 | CI8: =SUM(BP8,BR8) -> 24 | CJ8: =IF(CI8=0,"",RANK(CI8,$CI$4:$CI$16)) -> 7 | CK8: =SUM(BT8,BV8,BX8,BZ8,CB8) -> 22 | CL8: =IF(CK8=0,"",RANK(CK8,$CK$4:$CK$16)) -> 6 | CM8: =SUM(CC8,CE8,CG8,CI8,CK8) -> 243 | CN8: =IF(CM8=0,"",RANK(CM8,$CM$4:$CM$16)) -> 5
A9: 11 | B9: Lohmann, Janine | C9: SON | D9: 32.3 | E9: 143 | F9: 36302 | H9: =IF(G9="",0,IF(G9<$H$1,50,IF(G9>18.7,0,VLOOKUP(G9,Liste_AT1!$A$3:$B$79,2,0)))) -> 0 | J9: =IF(I9="",0,IF(I9<$J$1,50,IF(I9>22.8,0,VLOOKUP(I9,Liste_AT1!$C$3:$D$125,2,0)))) -> 0 | L9: =IF(K9="",0,IF(K9<$L$1,50,IF(K9>29.2,0,VLOOKUP(K9,Liste_AT1!$E$3:$F$138,2,0)))) -> 0 | M9: 28.5 | N9: =IF(M9="",0,IF(M9<15,50,IF(M9>39.5,0,VLOOKUP(M9,Liste_AT1!$G$3:$H$248,2,0)))) -> 23 | P9: =IF(O9="",0,IF(O9<40,50,IF(O9>108,0,VLOOKUP(O9,Liste_AT1!$I$3:$J$71,2,0)))) -> 0 | R9: =IF(Q9>10,50,IF(Q9<1,0,IF(Q9="",0,VLOOKUP(Q9,Liste_AT1!$K$3:$L$21,2,0)))) -> 0 | T9: =IF(S9>10,50,IF(S9<1,0,VLOOKUP(S9,Liste_AT1!$M$3:$N$21,2,0))) -> 0 | V9: =IF(U9>5,35,IF(U9<1,0,VLOOKUP(U9,Liste_AT1!$O$3:$P$19,2))) -> 0 | W9: 9.5 | X9: =IF(W9>10,50,IF(W9<1,0,VLOOKUP(W9,Liste_AT1!$Q$3:$R$21,2))) -> 48 | Z9: =IF(Y9>10,50,IF(Y9<1,0,VLOOKUP(Y9,Liste_AT1!$S$3:$T$12,2))) -> 0 | AB9: =IF(AA9="",0,IF(AA9<3.8,50,IF(AA9>6.9,0,VLOOKUP(AA9,Liste_AT2!$A$3:$B$34,2)))) -> 0 | AD9: =IF(AC9="",0,IF(AC9<8.6,50,IF(AC9>12.1,0,VLOOKUP(AC9,Liste_AT2!$C$3:$D$38,2)))) -> 0 | AF9: =IF(AE9="",0,IF(AE9<170,50,IF(AE9>241,0,VLOOKUP(AE9,Liste_AT2!$E$3:$G$74,3)))) -> 0 | AG9: 553 | AH9: =IF(AG9="",0,IF(AG9<520,50,IF(AG9>646,0,VLOOKUP(AG9,Liste_AT2!$AV$3:$AW$66,2)))) -> 34 | AJ9: =IF(AI9="",0,IF(AI9<810,50,IF(AI9>936,0,VLOOKUP(AI9,Liste_AT2!$H$3:$J$66,3)))) -> 0 | AK9: 18.6 | AL9: =IF(AK9="",0,IF(AK9<15,50,IF(AK9>22.5,0,VLOOKUP(AK9,Liste_AT2!$K$3:$L$78,2)))) -> 14 | AN9: =IF(AM9="",0,IF(AM9<4,50,IF(AM9>9.4,0,VLOOKUP(AM9,Liste_AT2!$M$3:$N$57,2)))) -> 0 | AP9: =IF(AO9="",0,IF(AO9>29,50,IF(AO9<5,0,VLOOKUP(AO9,Liste_AT2!$O$3:$P$29,2)))) -> 0 | AR9: =IF(AQ9="",0,IF(AQ9>10,50,IF(AQ9<1,0,VLOOKUP(AQ9,Liste_AT2!$S$3:$T$19,2)))) -> 0 | AT9: =IF(AS9="",0,IF(AS9>23,50,IF(AS9<2,0,VLOOKUP(AS9,Liste_AT2!$Y$3:$Z$24,2)))) -> 0 | AV9: =IF(AU9="",0,IF(AU9<3.7,50,IF(AU9>8,0,VLOOKUP(AU9,Liste_AT2!$AA$3:$AB$46,2)))) -> 0 | AX9: =IF(AW9="",0,IF(AW9<4,0,IF(AW9>10.1,50,VLOOKUP(AW9,Liste_AT2!$AC$3:$AD$62,2)))) -> 0 | AY9: 5.6 | AZ9: =IF(AY9="",0,IF(AY9>11.9,50,IF(AY9<5,0,VLOOKUP(AY9,Liste_AT2!$AE$3:$AF$72,2)))) -> 4 | BB9: =IF(BA9="",0,IF(BA9>45,50,IF(BA9<2,0,VLOOKUP(BA9,Liste_AT2!$AG$3:$AH$61,2)))) -> 0 | BD9: =IF(BC9="",0,IF(BC9>26,50,IF(BC9<4,0,VLOOKUP(BC9,Liste_AT2!$AI$3:$AJ$25,2)))) -> 0 | BE9: 15 | BF9: =IF(BE9="",0,IF(BE9>35,50,IF(BE9<14,0,VLOOKUP(BE9,Liste_AT2!$AK$3:$AL$24,2)))) -> 2 | BH9: =IF(BG9="",0,IF(BG9>36,50,IF(BG9<7,0,VLOOKUP(BG9,Liste_AT2!$AM$3:$AN$32,2)))) -> 0 | BJ9: =IF(BI9="",0,IF(BI9>45,50,IF(BI9<6,0,VLOOKUP(BI9,Liste_AT2!$AO$3:$AP$52,2)))) -> 0 | BK9: 1.6 | BL9: =IF(BK9="",0,IF(BK9>2.4,50,IF(BK9<1.15,0,VLOOKUP(BK9,Liste_AT2!$AQ$3:$AR$52,2)))) -> 10 | BM9: 35 | BN9: =IF(BM9="",0,IF(BM9<28,50,IF(BM9>62,0,VLOOKUP(BM9,Liste_AT2!$AS$3:$AT$343,2,0)))) -> 43 | BO9: 19 | BP9: =IF(BO9="",0,IF(BO9<1,0,IF(BO9>28,50,VLOOKUP(BO9,Liste_AT3!$A$3:$B$30,2)))) -> 34 | BR9: =IF(BQ9="",0,IF(BQ9<5,50,IF(BQ9>40,0,VLOOKUP(BQ9,Liste_AT3!$C$3:$D$38,2)))) -> 0 | BS9: 2.75 | BT9: =IF(BS9="",0,IF(BS9<1,50,IF(BS9>4.75,0,VLOOKUP(BS9,Liste_AT3!$E$3:$F$18,2)))) -> 22 | BV9: =IF(BU9="",0,IF(BU9<1,50,IF(BU9>4.75,0,VLOOKUP(BU9,Liste_AT3!$G$3:$H$18,2)))) -> 0 | BX9: =IF(BW9="",0,IF(BW9<1,50,IF(BW9>4.75,0,VLOOKUP(BW9,Liste_AT3!$G$3:$H$18,2)))) -> 0 | BZ9: =IF(BY9="",0,IF(BY9>40,0,VLOOKUP(BY9,Liste_AT3!$I$3:$J$43,2,2))) -> 0 | CB9: =IF(CA9="",0,IF(CA9>40,0,VLOOKUP(CA9,Liste_AT3!$I$3:$J$43,2,2))) -> 0 | CC9: =SUM(H9,J9,L9,N9,P9,R9,T9,V9,X9,Z9) -> 71 | CD9: =IF(CC9=0,"",RANK(CC9,$CC$4:$CC$16)) -> 6 | CE9: =SUM(AB9,AD9,AF9,AJ9,AL9,AN9,AH9) -> 48 | CF9: =IF(CE9=0,"",RANK(CE9,$CE$4:$CE$16)) -> 4 | CG9: =SUM(AP9,AR9,AT9,AV9,AX9,AZ9,BB9,BD9,BF9,BH9,BJ9,BL9,BN9) -> 59 | CH9: =IF(CG9=0,"",RANK(CG9,$CG$4:$CG$16)) -> 8 | CI9: =SUM(BP9,BR9) -> 34 | CJ9: =IF(CI9=0,"",RANK(CI9,$CI$4:$CI$16)) -> 1 | CK9: =SUM(BT9,BV9,BX9,BZ9,CB9) -> 22 | CL9: =IF(CK9=0,"",RANK(CK9,$CK$4:$CK$16)) -> 6 | CM9: =SUM(CC9,CE9,CG9,CI9,CK9) -> 234 | CN9: =IF(CM9=0,"",RANK(CM9,$CM$4:$CM$16)) -> 6
A10: 8 | B10: Riemann, Celin | C10: FRO | D10: 51.5 | E10: 165 | F10: 36204 | H10: =IF(G10="",0,IF(G10<$H$1,50,IF(G10>18.7,0,VLOOKUP(G10,Liste_AT1!$A$3:$B$79,2,0)))) -> 0 | J10: =IF(I10="",0,IF(I10<$J$1,50,IF(I10>22.8,0,VLOOKUP(I10,Liste_AT1!$C$3:$D$125,2,0)))) -> 0 | L10: =IF(K10="",0,IF(K10<$L$1,50,IF(K10>29.2,0,VLOOKUP(K10,Liste_AT1!$E$3:$F$138,2,0)))) -> 0 | M10: 28.8 | N10: =IF(M10="",0,IF(M10<15,50,IF(M10>39.5,0,VLOOKUP(M10,Liste_AT1!$G$3:$H$248,2,0)))) -> 22 | P10: =IF(O10="",0,IF(O10<40,50,IF(O10>108,0,VLOOKUP(O10,Liste_AT1!$I$3:$J$71,2,0)))) -> 0 | R10: =IF(Q10>10,50,IF(Q10<1,0,IF(Q10="",0,VLOOKUP(Q10,Liste_AT1!$K$3:$L$21,2,0)))) -> 0 | T10: =IF(S10>10,50,IF(S10<1,0,VLOOKUP(S10,Liste_AT1!$M$3:$N$21,2,0))) -> 0 | V10: =IF(U10>5,35,IF(U10<1,0,VLOOKUP(U10,Liste_AT1!$O$3:$P$19,2))) -> 0 | W10: 9.2 | X10: =IF(W10>10,50,IF(W10<1,0,VLOOKUP(W10,Liste_AT1!$Q$3:$R$21,2))) -> 46 | Z10: =IF(Y10>10,50,IF(Y10<1,0,VLOOKUP(Y10,Liste_AT1!$S$3:$T$12,2))) -> 0 | AB10: =IF(AA10="",0,IF(AA10<3.8,50,IF(AA10>6.9,0,VLOOKUP(AA10,Liste_AT2!$A$3:$B$34,2)))) -> 0 | AD10: =IF(AC10="",0,IF(AC10<8.6,50,IF(AC10>12.1,0,VLOOKUP(AC10,Liste_AT2!$C$3:$D$38,2)))) -> 0 | AF10: =IF(AE10="",0,IF(AE10<170,50,IF(AE10>241,0,VLOOKUP(AE10,Liste_AT2!$E$3:$G$74,3)))) -> 0 | AG10: 581 | AH10: =IF(AG10="",0,IF(AG10<520,50,IF(AG10>646,0,VLOOKUP(AG10,Liste_AT2!$AV$3:$AW$66,2)))) -> 20 | AJ10: =IF(AI10="",0,IF(AI10<810,50,IF(AI10>936,0,VLOOKUP(AI10,Liste_AT2!$H$3:$J$66,3)))) -> 0 | AK10: 18 | AL10: =IF(AK10="",0,IF(AK10<15,50,IF(AK10>22.5,0,VLOOKUP(AK10,Liste_AT2!$K$3:$L$78,2)))) -> 20 | AN10: =IF(AM10="",0,IF(AM10<4,50,IF(AM10>9.4,0,VLOOKUP(AM10,Liste_AT2!$M$3:$N$57,2)))) -> 0 | AP10: =IF(AO10="",0,IF(AO10>29,50,IF(AO10<5,0,VLOOKUP(AO10,Liste_AT2!$O$3:$P$29,2)))) -> 0 | AR10: =IF(AQ10="",0,IF(AQ10>10,50,IF(AQ10<1,0,VLOOKUP(AQ10,Liste_AT2!$S$3:$T$19,2)))) -> 0 | AT10: =IF(AS10="",0,IF(AS10>23,50,IF(AS10<2,0,VLOOKUP(AS10,Liste_AT2!$Y$3:$Z$24,2)))) -> 0 | AV10: =IF(AU10="",0,IF(AU10<3.7,50,IF(AU10>8,0,VLOOKUP(AU10,Liste_AT2!$AA$3:$AB$46,2)))) -> 0 | AX10: =IF(AW10="",0,IF(AW10<4,0,IF(AW10>10.1,50,VLOOKUP(AW10,Liste_AT2!$AC$3:$AD$62,2)))) -> 0 | AY10: 6.1 | AZ10: =IF(AY10="",0,IF(AY10>11.9,50,IF(AY10<5,0,VLOOKUP(AY10,Liste_AT2!$AE$3:$AF$72,2)))) -> 6 | BB10: =IF(BA10="",0,IF(BA10>45,50,IF(BA10<2,0,VLOOKUP(BA10,Liste_AT2!$AG$3:$AH$61,2)))) -> 0 | BD10: =IF(BC10="",0,IF(BC10>26,50,IF(BC10<4,0,VLOOKUP(BC10,Liste_AT2!$AI$3:$AJ$25,2)))) -> 0 | BE10: 15 | BF10: =IF(BE10="",0,IF(BE10>35,50,IF(BE10<14,0,VLOOKUP(BE10,Liste_AT2!$AK$3:$AL$24,2)))) -> 2 | BH10: =IF(BG10="",0,IF(BG10>36,50,IF(BG10<7,0,VLOOKUP(BG10,Liste_AT2!$AM$3:$AN$32,2)))) -> 0 | BJ10: =IF(BI10="",0,IF(BI10>45,50,IF(BI10<6,0,VLOOKUP(BI10,Liste_AT2!$AO$3:$AP$52,2)))) -> 0 | BK10: 1.7 | BL10: =IF(BK10="",0,IF(BK10>2.4,50,IF(BK10<1.15,0,VLOOKUP(BK10,Liste_AT2!$AQ$3:$AR$52,2)))) -> 15 | BM10: 34.5 | BN10: =IF(BM10="",0,IF(BM10<28,50,IF(BM10>62,0,VLOOKUP(BM10,Liste_AT2!$AS$3:$AT$343,2,0)))) -> 43 | BO10: 5 | BP10: =IF(BO10="",0,IF(BO10<1,0,IF(BO10>28,50,VLOOKUP(BO10,Liste_AT3!$A$3:$B$30,2)))) -> 6 | BR10: =IF(BQ10="",0,IF(BQ10<5,50,IF(BQ10>40,0,VLOOKUP(BQ10,Liste_AT3!$C$3:$D$38,2)))) -> 0 | BS10: 2.5 | BT10: =IF(BS10="",0,IF(BS10<1,50,IF(BS10>4.75,0,VLOOKUP(BS10,Liste_AT3!$E$3:$F$18,2)))) -> 25 | BV10: =IF(BU10="",0,IF(BU10<1,50,IF(BU10>4.75,0,VLOOKUP(BU10,Liste_AT3!$G$3:$H$18,2)))) -> 0 | BX10: =IF(BW10="",0,IF(BW10<1,50,IF(BW10>4.75,0,VLOOKUP(BW10,Liste_AT3!$G$3:$H$18,2)))) -> 0 | BZ10: =IF(BY10="",0,IF(BY10>40,0,VLOOKUP(BY10,Liste_AT3!$I$3:$J$43,2,2))) -> 0 | CB10: =IF(CA10="",0,IF(CA10>40,0,VLOOKUP(CA10,Liste_AT3!$I$3:$J$43,2,2))) -> 0 | CC10: =SUM(H10,J10,L10,N10,P10,R10,T10,V10,X10,Z10) -> 68 | CD10: =IF(CC10=0,"",RANK(CC10,$CC$4:$CC$16)) -> 7 | CE10: =SUM(AB10,AD10,AF10,AJ10,AL10,AN10,AH10) -> 40 | CF10: =IF(CE10=0,"",RANK(CE10,$CE$4:$CE$16)) -> 6 | CG10: =SUM(AP10,AR10,AT10,AV10,AX10,AZ10,BB10,BD10,BF10,BH10,BJ10,BL10,BN10) -> 66 | CH10: =IF(CG10=0,"",RANK(CG10,$CG$4:$CG$16)) -> 6 | CI10: =SUM(BP10,BR10) -> 6 | CJ10: =IF(CI10=0,"",RANK(CI10,$CI$4:$CI$16)) -> 10 | CK10: =SUM(BT10,BV10,BX10,BZ10,CB10) -> 25 | CL10: =IF(CK10=0,"",RANK(CK10,$CK$4:$CK$16)) -> 5 | CM10: =SUM(CC10,CE10,CG10,CI10,CK10) -> 205 | CN10: =IF(CM10=0,"",RANK(CM10,$CM$4:$CM$16)) -> 7
A11: 7 | B11: Möller, Sarah | C11: SMK | D11: 45.2 | E11: 156 | F11: 36517 | H11: =IF(G11="",0,IF(G11<$H$1,50,IF(G11>18.7,0,VLOOKUP(G11,Liste_AT1!$A$3:$B$79,2,0)))) -> 0 | J11: =IF(I11="",0,IF(I11<$J$1,50,IF(I11>22.8,0,VLOOKUP(I11,Liste_AT1!$C$3:$D$125,2,0)))) -> 0 | L11: =IF(K11="",0,IF(K11<$L$1,50,IF(K11>29.2,0,VLOOKUP(K11,Liste_AT1!$E$3:$F$138,2,0)))) -> 0 | M11: 32.2 | N11: =IF(M11="",0,IF(M11<15,50,IF(M11>39.5,0,VLOOKUP(M11,Liste_AT1!$G$3:$H$248,2,0)))) -> 15 | P11: =IF(O11="",0,IF(O11<40,50,IF(O11>108,0,VLOOKUP(O11,Liste_AT1!$I$3:$J$71,2,0)))) -> 0 | R11: =IF(Q11>10,50,IF(Q11<1,0,IF(Q11="",0,VLOOKUP(Q11,Liste_AT1!$K$3:$L$21,2,0)))) -> 0 | T11: =IF(S11>10,50,IF(S11<1,0,VLOOKUP(S11,Liste_AT1!$M$3:$N$21,2,0))) -> 0 | V11: =IF(U11>5,35,IF(U11<1,0,VLOOKUP(U11,Liste_AT1!$O$3:$P$19,2))) -> 0 | W11: 9 | X11: =IF(W11>10,50,IF(W11<1,0,VLOOKUP(W11,Liste_AT1!$Q$3:$R$21,2))) -> 46 | Z11: =IF(Y11>10,50,IF(Y11<1,0,VLOOKUP(Y11,Liste_AT1!$S$3:$T$12,2))) -> 0 | AB11: =IF(AA11="",0,IF(AA11<3.8,50,IF(AA11>6.9,0,VLOOKUP(AA11,Liste_AT2!$A$3:$B$34,2)))) -> 0 | AD11: =IF(AC11="",0,IF(AC11<8.6,50,IF(AC11>12.1,0,VLOOKUP(AC11,Liste_AT2!$C$3:$D$38,2)))) -> 0 | AF11: =IF(AE11="",0,IF(AE11<170,50,IF(AE11>241,0,VLOOKUP(AE11,Liste_AT2!$E$3:$G$74,3)))) -> 0 | AG11: 681 | AH11: =IF(AG11="",0,IF(AG11<520,50,IF(AG11>646,0,VLOOKUP(AG11,Liste_AT2!$AV$3:$AW$66,2)))) -> 0 | AJ11: =IF(AI11="",0,IF(AI11<810,50,IF(AI11>936,0,VLOOKUP(AI11,Liste_AT2!$H$3:$J$66,3)))) -> 0 | AK11: 18.1 | AL11: =IF(AK11="",0,IF(AK11<15,50,IF(AK11>22.5,0,VLOOKUP(AK11,Liste_AT2!$K$3:$L$78,2)))) -> 19 | AN11: =IF(AM11="",0,IF(AM11<4,50,IF(AM11>9.4,0,VLOOKUP(AM11,Liste_AT2!$M$3:$N$57,2)))) -> 0 | AP11: =IF(AO11="",0,IF(AO11>29,50,IF(AO11<5,0,VLOOKUP(AO11,Liste_AT2!$O$3:$P$29,2)))) -> 0 | AR11: =IF(AQ11="",0,IF(AQ11>10,50,IF(AQ11<1,0,VLOOKUP(AQ11,Liste_AT2!$S$3:$T$19,2)))) -> 0 | AT11: =IF(AS11="",0,IF(AS11>23,50,IF(AS11<2,0,VLOOKUP(AS11,Liste_AT2!$Y$3:$Z$24,2)))) -> 0 | AV11: =IF(AU11="",0,IF(AU11<3.7,50,IF(AU11>8,0,VLOOKUP(AU11,Liste_AT2!$AA$3:$AB$46,2)))) -> 0 | AX11: =IF(AW11="",0,IF(AW11<4,0,IF(AW11>10.1,50,VLOOKUP(AW11,Liste_AT2!$AC$3:$AD$62,2)))) -> 0 | AY11: 4 | AZ11: =IF(AY11="",0,IF(AY11>11.9,50,IF(AY11<5,0,VLOOKUP(AY11,Liste_AT2!$AE$3:$AF$72,2)))) -> 0 | BB11: =IF(BA11="",0,IF(BA11>45,50,IF(BA11<2,0,VLOOKUP(BA11,Liste_AT2!$AG$3:$AH$61,2)))) -> 0 | BD11: =IF(BC11="",0,IF(BC11>26,50,IF(BC11<4,0,VLOOKUP(BC11,Liste_AT2!$AI$3:$AJ$25,2)))) -> 0 | BE11: 18 | BF11: =IF(BE11="",0,IF(BE11>35,50,IF(BE11<14,0,VLOOKUP(BE11,Liste_AT2!$AK$3:$AL$24,2)))) -> 8 | BH11: =IF(BG11="",0,IF(BG11>36,50,IF(BG11<7,0,VLOOKUP(BG11,Liste_AT2!$AM$3:$AN$32,2)))) -> 0 | BJ11: =IF(BI11="",0,IF(BI11>45,50,IF(BI11<6,0,VLOOKUP(BI11,Liste_AT2!$AO$3:$AP$52,2)))) -> 0 | BK11: 1.58 | BL11: =IF(BK11="",0,IF(BK11>2.4,50,IF(BK11<1.15,0,VLOOKUP(BK11,Liste_AT2!$AQ$3:$AR$52,2)))) -> 9 | BM11: 37.1 | BN11: =IF(BM11="",0,IF(BM11<28,50,IF(BM11>62,0,VLOOKUP(BM11,Liste_AT2!$AS$3:$AT$343,2,0)))) -> 40 | BO11: 16.5 | BP11: =IF(BO11="",0,IF(BO11<1,0,IF(BO11>28,50,VLOOKUP(BO11,Liste_AT3!$A$3:$B$30,2)))) -> 28 | BR11: =IF(BQ11="",0,IF(BQ11<5,50,IF(BQ11>40,0,VLOOKUP(BQ11,Liste_AT3!$C$3:$D$38,2)))) -> 0 | BS11: 3.25 | BT11: =IF(BS11="",0,IF(BS11<1,50,IF(BS11>4.75,0,VLOOKUP(BS11,Liste_AT3!$E$3:$F$18,2)))) -> 16 | BV11: =IF(BU11="",0,IF(BU11<1,50,IF(BU11>4.75,0,VLOOKUP(BU11,Liste_AT3!$G$3:$H$18,2)))) -> 0 | BX11: =IF(BW11="",0,IF(BW11<1,50,IF(BW11>4.75,0,VLOOKUP(BW11,Liste_AT3!$G$3:$H$18,2)))) -> 0 | BZ11: =IF(BY11="",0,IF(BY11>40,0,VLOOKUP(BY11,Liste_AT3!$I$3:$J$43,2,2))) -> 0 | CB11: =IF(CA11="",0,IF(CA11>40,0,VLOOKUP(CA11,Liste_AT3!$I$3:$J$43,2,2))) -> 0 | CC11: =SUM(H11,J11,L11,N11,P11,R11,T11,V11,X11,Z11) -> 61 | CD11: =IF(CC11=0,"",RANK(CC11,$CC$4:$CC$16)) -> 9 | CE11: =SUM(AB11,AD11,AF11,AJ11,AL11,AN11,AH11) -> 19 | CF11: =IF(CE11=0,"",RANK(CE11,$CE$4:$CE$16)) -> 11 | CG11: =SUM(AP11,AR11,AT11,AV11,AX11,AZ11,BB11,BD11,BF11,BH11,BJ11,BL11,BN11) -> 57 | CH11: =IF(CG11=0,"",RANK(CG11,$CG$4:$CG$16)) -> 10 | CI11: =SUM(BP11,BR11) -> 28 | CJ11: =IF(CI11=0,"",RANK(CI11,$CI$4:$CI$16)) -> 3 | CK11: =SUM(BT11,BV11,BX11,BZ11,CB11) -> 16 | CL11: =IF(CK11=0,"",RANK(CK11,$CK$4:$CK$16)) -> 10 | CM11: =SUM(CC11,CE11,CG11,CI11,CK11) -> 181 | CN11: =IF(CM11=0,"",RANK(CM11,$CM$4:$CM$16)) -> 8
A12: 12 | B12: Reiche, Serina | C12: SON | D12: 43.1 | E12: 159 | F12: 36407 | H12: =IF(G12="",0,IF(G12<$H$1,50,IF(G12>18.7,0,VLOOKUP(G12,Liste_AT1!$A$3:$B$79,2,0)))) -> 0 | J12: =IF(I12="",0,IF(I12<$J$1,50,IF(I12>22.8,0,VLOOKUP(I12,Liste_AT1!$C$3:$D$125,2,0)))) -> 0 | L12: =IF(K12="",0,IF(K12<$L$1,50,IF(K12>29.2,0,VLOOKUP(K12,Liste_AT1!$E$3:$F$138,2,0)))) -> 0 | M12: 27 | N12: =IF(M12="",0,IF(M12<15,50,IF(M12>39.5,0,VLOOKUP(M12,Liste_AT1!$G$3:$H$248,2,0)))) -> 26 | P12: =IF(O12="",0,IF(O12<40,50,IF(O12>108,0,VLOOKUP(O12,Liste_AT1!$I$3:$J$71,2,0)))) -> 0 | R12: =IF(Q12>10,50,IF(Q12<1,0,IF(Q12="",0,VLOOKUP(Q12,Liste_AT1!$K$3:$L$21,2,0)))) -> 0 | T12: =IF(S12>10,50,IF(S12<1,0,VLOOKUP(S12,Liste_AT1!$M$3:$N$21,2,0))) -> 0 | V12: =IF(U12>5,35,IF(U12<1,0,VLOOKUP(U12,Liste_AT1!$O$3:$P$19,2))) -> 0 | W12: 9.3 | X12: =IF(W12>10,50,IF(W12<1,0,VLOOKUP(W12,Liste_AT1!$Q$3:$R$21,2))) -> 46 | Z12: =IF(Y12>10,50,IF(Y12<1,0,VLOOKUP(Y12,Liste_AT1!$S$3:$T$12,2))) -> 0 | AB12: =IF(AA12="",0,IF(AA12<3.8,50,IF(AA12>6.9,0,VLOOKUP(AA12,Liste_AT2!$A$3:$B$34,2)))) -> 0 | AD12: =IF(AC12="",0,IF(AC12<8.6,50,IF(AC12>12.1,0,VLOOKUP(AC12,Liste_AT2!$C$3:$D$38,2)))) -> 0 | AF12: =IF(AE12="",0,IF(AE12<170,50,IF(AE12>241,0,VLOOKUP(AE12,Liste_AT2!$E$3:$G$74,3)))) -> 0 | AG12: 608 | AH12: =IF(AG12="",0,IF(AG12<520,50,IF(AG12>646,0,VLOOKUP(AG12,Liste_AT2!$AV$3:$AW$66,2)))) -> 10 | AJ12: =IF(AI12="",0,IF(AI12<810,50,IF(AI12>936,0,VLOOKUP(AI12,Liste_AT2!$H$3:$J$66,3)))) -> 0 | AK12: 18.6 | AL12: =IF(AK12="",0,IF(AK12<15,50,IF(AK12>22.5,0,VLOOKUP(AK12,Liste_AT2!$K$3:$L$78,2)))) -> 14 | AN12: =IF(AM12="",0,IF(AM12<4,50,IF(AM12>9.4,0,VLOOKUP(AM12,Liste_AT2!$M$3:$N$57,2)))) -> 0 | AP12: =IF(AO12="",0,IF(AO12>29,50,IF(AO12<5,0,VLOOKUP(AO12,Liste_AT2!$O$3:$P$29,2)))) -> 0 | AR12: =IF(AQ12="",0,IF(AQ12>10,50,IF(AQ12<1,0,VLOOKUP(AQ12,Liste_AT2!$S$3:$T$19,2)))) -> 0 | AT12: =IF(AS12="",0,IF(AS12>23,50,IF(AS12<2,0,VLOOKUP(AS12,Liste_AT2!$Y$3:$Z$24,2)))) -> 0 | AV12: =IF(AU12="",0,IF(AU12<3.7,50,IF(AU12>8,0,VLOOKUP(AU12,Liste_AT2!$AA$3:$AB$46,2)))) -> 0 | AX12: =IF(AW12="",0,IF(AW12<4,0,IF(AW12>10.1,50,VLOOKUP(AW12,Liste_AT2!$AC$3:$AD$62,2)))) -> 0 | AY12: 4.8 | AZ12: =IF(AY12="",0,IF(AY12>11.9,50,IF(AY12<5,0,VLOOKUP(AY12,Liste_AT2!$AE$3:$AF$72,2)))) -> 0 | BB12: =IF(BA12="",0,IF(BA12>45,50,IF(BA12<2,0,VLOOKUP(BA12,Liste_AT2!$AG$3:$AH$61,2)))) -> 0 | BD12: =IF(BC12="",0,IF(BC12>26,50,IF(BC12<4,0,VLOOKUP(BC12,Liste_AT2!$AI$3:$AJ$25,2)))) -> 0 | BE12: 16 | BF12: =IF(BE12="",0,IF(BE12>35,50,IF(BE12<14,0,VLOOKUP(BE12,Liste_AT2!$AK$3:$AL$24,2)))) -> 4 | BH12: =IF(BG12="",0,IF(BG12>36,50,IF(BG12<7,0,VLOOKUP(BG12,Liste_AT2!$AM$3:$AN$32,2)))) -> 0 | BJ12: =IF(BI12="",0,IF(BI12>45,50,IF(BI12<6,0,VLOOKUP(BI12,Liste_AT2!$AO$3:$AP$52,2)))) -> 0 | BK12: 1.71 | BL12: =IF(BK12="",0,IF(BK12>2.4,50,IF(BK12<1.15,0,VLOOKUP(BK12,Liste_AT2!$AQ$3:$AR$52,2)))) -> 15 | BM12: 37.1 | BN12: =IF(BM12="",0,IF(BM12<28,50,IF(BM12>62,0,VLOOKUP(BM12,Liste_AT2!$AS$3:$AT$343,2,0)))) -> 40 | BO12: 5.2 | BP12: =IF(BO12="",0,IF(BO12<1,0,IF(BO12>28,50,VLOOKUP(BO12,Liste_AT3!$A$3:$B$30,2)))) -> 6 | BR12: =IF(BQ12="",0,IF(BQ12<5,50,IF(BQ12>40,0,VLOOKUP(BQ12,Liste_AT3!$C$3:$D$38,2)))) -> 0 | BS12: 3.25 | BT12: =IF(BS12="",0,IF(BS12<1,50,IF(BS12>4.75,0,VLOOKUP(BS12,Liste_AT3!$E$3:$F$18,2)))) -> 16 | BV12: =IF(BU12="",0,IF(BU12<1,50,IF(BU12>4.75,0,VLOOKUP(BU12,Liste_AT3!$G$3:$H$18,2)))) -> 0 | BX12: =IF(BW12="",0,IF(BW12<1,50,IF(BW12>4.75,0,VLOOKUP(BW12,Liste_AT3!$G$3:$H$18,2)))) -> 0 | BZ12: =IF(BY12="",0,IF(BY12>40,0,VLOOKUP(BY12,Liste_AT3!$I$3:$J$43,2,2))) -> 0 | CB12: =IF(CA12="",0,IF(CA12>40,0,VLOOKUP(CA12,Liste_AT3!$I$3:$J$43,2,2))) -> 0 | CC12: =SUM(H12,J12,L12,N12,P12,R12,T12,V12,X12,Z12) -> 72 | CD12: =IF(CC12=0,"",RANK(CC12,$CC$4:$CC$16)) -> 5 | CE12: =SUM(AB12,AD12,AF12,AJ12,AL12,AN12,AH12) -> 24 | CF12: =IF(CE12=0,"",RANK(CE12,$CE$4:$CE$16)) -> 9 | CG12: =SUM(AP12,AR12,AT12,AV12,AX12,AZ12,BB12,BD12,BF12,BH12,BJ12,BL12,BN12) -> 59 | CH12: =IF(CG12=0,"",RANK(CG12,$CG$4:$CG$16)) -> 8 | CI12: =SUM(BP12,BR12) -> 6 | CJ12: =IF(CI12=0,"",RANK(CI12,$CI$4:$CI$16)) -> 10 | CK12: =SUM(BT12,BV12,BX12,BZ12,CB12) -> 16 | CL12: =IF(CK12=0,"",RANK(CK12,$CK$4:$CK$16)) -> 10 | CM12: =SUM(CC12,CE12,CG12,CI12,CK12) -> 177 | CN12: =IF(CM12=0,"",RANK(CM12,$CM$4:$CM$16)) -> 9
A13: 10 | B13: Werner, Paula | C13: SON | D13: 47.8 | E13: 153 | F13: 36246 | H13: =IF(G13="",0,IF(G13<$H$1,50,IF(G13>18.7,0,VLOOKUP(G13,Liste_AT1!$A$3:$B$79,2,0)))) -> 0 | J13: =IF(I13="",0,IF(I13<$J$1,50,IF(I13>22.8,0,VLOOKUP(I13,Liste_AT1!$C$3:$D$125,2,0)))) -> 0 | L13: =IF(K13="",0,IF(K13<$L$1,50,IF(K13>29.2,0,VLOOKUP(K13,Liste_AT1!$E$3:$F$138,2,0)))) -> 0 | M13: 40 | N13: =IF(M13="",0,IF(M13<15,50,IF(M13>39.5,0,VLOOKUP(M13,Liste_AT1!$G$3:$H$248,2,0)))) -> 0 | P13: =IF(O13="",0,IF(O13<40,50,IF(O13>108,0,VLOOKUP(O13,Liste_AT1!$I$3:$J$71,2,0)))) -> 0 | R13: =IF(Q13>10,50,IF(Q13<1,0,IF(Q13="",0,VLOOKUP(Q13,Liste_AT1!$K$3:$L$21,2,0)))) -> 0 | T13: =IF(S13>10,50,IF(S13<1,0,VLOOKUP(S13,Liste_AT1!$M$3:$N$21,2,0))) -> 0 | V13: =IF(U13>5,35,IF(U13<1,0,VLOOKUP(U13,Liste_AT1!$O$3:$P$19,2))) -> 0 | W13: 9.2 | X13: =IF(W13>10,50,IF(W13<1,0,VLOOKUP(W13,Liste_AT1!$Q$3:$R$21,2))) -> 46 | Z13: =IF(Y13>10,50,IF(Y13<1,0,VLOOKUP(Y13,Liste_AT1!$S$3:$T$12,2))) -> 0 | AB13: =IF(AA13="",0,IF(AA13<3.8,50,IF(AA13>6.9,0,VLOOKUP(AA13,Liste_AT2!$A$3:$B$34,2)))) -> 0 | AD13: =IF(AC13="",0,IF(AC13<8.6,50,IF(AC13>12.1,0,VLOOKUP(AC13,Liste_AT2!$C$3:$D$38,2)))) -> 0 | AF13: =IF(AE13="",0,IF(AE13<170,50,IF(AE13>241,0,VLOOKUP(AE13,Liste_AT2!$E$3:$G$74,3)))) -> 0 | AG13: 607 | AH13: =IF(AG13="",0,IF(AG13<520,50,IF(AG13>646,0,VLOOKUP(AG13,Liste_AT2!$AV$3:$AW$66,2)))) -> 11 | AJ13: =IF(AI13="",0,IF(AI13<810,50,IF(AI13>936,0,VLOOKUP(AI13,Liste_AT2!$H$3:$J$66,3)))) -> 0 | AK13: 18.8 | AL13: =IF(AK13="",0,IF(AK13<15,50,IF(AK13>22.5,0,VLOOKUP(AK13,Liste_AT2!$K$3:$L$78,2)))) -> 13 | AN13: =IF(AM13="",0,IF(AM13<4,50,IF(AM13>9.4,0,VLOOKUP(AM13,Liste_AT2!$M$3:$N$57,2)))) -> 0 | AP13: =IF(AO13="",0,IF(AO13>29,50,IF(AO13<5,0,VLOOKUP(AO13,Liste_AT2!$O$3:$P$29,2)))) -> 0 | AR13: =IF(AQ13="",0,IF(AQ13>10,50,IF(AQ13<1,0,VLOOKUP(AQ13,Liste_AT2!$S$3:$T$19,2)))) -> 0 | AT13: =IF(AS13="",0,IF(AS13>23,50,IF(AS13<2,0,VLOOKUP(AS13,Liste_AT2!$Y$3:$Z$24,2)))) -> 0 | AV13: =IF(AU13="",0,IF(AU13<3.7,50,IF(AU13>8,0,VLOOKUP(AU13,Liste_AT2!$AA$3:$AB$46,2)))) -> 0 | AX13: =IF(AW13="",0,IF(AW13<4,0,IF(AW13>10.1,50,VLOOKUP(AW13,Liste_AT2!$AC$3:$AD$62,2)))) -> 0 | AY13: 6.8 | AZ13: =IF(AY13="",0,IF(AY13>11.9,50,IF(AY13<5,0,VLOOKUP(AY13,Liste_AT2!$AE$3:$AF$72,2)))) -> 10 | BB13: =IF(BA13="",0,IF(BA13>45,50,IF(BA13<2,0,VLOOKUP(BA13,Liste_AT2!$AG$3:$AH$61,2)))) -> 0 | BD13: =IF(BC13="",0,IF(BC13>26,50,IF(BC13<4,0,VLOOKUP(BC13,Liste_AT2!$AI$3:$AJ$25,2)))) -> 0 | BE13: 17 | BF13: =IF(BE13="",0,IF(BE13>35,50,IF(BE13<14,0,VLOOKUP(BE13,Liste_AT2!$AK$3:$AL$24,2)))) -> 6 | BH13: =IF(BG13="",0,IF(BG13>36,50,IF(BG13<7,0,VLOOKUP(BG13,Liste_AT2!$AM$3:$AN$32,2)))) -> 0 | BJ13: =IF(BI13="",0,IF(BI13>45,50,IF(BI13<6,0,VLOOKUP(BI13,Liste_AT2!$AO$3:$AP$52,2)))) -> 0 | BK13: 1.58 | BL13: =IF(BK13="",0,IF(BK13>2.4,50,IF(BK13<1.15,0,VLOOKUP(BK13,Liste_AT2!$AQ$3:$AR$52,2)))) -> 9 | BM13: 41 | BN13: =IF(BM13="",0,IF(BM13<28,50,IF(BM13>62,0,VLOOKUP(BM13,Liste_AT2!$AS$3:$AT$343,2,0)))) -> 35 | BO13: 14.8 | BP13: =IF(BO13="",0,IF(BO13<1,0,IF(BO13>28,50,VLOOKUP(BO13,Liste_AT3!$A$3:$B$30,2)))) -> 24 | BR13: =IF(BQ13="",0,IF(BQ13<5,50,IF(BQ13>40,0,VLOOKUP(BQ13,Liste_AT3!$C$3:$D$38,2)))) -> 0 | BS13: 3 | BT13: =IF(BS13="",0,IF(BS13<1,50,IF(BS13>4.75,0,VLOOKUP(BS13,Liste_AT3!$E$3:$F$18,2)))) -> 19 | BV13: =IF(BU13="",0,IF(BU13<1,50,IF(BU13>4.75,0,VLOOKUP(BU13,Liste_AT3!$G$3:$H$18,2)))) -> 0 | BX13: =IF(BW13="",0,IF(BW13<1,50,IF(BW13>4.75,0,VLOOKUP(BW13,Liste_AT3!$G$3:$H$18,2)))) -> 0 | BZ13: =IF(BY13="",0,IF(BY13>40,0,VLOOKUP(BY13,Liste_AT3!$I$3:$J$43,2,2))) -> 0 | CB13: =IF(CA13="",0,IF(CA13>40,0,VLOOKUP(CA13,Liste_AT3!$I$3:$J$43,2,2))) -> 0 | CC13: =SUM(H13,J13,L13,N13,P13,R13,T13,V13,X13,Z13) -> 46 | CD13: =IF(CC13=0,"",RANK(CC13,$CC$4:$CC$16)) -> 12 | CE13: =SUM(AB13,AD13,AF13,AJ13,AL13,AN13,AH13) -> 24 | CF13: =IF(CE13=0,"",RANK(CE13,$CE$4:$CE$16)) -> 9 | CG13: =SUM(AP13,AR13,AT13,AV13,AX13,AZ13,BB13,BD13,BF13,BH13,BJ13,BL13,BN13) -> 60 | CH13: =IF(CG13=0,"",RANK(CG13,$CG$4:$CG$16)) -> 7 | CI13: =SUM(BP13,BR13) -> 24 | CJ13: =IF(CI13=0,"",RANK(CI13,$CI$4:$CI$16)) -> 7 | CK13: =SUM(BT13,BV13,BX13,BZ13,CB13) -> 19 | CL13: =IF(CK13=0,"",RANK(CK13,$CK$4:$CK$16)) -> 9 | CM13: =SUM(CC13,CE13,CG13,CI13,CK13) -> 173 | CN13: =IF(CM13=0,"",RANK(CM13,$CM$4:$CM$16)) -> 10
A14: 6 | B14: Stubenrauch, Jennifer | C14: RCI | D14: 56.6 | E14: 160 | F14: 36374 | H14: =IF(G14="",0,IF(G14<$H$1,50,IF(G14>18.7,0,VLOOKUP(G14,Liste_AT1!$A$3:$B$79,2,0)))) -> 0 | J14: =IF(I14="",0,IF(I14<$J$1,50,IF(I14>22.8,0,VLOOKUP(I14,Liste_AT1!$C$3:$D$125,2,0)))) -> 0 | L14: =IF(K14="",0,IF(K14<$L$1,50,IF(K14>29.2,0,VLOOKUP(K14,Liste_AT1!$E$3:$F$138,2,0)))) -> 0 | M14: 31.3 | N14: =IF(M14="",0,IF(M14<15,50,IF(M14>39.5,0,VLOOKUP(M14,Liste_AT1!$G$3:$H$248,2,0)))) -> 17 | P14: =IF(O14="",0,IF(O14<40,50,IF(O14>108,0,VLOOKUP(O14,Liste_AT1!$I$3:$J$71,2,0)))) -> 0 | R14: =IF(Q14>10,50,IF(Q14<1,0,IF(Q14="",0,VLOOKUP(Q14,Liste_AT1!$K$3:$L$21,2,0)))) -> 0 | T14: =IF(S14>10,50,IF(S14<1,0,VLOOKUP(S14,Liste_AT1!$M$3:$N$21,2,0))) -> 0 | V14: =IF(U14>5,35,IF(U14<1,0,VLOOKUP(U14,Liste_AT1!$O$3:$P$19,2))) -> 0 | W14: 8.7 | X14: =IF(W14>10,50,IF(W14<1,0,VLOOKUP(W14,Liste_AT1!$Q$3:$R$21,2))) -> 43 | Z14: =IF(Y14>10,50,IF(Y14<1,0,VLOOKUP(Y14,Liste_AT1!$S$3:$T$12,2))) -> 0 | AB14: =IF(AA14="",0,IF(AA14<3.8,50,IF(AA14>6.9,0,VLOOKUP(AA14,Liste_AT2!$A$3:$B$34,2)))) -> 0 | AD14: =IF(AC14="",0,IF(AC14<8.6,50,IF(AC14>12.1,0,VLOOKUP(AC14,Liste_AT2!$C$3:$D$38,2)))) -> 0 | AF14: =IF(AE14="",0,IF(AE14<170,50,IF(AE14>241,0,VLOOKUP(AE14,Liste_AT2!$E$3:$G$74,3)))) -> 0 | AG14: 650 | AH14: =IF(AG14="",0,IF(AG14<520,50,IF(AG14>646,0,VLOOKUP(AG14,Liste_AT2!$AV$3:$AW$66,2)))) -> 0 | AJ14: =IF(AI14="",0,IF(AI14<810,50,IF(AI14>936,0,VLOOKUP(AI14,Liste_AT2!$H$3:$J$66,3)))) -> 0 | AK14: 20 | AL14: =IF(AK14="",0,IF(AK14<15,50,IF(AK14>22.5,0,VLOOKUP(AK14,Liste_AT2!$K$3:$L$78,2)))) -> 7 | AN14: =IF(AM14="",0,IF(AM14<4,50,IF(AM14>9.4,0,VLOOKUP(AM14,Liste_AT2!$M$3:$N$57,2)))) -> 0 | AP14: =IF(AO14="",0,IF(AO14>29,50,IF(AO14<5,0,VLOOKUP(AO14,Liste_AT2!$O$3:$P$29,2)))) -> 0 | AR14: =IF(AQ14="",0,IF(AQ14>10,50,IF(AQ14<1,0,VLOOKUP(AQ14,Liste_AT2!$S$3:$T$19,2)))) -> 0 | AT14: =IF(AS14="",0,IF(AS14>23,50,IF(AS14<2,0,VLOOKUP(AS14,Liste_AT2!$Y$3:$Z$24,2)))) -> 0 | AV14: =IF(AU14="",0,IF(AU14<3.7,50,IF(AU14>8,0,VLOOKUP(AU14,Liste_AT2!$AA$3:$AB$46,2)))) -> 0 | AX14: =IF(AW14="",0,IF(AW14<4,0,IF(AW14>10.1,50,VLOOKUP(AW14,Liste_AT2!$AC$3:$AD$62,2)))) -> 0 | AY14: 6.4 | AZ14: =IF(AY14="",0,IF(AY14>11.9,50,IF(AY14<5,0,VLOOKUP(AY14,Liste_AT2!$AE$3:$AF$72,2)))) -> 8 | BB14: =IF(BA14="",0,IF(BA14>45,50,IF(BA14<2,0,VLOOKUP(BA14,Liste_AT2!$AG$3:$AH$61,2)))) -> 0 | BD14: =IF(BC14="",0,IF(BC14>26,50,IF(BC14<4,0,VLOOKUP(BC14,Liste_AT2!$AI$3:$AJ$25,2)))) -> 0 | BE14: 12 | BF14: =IF(BE14="",0,IF(BE14>35,50,IF(BE14<14,0,VLOOKUP(BE14,Liste_AT2!$AK$3:$AL$24,2)))) -> 0 | BH14: =IF(BG14="",0,IF(BG14>36,50,IF(BG14<7,0,VLOOKUP(BG14,Liste_AT2!$AM$3:$AN$32,2)))) -> 0 | BJ14: =IF(BI14="",0,IF(BI14>45,50,IF(BI14<6,0,VLOOKUP(BI14,Liste_AT2!$AO$3:$AP$52,2)))) -> 0 | BK14: 1.59 | BL14: =IF(BK14="",0,IF(BK14>2.4,50,IF(BK14<1.15,0,VLOOKUP(BK14,Liste_AT2!$AQ$3:$AR$52,2)))) -> 9 | BM14: 44 | BN14: =IF(BM14="",0,IF(BM14<28,50,IF(BM14>62,0,VLOOKUP(BM14,Liste_AT2!$AS$3:$AT$343,2,0)))) -> 29 | BO14: 15.5 | BP14: =IF(BO14="",0,IF(BO14<1,0,IF(BO14>28,50,VLOOKUP(BO14,Liste_AT3!$A$3:$B$30,2)))) -> 26 | BR14: =IF(BQ14="",0,IF(BQ14<5,50,IF(BQ14>40,0,VLOOKUP(BQ14,Liste_AT3!$C$3:$D$38,2)))) -> 0 | BS14: 2.75 | BT14: =IF(BS14="",0,IF(BS14<1,50,IF(BS14>4.75,0,VLOOKUP(BS14,Liste_AT3!$E$3:$F$18,2)))) -> 22 | BV14: =IF(BU14="",0,IF(BU14<1,50,IF(BU14>4.75,0,VLOOKUP(BU14,Liste_AT3!$G$3:$H$18,2)))) -> 0 | BX14: =IF(BW14="",0,IF(BW14<1,50,IF(BW14>4.75,0,VLOOKUP(BW14,Liste_AT3!$G$3:$H$18,2)))) -> 0 | BZ14: =IF(BY14="",0,IF(BY14>40,0,VLOOKUP(BY14,Liste_AT3!$I$3:$J$43,2,2))) -> 0 | CB14: =IF(CA14="",0,IF(CA14>40,0,VLOOKUP(CA14,Liste_AT3!$I$3:$J$43,2,2))) -> 0 | CC14: =SUM(H14,J14,L14,N14,P14,R14,T14,V14,X14,Z14) -> 60 | CD14: =IF(CC14=0,"",RANK(CC14,$CC$4:$CC$16)) -> 10 | CE14: =SUM(AB14,AD14,AF14,AJ14,AL14,AN14,AH14) -> 7 | CF14: =IF(CE14=0,"",RANK(CE14,$CE$4:$CE$16)) -> 13 | CG14: =SUM(AP14,AR14,AT14,AV14,AX14,AZ14,BB14,BD14,BF14,BH14,BJ14,BL14,BN14) -> 46 | CH14: =IF(CG14=0,"",RANK(CG14,$CG$4:$CG$16)) -> 11 | CI14: =SUM(BP14,BR14) -> 26 | CJ14: =IF(CI14=0,"",RANK(CI14,$CI$4:$CI$16)) -> 5 | CK14: =SUM(BT14,BV14,BX14,BZ14,CB14) -> 22 | CL14: =IF(CK14=0,"",RANK(CK14,$CK$4:$CK$16)) -> 6 | CM14: =SUM(CC14,CE14,CG14,CI14,CK14) -> 161 | CN14: =IF(CM14=0,"",RANK(CM14,$CM$4:$CM$16)) -> 11
A15: 9 | B15: Müller, Anna | C15: SON | D15: 46.5 | E15: 153 | F15: 36346 | H15: =IF(G15="",0,IF(G15<$H$1,50,IF(G15>18.7,0,VLOOKUP(G15,Liste_AT1!$A$3:$B$79,2,0)))) -> 0 | J15: =IF(I15="",0,IF(I15<$J$1,50,IF(I15>22.8,0,VLOOKUP(I15,Liste_AT1!$C$3:$D$125,2,0)))) -> 0 | L15: =IF(K15="",0,IF(K15<$L$1,50,IF(K15>29.2,0,VLOOKUP(K15,Liste_AT1!$E$3:$F$138,2,0)))) -> 0 | M15: 31.5 | N15: =IF(M15="",0,IF(M15<15,50,IF(M15>39.5,0,VLOOKUP(M15,Liste_AT1!$G$3:$H$248,2,0)))) -> 17 | P15: =IF(O15="",0,IF(O15<40,50,IF(O15>108,0,VLOOKUP(O15,Liste_AT1!$I$3:$J$71,2,0)))) -> 0 | R15: =IF(Q15>10,50,IF(Q15<1,0,IF(Q15="",0,VLOOKUP(Q15,Liste_AT1!$K$3:$L$21,2,0)))) -> 0 | T15: =IF(S15>10,50,IF(S15<1,0,VLOOKUP(S15,Liste_AT1!$M$3:$N$21,2,0))) -> 0 | V15: =IF(U15>5,35,IF(U15<1,0,VLOOKUP(U15,Liste_AT1!$O$3:$P$19,2))) -> 0 | W15: 9.1 | X15: =IF(W15>10,50,IF(W15<1,0,VLOOKUP(W15,Liste_AT1!$Q$3:$R$21,2))) -> 46 | Z15: =IF(Y15>10,50,IF(Y15<1,0,VLOOKUP(Y15,Liste_AT1!$S$3:$T$12,2))) -> 0 | AB15: =IF(AA15="",0,IF(AA15<3.8,50,IF(AA15>6.9,0,VLOOKUP(AA15,Liste_AT2!$A$3:$B$34,2)))) -> 0 | AD15: =IF(AC15="",0,IF(AC15<8.6,50,IF(AC15>12.1,0,VLOOKUP(AC15,Liste_AT2!$C$3:$D$38,2)))) -> 0 | AF15: =IF(AE15="",0,IF(AE15<170,50,IF(AE15>241,0,VLOOKUP(AE15,Liste_AT2!$E$3:$G$74,3)))) -> 0 | AG15: 575 | AH15: =IF(AG15="",0,IF(AG15<520,50,IF(AG15>646,0,VLOOKUP(AG15,Liste_AT2!$AV$3:$AW$66,2)))) -> 23 | AJ15: =IF(AI15="",0,IF(AI15<810,50,IF(AI15>936,0,VLOOKUP(AI15,Liste_AT2!$H$3:$J$66,3)))) -> 0 | AK15: 18.7 | AL15: =IF(AK15="",0,IF(AK15<15,50,IF(AK15>22.5,0,VLOOKUP(AK15,Liste_AT2!$K$3:$L$78,2)))) -> 14 | AN15: =IF(AM15="",0,IF(AM15<4,50,IF(AM15>9.4,0,VLOOKUP(AM15,Liste_AT2!$M$3:$N$57,2)))) -> 0 | AP15: =IF(AO15="",0,IF(AO15>29,50,IF(AO15<5,0,VLOOKUP(AO15,Liste_AT2!$O$3:$P$29,2)))) -> 0 | AR15: =IF(AQ15="",0,IF(AQ15>10,50,IF(AQ15<1,0,VLOOKUP(AQ15,Liste_AT2!$S$3:$T$19,2)))) -> 0 | AT15: =IF(AS15="",0,IF(AS15>23,50,IF(AS15<2,0,VLOOKUP(AS15,Liste_AT2!$Y$3:$Z$24,2)))) -> 0 | AV15: =IF(AU15="",0,IF(AU15<3.7,50,IF(AU15>8,0,VLOOKUP(AU15,Liste_AT2!$AA$3:$AB$46,2)))) -> 0 | AX15: =IF(AW15="",0,IF(AW15<4,0,IF(AW15>10.1,50,VLOOKUP(AW15,Liste_AT2!$AC$3:$AD$62,2)))) -> 0 | AY15: 6 | AZ15: =IF(AY15="",0,IF(AY15>11.9,50,IF(AY15<5,0,VLOOKUP(AY15,Liste_AT2!$AE$3:$AF$72,2)))) -> 6 | BB15: =IF(BA15="",0,IF(BA15>45,50,IF(BA15<2,0,VLOOKUP(BA15,Liste_AT2!$AG$3:$AH$61,2)))) -> 0 | BD15: =IF(BC15="",0,IF(BC15>26,50,IF(BC15<4,0,VLOOKUP(BC15,Liste_AT2!$AI$3:$AJ$25,2)))) -> 0 | BE15: 20 | BF15: =IF(BE15="",0,IF(BE15>35,50,IF(BE15<14,0,VLOOKUP(BE15,Liste_AT2!$AK$3:$AL$24,2)))) -> 12 | BH15: =IF(BG15="",0,IF(BG15>36,50,IF(BG15<7,0,VLOOKUP(BG15,Liste_AT2!$AM$3:$AN$32,2)))) -> 0 | BJ15: =IF(BI15="",0,IF(BI15>45,50,IF(BI15<6,0,VLOOKUP(BI15,Liste_AT2!$AO$3:$AP$52,2)))) -> 0 | BK15: 1.56 | BL15: =IF(BK15="",0,IF(BK15>2.4,50,IF(BK15<1.15,0,VLOOKUP(BK15,Liste_AT2!$AQ$3:$AR$52,2)))) -> 9 | BM15: 59.4 | BN15: =IF(BM15="",0,IF(BM15<28,50,IF(BM15>62,0,VLOOKUP(BM15,Liste_AT2!$AS$3:$AT$343,2,0)))) -> 2 | BO15: 5.5 | BP15: =IF(BO15="",0,IF(BO15<1,0,IF(BO15>28,50,VLOOKUP(BO15,Liste_AT3!$A$3:$B$30,2)))) -> 6 | BR15: =IF(BQ15="",0,IF(BQ15<5,50,IF(BQ15>40,0,VLOOKUP(BQ15,Liste_AT3!$C$3:$D$38,2)))) -> 0 | BS15: 3.25 | BT15: =IF(BS15="",0,IF(BS15<1,50,IF(BS15>4.75,0,VLOOKUP(BS15,Liste_AT3!$E$3:$F$18,2)))) -> 16 | BV15: =IF(BU15="",0,IF(BU15<1,50,IF(BU15>4.75,0,VLOOKUP(BU15,Liste_AT3!$G$3:$H$18,2)))) -> 0 | BX15: =IF(BW15="",0,IF(BW15<1,50,IF(BW15>4.75,0,VLOOKUP(BW15,Liste_AT3!$G$3:$H$18,2)))) -> 0 | BZ15: =IF(BY15="",0,IF(BY15>40,0,VLOOKUP(BY15,Liste_AT3!$I$3:$J$43,2,2))) -> 0 | CB15: =IF(CA15="",0,IF(CA15>40,0,VLOOKUP(CA15,Liste_AT3!$I$3:$J$43,2,2))) -> 0 | CC15: =SUM(H15,J15,L15,N15,P15,R15,T15,V15,X15,Z15) -> 63 | CD15: =IF(CC15=0,"",RANK(CC15,$CC$4:$CC$16)) -> 8 | CE15: =SUM(AB15,AD15,AF15,AJ15,AL15,AN15,AH15) -> 37 | CF15: =IF(CE15=0,"",RANK(CE15,$CE$4:$CE$16)) -> 7 | CG15: =SUM(AP15,AR15,AT15,AV15,AX15,AZ15,BB15,BD15,BF15,BH15,BJ15,BL15,BN15) -> 29 | CH15: =IF(CG15=0,"",RANK(CG15,$CG$4:$CG$16)) -> 12 | CI15: =SUM(BP15,BR15) -> 6 | CJ15: =IF(CI15=0,"",RANK(CI15,$CI$4:$CI$16)) -> 10 | CK15: =SUM(BT15,BV15,BX15,BZ15,CB15) -> 16 | CL15: =IF(CK15=0,"",RANK(CK15,$CK$4:$CK$16)) -> 10 | CM15: =SUM(CC15,CE15,CG15,CI15,CK15) -> 151 | CN15: =IF(CM15=0,"",RANK(CM15,$CM$4:$CM$16)) -> 12
A16: 13 | B16: Rommel, Tanja | C16: SMK | D16: 58.5 | E16: 164 | F16: 36485 | H16: =IF(G16="",0,IF(G16<$H$1,50,IF(G16>18.7,0,VLOOKUP(G16,Liste_AT1!$A$3:$B$79,2,0)))) -> 0 | J16: =IF(I16="",0,IF(I16<$J$1,50,IF(I16>22.8,0,VLOOKUP(I16,Liste_AT1!$C$3:$D$125,2,0)))) -> 0 | L16: =IF(K16="",0,IF(K16<$L$1,50,IF(K16>29.2,0,VLOOKUP(K16,Liste_AT1!$E$3:$F$138,2,0)))) -> 0 | M16: 61.3 | N16: =IF(M16="",0,IF(M16<15,50,IF(M16>39.5,0,VLOOKUP(M16,Liste_AT1!$G$3:$H$248,2,0)))) -> 0 | P16: =IF(O16="",0,IF(O16<40,50,IF(O16>108,0,VLOOKUP(O16,Liste_AT1!$I$3:$J$71,2,0)))) -> 0 | R16: =IF(Q16>10,50,IF(Q16<1,0,IF(Q16="",0,VLOOKUP(Q16,Liste_AT1!$K$3:$L$21,2,0)))) -> 0 | T16: =IF(S16>10,50,IF(S16<1,0,VLOOKUP(S16,Liste_AT1!$M$3:$N$21,2,0))) -> 0 | V16: =IF(U16>5,35,IF(U16<1,0,VLOOKUP(U16,Liste_AT1!$O$3:$P$19,2))) -> 0 | W16: 8 | X16: =IF(W16>10,50,IF(W16<1,0,VLOOKUP(W16,Liste_AT1!$Q$3:$R$21,2))) -> 40 | Z16: =IF(Y16>10,50,IF(Y16<1,0,VLOOKUP(Y16,Liste_AT1!$S$3:$T$12,2))) -> 0 | AB16: =IF(AA16="",0,IF(AA16<3.8,50,IF(AA16>6.9,0,VLOOKUP(AA16,Liste_AT2!$A$3:$B$34,2)))) -> 0 | AD16: =IF(AC16="",0,IF(AC16<8.6,50,IF(AC16>12.1,0,VLOOKUP(AC16,Liste_AT2!$C$3:$D$38,2)))) -> 0 | AF16: =IF(AE16="",0,IF(AE16<170,50,IF(AE16>241,0,VLOOKUP(AE16,Liste_AT2!$E$3:$G$74,3)))) -> 0 | AG16: 747 | AH16: =IF(AG16="",0,IF(AG16<520,50,IF(AG16>646,0,VLOOKUP(AG16,Liste_AT2!$AV$3:$AW$66,2)))) -> 0 | AJ16: =IF(AI16="",0,IF(AI16<810,50,IF(AI16>936,0,VLOOKUP(AI16,Liste_AT2!$H$3:$J$66,3)))) -> 0 | AK16: 19.6 | AL16: =IF(AK16="",0,IF(AK16<15,50,IF(AK16>22.5,0,VLOOKUP(AK16,Liste_AT2!$K$3:$L$78,2)))) -> 9 | AN16: =IF(AM16="",0,IF(AM16<4,50,IF(AM16>9.4,0,VLOOKUP(AM16,Liste_AT2!$M$3:$N$57,2)))) -> 0 | AP16: =IF(AO16="",0,IF(AO16>29,50,IF(AO16<5,0,VLOOKUP(AO16,Liste_AT2!$O$3:$P$29,2)))) -> 0 | AR16: =IF(AQ16="",0,IF(AQ16>10,50,IF(AQ16<1,0,VLOOKUP(AQ16,Liste_AT2!$S$3:$T$19,2)))) -> 0 | AT16: =IF(AS16="",0,IF(AS16>23,50,IF(AS16<2,0,VLOOKUP(AS16,Liste_AT2!$Y$3:$Z$24,2)))) -> 0 | AV16: =IF(AU16="",0,IF(AU16<3.7,50,IF(AU16>8,0,VLOOKUP(AU16,Liste_AT2!$AA$3:$AB$46,2)))) -> 0 | AX16: =IF(AW16="",0,IF(AW16<4,0,IF(AW16>10.1,50,VLOOKUP(AW16,Liste_AT2!$AC$3:$AD$62,2)))) -> 0 | AY16: 6 | AZ16: =IF(AY16="",0,IF(AY16>11.9,50,IF(AY16<5,0,VLOOKUP(AY16,Liste_AT2!$AE$3:$AF$72,2)))) -> 6 | BB16: =IF(BA16="",0,IF(BA16>45,50,IF(BA16<2,0,VLOOKUP(BA16,Liste_AT2!$AG$3:$AH$61,2)))) -> 0 | BD16: =IF(BC16="",0,IF(BC16>26,50,IF(BC16<4,0,VLOOKUP(BC16,Liste_AT2!$AI$3:$AJ$25,2)))) -> 0 | BE16: 15 | BF16: =IF(BE16="",0,IF(BE16>35,50,IF(BE16<14,0,VLOOKUP(BE16,Liste_AT2!$AK$3:$AL$24,2)))) -> 2 | BH16: =IF(BG16="",0,IF(BG16>36,50,IF(BG16<7,0,VLOOKUP(BG16,Liste_AT2!$AM$3:$AN$32,2)))) -> 0 | BJ16: =IF(BI16="",0,IF(BI16>45,50,IF(BI16<6,0,VLOOKUP(BI16,Liste_AT2!$AO$3:$AP$52,2)))) -> 0 | BK16: 1.37 | BL16: =IF(BK16="",0,IF(BK16>2.4,50,IF(BK16<1.15,0,VLOOKUP(BK16,Liste_AT2!$AQ$3:$AR$52,2)))) -> 5 | BM16: 54.7 | BN16: =IF(BM16="",0,IF(BM16<28,50,IF(BM16>62,0,VLOOKUP(BM16,Liste_AT2!$AS$3:$AT$343,2,0)))) -> 7 | BO16: 0 | BP16: =IF(BO16="",0,IF(BO16<1,0,IF(BO16>28,50,VLOOKUP(BO16,Liste_AT3!$A$3:$B$30,2)))) -> 0 | BR16: =IF(BQ16="",0,IF(BQ16<5,50,IF(BQ16>40,0,VLOOKUP(BQ16,Liste_AT3!$C$3:$D$38,2)))) -> 0 | BS16: 4 | BT16: =IF(BS16="",0,IF(BS16<1,50,IF(BS16>4.75,0,VLOOKUP(BS16,Liste_AT3!$E$3:$F$18,2)))) -> 7 | BV16: =IF(BU16="",0,IF(BU16<1,50,IF(BU16>4.75,0,VLOOKUP(BU16,Liste_AT3!$G$3:$H$18,2)))) -> 0 | BX16: =IF(BW16="",0,IF(BW16<1,50,IF(BW16>4.75,0,VLOOKUP(BW16,Liste_AT3!$G$3:$H$18,2)))) -> 0 | BZ16: =IF(BY16="",0,IF(BY16>40,0,VLOOKUP(BY16,Liste_AT3!$I$3:$J$43,2,2))) -> 0 | CB16: =IF(CA16="",0,IF(CA16>40,0,VLOOKUP(CA16,Liste_AT3!$I$3:$J$43,2,2))) -> 0 | CC16: =SUM(H16,J16,L16,N16,P16,R16,T16,V16,X16,Z16) -> 40 | CD16: =IF(CC16=0,"",RANK(CC16,$CC$4:$CC$16)) -> 13 | CE16: =SUM(AB16,AD16,AF16,AJ16,AL16,AN16,AH16) -> 9 | CF16: =IF(CE16=0,"",RANK(CE16,$CE$4:$CE$16)) -> 12 | CG16: =SUM(AP16,AR16,AT16,AV16,AX16,AZ16,BB16,BD16,BF16,BH16,BJ16,BL16,BN16) -> 20 | CH16: =IF(CG16=0,"",RANK(CG16,$CG$4:$CG$16)) -> 13 | CI16: =SUM(BP16,BR16) -> 0 | CJ16: =IF(CI16=0,"",RANK(CI16,$CI$4:$CI$16)) | CK16: =SUM(BT16,BV16,BX16,BZ16,CB16) -> 7 | CL16: =IF(CK16=0,"",RANK(CK16,$CK$4:$CK$16)) -> 13 | CM16: =SUM(CC16,CE16,CG16,CI16,CK16) -> 76 | CN16: =IF(CM16=0,"",RANK(CM16,$CM$4:$CM$16)) -> 13

Sheet Übersicht_Starter
A3: männlich | H3: weiblich
A4: Anzahl | B4: Name | C4: Verein | D4: Geburtsdatum | G4: Anzahl | H4: Name | I4: Verein | J4: Geburtsdatum
A5: 1 | B5: Heider, Paul-Lukas | C5: RCI | D5: 35836 | E5: 1 | G5: 1 | H5: Oestereicher, Svenja | I5: SON | J5: 35891 | K5: 1
A6: =A5+1 -> 2 | B6: Langenhan, Max | C6: FRO | D6: 36212 | E6: 2 | G6: =G5+1 -> 2 | H6: Werner, Janine | I6: RTS | J6: 35892 | K6: 2
A7: =A6+1 -> 3 | B7: Jannusch, Jonas | C7: SON | D7: 35892 | E7: 3 | G7: =G6+1 -> 3 | H7: Erfurt, Lisa | I7: RCI | J7: 35909 | K7: 4
A8: =A7+1 -> 4 | B8: Hoffmann, Lukas | C8: RTS | D8: 36348 | E8: 4 | G8: =G7+1 -> 4 | H8: König, Laura | I8: RTS | J8: 36352 | K8: 5
A9: =A8+1 -> 5 | B9: Gubitz, Paul | C9: TSV ZM | D9: 36303 | E9: 5 | G9: =G8+1 -> 5 | H9: Wiegand, Tanja | I9: FRO | J9: 36362 | K9: 7
A10: =A9+1 -> 6 | B10: Schneider, Robin | C10: RCI | D10: 36513 | E10: 7 | G10: =G9+1 -> 6 | H10: Stubenrauch, Jennifer | I10: RCI | J10: 36374 | K10: 8
A11: =A10+1 -> 7 | B11: Lakusta, Leon | C11: RTS | D11: 35968 | E11: 6 | G11: =G10+1 -> 7 | H11: Möller, Sarah | I11: SMK | J11: 36517 | K11: 9
A12: =A11+1 -> 8 | B12: Berkes, Michael | C12: RTS | D12: 36368 | E12: 10 | G12: =G11+1 -> 8 | H12: Riemann, Celin | I12: FRO | J12: 36204 | K12: 10
A13: =A12+1 -> 9 | B13: Orlamünder, Hannes | C13: RRC ZM | D13: 36365 | E13: 9 | G13: =G12+1 -> 9 | H13: Müller, Anna | I13: SON | J13: 36346 | K13: 11
A14: =A13+1 -> 10 | B14: Dietsch, Pascal | C14: WAL | D14: 36347 | E14: 11 | G14: =G13+1 -> 10 | H14: Werner, Paula | I14: SON | J14: 36246 | K14: 12
A15: =A14+1 -> 11 | B15: Juchheim, Leon | C15: RCI | D15: 36329 | E15: 12 | G15: =G14+1 -> 11 | H15: Lohmann, Janine | I15: SON | J15: 36302 | K15: 13
A16: =A15+1 -> 12 | B16: Kluczenski, Sascha | C16: FRO | D16: 36509 | E16: 13 | G16: =G15+1 -> 12 | H16: Reiche, Serina | I16: SON | J16: 36407 | K16: 14
A17: =A16+1 -> 13 | B17: Witte, Philipp | C17: RCI | D17: 36515 | E17: 14 | G17: =G16+1 -> 13 | H17: Rommel, Tanja | I17: SMK | J17: 36485 | K17: 15
A18: =A17+1 -> 14 | B18: Brendel, Fabian | C18: RCI | D18: 36492 | E18: 15 | G18: =G17+1 -> 14 | H18: Pabst, Melissa | I18: MAN | J18: 35958 | K18: 6
A19: =A18+1 -> 15 | B19: Riede, Adrian | C19: WAL | D19: 36281 | E19: 16
A20: =A19+1 -> 16 | B20: Jaensch, Thomas | C20: RRC ZM | D20: 36539 | E20: 17
A21: =A20+1 -> 17 | B21: Kessler, Tobias | C21: MAN | D21: 35923 | E21: 8
A23: 4 | G23: 4
A24: 4 | G24: 4
A25: 4 | G25: 3
A26: 5 | G26: 3
A27: =A26+A25+A24+A23 -> 17 | G27: =G26+G25+G24+G23 -> 14

Sheet Riegen_männlich
A2: Riege: 1
A5: Nr. | B5: Name | C5: Verein | D5: Ergebnis I | E5: Ergebnis II | F5: Endergebnis
A6: =männlich!A4 -> 1 | B6: =männlich!B4 -> Heider, Paul-Lukas | C6: =männlich!C4 -> RCI
A7: =männlich!A5 -> 3 | B7: =männlich!B5 -> Jannusch, Jonas | C7: =männlich!C5 -> SON
A8: =männlich!A6 -> 2 | B8: =männlich!B6 -> Langenhan, Max | C8: =männlich!C6 -> FRO
A9: =männlich!A7 -> 4 | B9: =männlich!B7 -> Hoffmann, Lukas | C9: =männlich!C7 -> RTS
A10: =männlich!A8 -> 5 | B10: =männlich!B8 -> Gubitz, Paul | C10: =männlich!C8 -> TSV ZM
A21: Riege: 2
A24: Nr. | B24: Name | C24: Verein | D24: Ergebnis I | E24: Ergebnis II | F24: Endergebnis
A25: =männlich!A9 -> 6 | B25: =männlich!B9 -> Schneider, Robin | C25: =männlich!C9 -> RCI
A26: =männlich!A10 -> 16 | B26: =männlich!B10 -> Jaensch, Thomas | C26: =männlich!C10 -> RRC ZM
A27: =männlich!A11 -> 9 | B27: =männlich!B11 -> Orlamünder, Hannes | C27: =männlich!C11 -> RRC ZM
A28: =männlich!A12 -> 11 | B28: =männlich!B12 -> Juchheim, Leon | C28: =männlich!C12 -> RCI
A40: Riege: 3
A43: Nr. | B43: Name | C43: Verein | D43: Ergebnis I | E43: Ergebnis II | F43: Endergebnis
A44: =männlich!A13 -> 12 | B44: =männlich!B13 -> Kluczenski, Sascha | C44: =männlich!C13 -> FRO
A45: =männlich!A14 -> 10 | B45: =männlich!B14 -> Dietsch, Pascal | C45: =männlich!C14 -> WAL
A46: =männlich!A15 -> 8 | B46: =männlich!B15 -> Berkes, Michael | C46: =männlich!C15 -> RTS
A47: =männlich!A16 -> 14 | B47: =männlich!B16 -> Brendel, Fabian | C47: =männlich!C16 -> RCI
A59: Riege: 4
A62: Nr. | B62: Name | C62: Verein | D62: Ergebnis I | E62: Ergebnis II | F62: Endergebnis
A63: =männlich!A17 -> 15 | B63: =männlich!B17 -> Riede, Adrian | C63: =männlich!C17 -> WAL
A64: =männlich!A18 -> 13 | B64: =männlich!B18 -> Witte, Philipp | C64: =männlich!C18 -> RCI
A65: =männlich!A19 -> 7 | B65: =männlich!B19 -> Lakusta, Leon | C65: =männlich!C19 -> RTS
A66: =männlich!#REF! -> #REF! | B66: =männlich!#REF! -> #REF! | C66: =männlich!#REF! -> #REF!

Sheet Riegen_weiblich
A2: Riege: 5
A5: Nr. | B5: Name | C5: Verein | D5: Ergebnis I | E5: Ergebnis II | F5: Endergebnis
A6: =weiblich!A4 -> 1 | B6: =weiblich!B4 -> Oestereicher, Svenja | C6: =weiblich!C4 -> SON
A7: =weiblich!A5 -> 2 | B7: =weiblich!B5 -> Werner, Janine | C7: =weiblich!C5 -> RTS
A8: =weiblich!A6 -> 4 | B8: =weiblich!B6 -> König, Laura | C8: =weiblich!C6 -> RTS
A9: =weiblich!A7 -> 3 | B9: =weiblich!B7 -> Erfurt, Lisa | C9: =weiblich!C7 -> RCI
A21: Riege: 6
A24: Nr. | B24: Name | C24: Verein | D24: Ergebnis I | E24: Ergebnis II | F24: Endergebnis
A25: =weiblich!A8 -> 5 | B25: =weiblich!B8 -> Wiegand, Tanja | C25: =weiblich!C8 -> FRO
A26: =weiblich!A9 -> 11 | B26: =weiblich!B9 -> Lohmann, Janine | C26: =weiblich!C9 -> SON
A27: =weiblich!A10 -> 8 | B27: =weiblich!B10 -> Riemann, Celin | C27: =weiblich!C10 -> FRO
A40: Riege: 7
A43: Nr. | B43: Name | C43: Verein | D43: Ergebnis I | E43: Ergebnis II | F43: Endergebnis
A44: =weiblich!A11 -> 7 | B44: =weiblich!B11 -> Möller, Sarah | C44: =weiblich!C11 -> SMK
A45: =weiblich!A12 -> 12 | B45: =weiblich!B12 -> Reiche, Serina | C45: =weiblich!C12 -> SON
A46: =weiblich!A13 -> 10 | B46: =weiblich!B13 -> Werner, Paula | C46: =weiblich!C13 -> SON
A59: Riege: 8
A62: Nr. | B62: Name | C62: Verein | D62: Ergebnis I | E62: Ergebnis II | F62: Endergebnis
A63: =weiblich!A14 -> 6 | B63: =weiblich!B14 -> Stubenrauch, Jennifer | C63: =weiblich!C14 -> RCI
A64: =weiblich!A15 -> 9 | B64: =weiblich!B15 -> Müller, Anna | C64: =weiblich!C15 -> SON
A65: =weiblich!A16 -> 13 | B65: =weiblich!B16 -> Rommel, Tanja | C65: =weiblich!C16 -> SMK
A66: =weiblich!#REF! -> #REF! | B66: =weiblich!#REF! -> #REF! | C66: =weiblich!#REF! -> #REF!

Sheet Liste_AT1
A1: KABU | C1: GEW 1 | E1: GEW 2 | G1: GEW 3 | I1: VARI | K1: MINI | M1: SPRUNG-BOCK | O1: SPRUNG-Seil | Q1: BODTU | S1: ZS
A2: Zeit | B2: Pkt | C2: Zeit | D2: Pkt | E2: Zeit | F2: Pkt | G2: Zeit | H2: Pkt | I2: Zeit | J2: Pkt | K2: Wert | L2: Pkt | M2: Note | N2: Pkt | O2: Note | P2: Pkt | Q2: Note | R2: Pkt | S2: Segment | T2: Pkt.
A3: 18.7 | B3: 1 | C3: 10.6 | D3: 50 | E3: 15.7 | F3: 50 | G3: 15 | H3: 50 | I3: 40 | J3: 50 | K3: 1 | L3: 1 | M3: 1 | N3: 1 | O3: 1 | P3: 3 | Q3: 1 | R3: 1 | S3: 1 | T3: 5
A4: 18.6 | B4: 1 | C4: 10.7 | D4: 49 | E4: 15.8 | F4: 49 | G4: 15.1 | H4: 49 | I4: 41 | J4: 49 | K4: 1.5 | L4: 3 | M4: 1.5 | N4: 3 | O4: 1.25 | P4: 5 | Q4: 1.5 | R4: 3 | S4: 2 | T4: 10
A5: 18.5 | B5: 1 | C5: 10.8 | D5: 49 | E5: 15.9 | F5: 49 | G5: 15.2 | H5: 49 | I5: 42 | J5: 49 | K5: 2 | L5: 5 | M5: 2 | N5: 5 | O5: 1.5 | P5: 7 | Q5: 2 | R5: 5 | S5: 3 | T5: 15
A6: 18.4 | B6: 2 | C6: 10.9 | D6: 49 | E6: 16 | F6: 49 | G6: 15.3 | H6: 49 | I6: 43 | J6: 48 | K6: 2.5 | L6: 7 | M6: 2.5 | N6: 7 | O6: 1.75 | P6: 9 | Q6: 2.5 | R6: 7 | S6: 4 | T6: 20
A7: 18.3 | B7: 2 | C7: 11 | D7: 48 | E7: 16.1 | F7: 48 | G7: 15.4 | H7: 49 | I7: 44 | J7: 48 | K7: 3 | L7: 10 | M7: 3 | N7: 10 | O7: 2 | P7: 11 | Q7: 3 | R7: 10 | S7: 5 | T7: 25
A8: 18.2 | B8: 2 | C8: 11.1 | D8: 47 | E8: 16.2 | F8: 48 | G8: 15.5 | H8: 49 | I8: 45 | J8: 47 | K8: 3.5 | L8: 13 | M8: 3.5 | N8: 13 | O8: 2.25 | P8: 13 | Q8: 3.5 | R8: 13 | S8: 6 | T8: 30
A9: 18.1 | B9: 3 | C9: 11.2 | D9: 47 | E9: 16.3 | F9: 47 | G9: 15.6 | H9: 48 | I9: 46 | J9: 47 | K9: 4 | L9: 16 | M9: 4 | N9: 16 | O9: 2.5 | P9: 15 | Q9: 4 | R9: 16 | S9: 7 | T9: 35
A10: 18 | B10: 3 | C10: 11.3 | D10: 46 | E10: 16.4 | F10: 47 | G10: 15.7 | H10: 48 | I10: 47 | J10: 46 | K10: 4.5 | L10: 19 | M10: 4.5 | N10: 19 | O10: 2.75 | P10: 17 | Q10: 4.5 | R10: 19 | S10: 8 | T10: 40
A11: 17.9 | B11: 3 | C11: 11.4 | D11: 46 | E11: 16.5 | F11: 46 | G11: 15.8 | H11: 48 | I11: 48 | J11: 46 | K11: 5 | L11: 22 | M11: 5 | N11: 22 | O11: 3 | P11: 19 | Q11: 5 | R11: 22 | S11: 9 | T11: 45
A12: 17.8 | B12: 4 | C12: 11.5 | D12: 45 | E12: 16.6 | F12: 46 | G12: 15.9 | H12: 48 | I12: 49 | J12: 45 | K12: 5.5 | L12: 25 | M12: 5.5 | N12: 25 | O12: 3.25 | P12: 21 | Q12: 5.5 | R12: 25 | S12: 10 | T12: 50
A13: 17.7 | B13: 4 | C13: 11.6 | D13: 45 | E13: 16.7 | F13: 45 | G13: 16 | H13: 48 | I13: 50 | J13: 45 | K13: 6 | L13: 28 | M13: 6 | N13: 28 | O13: 3.5 | P13: 23 | Q13: 6 | R13: 28
A14: 17.6 | B14: 4 | C14: 11.7 | D14: 44 | E14: 16.8 | F14: 45 | G14: 16.1 | H14: 47 | I14: 51 | J14: 44 | K14: 6.5 | L14: 31 | M14: 6.5 | N14: 31 | O14: 3.75 | P14: 25 | Q14: 6.5 | R14: 31
A15: 17.5 | B15: 5 | C15: 11.8 | D15: 44 | E15: 16.9 | F15: 44 | G15: 16.2 | H15: 47 | I15: 52 | J15: 43 | K15: 7 | L15: 34 | M15: 7 | N15: 34 | O15: 4 | P15: 27 | Q15: 7 | R15: 34
A16: 17.4 | B16: 5 | C16: 11.9 | D16: 43 | E16: 17 | F16: 44 | G16: 16.3 | H16: 47 | I16: 53 | J16: 42 | K16: 7.5 | L16: 37 | M16: 7.5 | N16: 37 | O16: 4.25 | P16: 29 | Q16: 7.5 | R16: 37
A17: 17.3 | B17: 5 | C17: 12 | D17: 43 | E17: 17.1 | F17: 43 | G17: 16.4 | H17: 47 | I17: 54 | J17: 41 | K17: 8 | L17: 40 | M17: 8 | N17: 40 | O17: 4.5 | P17: 31 | Q17: 8 | R17: 40
A18: 17.2 | B18: 6 | C18: 12.1 | D18: 42 | E18: 17.2 | F18: 43 | G18: 16.5 | H18: 47 | I18: 55 | J18: 40 | K18: 8.5 | L18: 43 | M18: 8.5 | N18: 43 | O18: 4.75 | P18: 33 | Q18: 8.5 | R18: 43
A19: 17.1 | B19: 6 | C19: 12.2 | D19: 41 | E19: 17.3 | F19: 42 | G19: 16.6 | H19: 46 | I19: 56 | J19: 39 | K19: 9 | L19: 46 | M19: 9 | N19: 46 | O19: 5 | P19: 35 | Q19: 9 | R19: 46
A20: 17 | B20: 6 | C20: 12.3 | D20: 40 | E20: 17.4 | F20: 42 | G20: 16.7 | H20: 46 | I20: 57 | J20: 38 | K20: 9.5 | L20: 48 | M20: 9.5 | N20: 48 | Q20: 9.5 | R20: 48
A21: 16.9 | B21: 7 | C21: 12.4 | D21: 39 | E21: 17.5 | F21: 41 | G21: 16.8 | H21: 46 | I21: 58 | J21: 37 | K21: 10 | L21: 50 | M21: 10 | N21: 50 | Q21: 10 | R21: 50
A22: 16.8 | B22: 7 | C22: 12.5 | D22: 38 | E22: 17.6 | F22: 41 | G22: 16.9 | H22: 46 | I22: 59 | J22: 36
A23: 16.7 | B23: 7 | C23: 12.6 | D23: 37 | E23: 17.7 | F23: 40 | G23: 17 | H23: 46 | I23: 60 | J23: 35
A24: 16.6 | B24: 8 | C24: 12.7 | D24: 36 | E24: 17.8 | F24: 40 | G24: 17.1 | H24: 45 | I24: 61 | J24: 34
A25: 16.5 | B25: 8 | C25: 12.8 | D25: 35 | E25: 17.9 | F25: 39 | G25: 17.2 | H25: 45 | I25: 62 | J25: 33
A26: 16.4 | B26: 8 | C26: 12.9 | D26: 34 | E26: 18 | F26: 39 | G26: 17.3 | H26: 45 | I26: 63 | J26: 32
A27: 16.3 | B27: 9 | C27: 13 | D27: 33 | E27: 18.1 | F27: 38 | G27: 17.4 | H27: 45 | I27: 64 | J27: 31
A28: 16.2 | B28: 9 | C28: 13.1 | D28: 32 | E28: 18.2 | F28: 38 | G28: 17.5 | H28: 45 | I28: 65 | J28: 30
A29: 16.1 | B29: 9 | C29: 13.2 | D29: 32 | E29: 18.3 | F29: 37 | G29: 17.6 | H29: 44 | I29: 66 | J29: 29
A30: 16 | B30: 10 | C30: 13.3 | D30: 31 | E30: 18.4 | F30: 37 | G30: 17.7 | H30: 44 | I30: 67 | J30: 28
A31: 15.9 | B31: 10 | C31: 13.4 | D31: 31 | E31: 18.5 | F31: 36 | G31: 17.8 | H31: 44 | I31: 68 | J31: 27
A32: 15.8 | B32: 11 | C32: 13.5 | D32: 30 | E32: 18.6 | F32: 36 | G32: 17.9 | H32: 44 | I32: 69 | J32: 26
A33: 15.7 | B33: 11 | C33: 13.6 | D33: 30 | E33: 18.7 | F33: 35 | G33: 18 | H33: 44 | I33: 70 | J33: 25
... A71: 11.9 | B71: 46 | C71: 17.4 | D71: 15 | E71: 22.5 | F71: 19 | G71: 21.8 | H71: 36 | I71: 108 | J71: 1
A72: 11.8 | B72: 46 | C72: 17.5 | D72: 14 | E72: 22.6 | F72: 19 | G72: 21.9 | H72: 36
A73: 11.7 | B73: 47 | C73: 17.6 | D73: 14 | E73: 22.7 | F73: 18 | G73: 22 | H73: 36
A74: 11.6 | B74: 47 | C74: 17.7 | D74: 14 | E74: 22.8 | F74: 18 | G74: 22.1 | H74: 35
A75: 11.5 | B75: 48 | C75: 17.8 | D75: 13 | E75: 22.9 | F75: 18 | G75: 22.2 | H75: 35
A76: 11.4 | B76: 48 | C76: 17.9 | D76: 13 | E76: 23 | F76: 17 | G76: 22.3 | H76: 35
A77: 11.3 | B77: 49 | C77: 18 | D77: 13 | E77: 23.1 | F77: 17 | G77: 22.4 | H77: 35
A78: 11.2 | B78: 49 | C78: 18.1 | D78: 12 | E78: 23.2 | F78: 17 | G78: 22.5 | H78: 35
A79: 11.1 | B79: 50 | C79: 18.2 | D79: 12 | E79: 23.3 | F79: 16 | G79: 22.6 | H79: 34
C80: 18.3 | D80: 12 | E80: 23.4 | F80: 16 | G80: 22.7 | H80: 34
C81: 18.4 | D81: 11 | E81: 23.5 | F81: 16 | G81: 22.8 | H81: 34
C82: 18.5 | D82: 11 | E82: 23.6 | F82: 15 | G82: 22.9 | H82: 34
C83: 18.6 | D83: 11 | E83: 23.7 | F83: 15 | G83: 23 | H83: 34
C84: 18.7 | D84: 10 | E84: 23.8 | F84: 15 | G84: 23.1 | H84: 33
C85: 18.8 | D85: 10 | E85: 23.9 | F85: 14 | G85: 23.2 | H85: 33
C86: 18.9 | D86: 10 | E86: 24 | F86: 14 | G86: 23.3 | H86: 33
C87: 19 | D87: 9 | E87: 24.1 | F87: 14 | G87: 23.4 | H87: 33
C88: 19.1 | D88: 9 | E88: 24.2 | F88: 13 | G88: 23.5 | H88: 33
C89: 19.2 | D89: 9 | E89: 24.3 | F89: 13 | G89: 23.6 | H89: 32
C90: 19.3 | D90: 9 | E90: 24.4 | F90: 13 | G90: 23.7 | H90: 32
C91: 19.4 | D91: 8 | E91: 24.5 | F91: 12 | G91: 23.8 | H91: 32
... C125: 22.8 | D125: 1 | E125: 27.9 | F125: 3 | G125: 27.2 | H125: 25
E126: 28 | F126: 3 | G126: 27.3 | H126: 25
E127: 28.1 | F127: 3 | G127: 27.4 | H127: 25
E128: 28.2 | F128: 3 | G128: 27.5 | H128: 25
E129: 28.3 | F129: 2 | G129: 27.6 | H129: 24
E130: 28.4 | F130: 2 | G130: 27.7 | H130: 24
E131: 28.5 | F131: 2 | G131: 27.8 | H131: 24
E132: 28.6 | F132: 2 | G132: 27.9 | H132: 24
E133: 28.7 | F133: 2 | G133: 28 | H133: 24
E134: 28.8 | F134: 1 | G134: 28.1 | H134: 23
E135: 28.9 | F135: 1 | G135: 28.2 | H135: 23
E136: 29 | F136: 1 | G136: 28.3 | H136: 23
E137: 29.1 | F137: 1 | G137: 28.4 | H137: 23
E138: 29.2 | F138: 1 | G138: 28.5 | H138: 23
G139: 28.6 | H139: 22
G140: 28.7 | H140: 22
G141: 28.8 | H141: 22
G142: 28.9 | H142: 22
G143: 29 | H143: 22
G144: 29.1 | H144: 21
G145: 29.2 | H145: 21
G146: 29.3 | H146: 21
G147: 29.4 | H147: 21
G148: 29.5 | H148: 21
G149: 29.6 | H149: 20
G150: 29.7 | H150: 20
... G248: 39.5 | H248: 1

Sheet Liste_AT2
A1: 30m flieg. | C1: 60m flieg. | E1: 800m weibl. | F1: 800m männl. | H1: 3000m weibl | I1: 3000m männl | K1: Japan- Test | M1: SKA | O1: LST | S1: KLZ | W1: Rollbrett | AA1: ABK | AC1: MED. vw | AE1: MED. rw | AG1: KHK | AI1: RAR (Janda) | AK1: RAR vm | AM1: RD | AO1: HKR | AQ1: SWS | AS1: Seil | AU1: 2000m m | AV1: 2000m w | AX1: Zeiten 2000 m
A2: Zeit | B2: Pkt | C2: Zeit | D2: Pkt | E2: Zeit | F2: Zeit | G2: Pkt | H2: Zeit | I2: Zeit | J2: Pkt | K2: Zeit | L2: Pkt | M2: Zeit | N2: Pkt | O2: Anz.weibl. | P2: Pkt | Q2: Anz. männl. | R2: Pkt | S2: Anz.weibl. | T2: Pkt | U2: Anz. männl. | V2: Pkt. | W2: Anz. männl. | X2: Pkt | Y2: Anz. weibl. | Z2: Pkt. | AA2: Zeit | AB2: Pkt | AC2: Weite | AD2: Pkt | AE2: Weite | AF2: Pkt | AG2: Zeit | AH2: Pkt | AI2: Anzahl | AJ2: Pkt | AK2: Anzahl | AL2: Pkt | AM2: Anzahl | AN2: Pkt | AO2: Zeit | AP2: Pkt | AQ2: Weite | AR2: Pkt | AS2: Zeit | AT2: Pkt | AU2: Zeit | AV2: Zeit | AW2: Pkt | AX2: nur zur Kontrolle
A3: 3.8 | B3: 50 | C3: 8.6 | D3: 50 | E3: 170 | F3: 160 | G3: 50 | H3: 810 | I3: =I4-2 -> 822 | J3: 50 | K3: 15 | L3: 50 | M3: 4 | N3: 50 | O3: 5 | P3: 1 | Q3: 7 | R3: 1 | S3: 1 | T3: 5 | U3: 1 | V3: 1 | W3: 6 | X3: 2 | Y3: 2 | Z3: 1 | AA3: 3.7 | AB3: 50 | AC3: 4 | AD3: 1 | AE3: 5 | AF3: 1 | AG3: 2 | AH3: 1 | AI3: 4 | AJ3: 2 | AK3: 14 | AL3: 1 | AM3: 7 | AN3: 1 | AO3: 6 | AP3: 1 | AQ3: 1.15 | AR3: 1 | AS3: 62 | AT3: 1 | AU3: =8*60+20 -> 500 | AV3: 520 | AW3: 50 | AX3: 0.36111111 | AY3: 0.34722222
A4: 3.9 | B4: 47 | C4: 8.7 | D4: 49 | E4: 171 | F4: 161 | G4: 49 | H4: 812 | I4: =I5-2 -> 824 | J4: 49 | K4: 15.1 | L4: 49 | M4: 4.1 | N4: 48 | O4: 6 | P4: 2 | Q4: 8 | R4: 2 | S4: 2 | T4: 10 | U4: 2 | V4: 5 | W4: 7 | X4: 4 | Y4: 3 | Z4: 3 | AA4: 3.8 | AB4: 49 | AC4: 4.1 | AD4: 1 | AE4: 5.1 | AF4: 1 | AG4: 3 | AH4: 1 | AI4: 5 | AJ4: 4 | AK4: 15 | AL4: 2 | AM4: 8 | AN4: 2 | AO4: 7 | AP4: 2 | AQ4: 1.2 | AR4: 2 | AS4: 61.9 | AT4: 1 | AU4: 502 | AV4: 522 | AW4: 49 | AX4: 0.3625 | AY4: 0.34861111
A5: 4 | B5: 45 | C5: 8.8 | D5: 47 | E5: 172 | F5: 162 | G5: 49 | H5: =H4+2 -> 814 | I5: =I6-2 -> 826 | J5: 48 | K5: 15.2 | L5: 48 | M5: 4.2 | N5: 46 | O5: 7 | P5: 4 | Q5: 9 | R5: 3 | S5: 3 | T5: 14 | U5: 3 | V5: 8 | W5: 8 | X5: 6 | Y5: 4 | Z5: 5 | AA5: 3.9 | AB5: 47 | AC5: 4.2 | AD5: 2 | AE5: 5.2 | AF5: 2 | AG5: 4 | AH5: 2 | AI5: 6 | AJ5: 6 | AK5: 16 | AL5: 4 | AM5: 9 | AN5: 3 | AO5: 8 | AP5: 3 | AQ5: 1.25 | AR5: 3 | AS5: 61.8 | AT5: 1 | AU5: 504 | AV5: 524 | AW5: 48 | AX5: 0.36388889 | AY5: 0.35
A6: 4.1 | B6: 43 | C6: 8.9 | D6: 45 | E6: 173 | F6: 163 | G6: 48 | H6: =H5+2 -> 816 | I6: =I7-2 -> 828 | J6: 47 | K6: 15.3 | L6: 47 | M6: 4.3 | N6: 44 | O6: 8 | P6: 6 | Q6: 10 | R6: 4 | S6: 4 | T6: 20 | U6: 4 | V6: 11 | W6: 9 | X6: 8 | Y6: 5 | Z6: 7 | AA6: 4 | AB6: 45 | AC6: 4.3 | AD6: 2 | AE6: 5.3 | AF6: 2 | AG6: 5 | AH6: 2 | AI6: 7 | AJ6: 8 | AK6: 17 | AL6: 6 | AM6: 10 | AN6: 4 | AO6: 9 | AP6: 4 | AQ6: 1.3 | AR6: 4 | AS6: 61.7 | AT6: 1 | AU6: 506 | AV6: 526 | AW6: 47 | AX6: 0.36527778 | AY6: 0.35138889
A7: 4.2 | B7: 39 | C7: 9 | D7: 43 | E7: 174 | F7: 164 | G7: 48 | H7: =H6+2 -> 818 | I7: =I8-2 -> 830 | J7: 46 | K7: 15.4 | L7: 46 | M7: 4.4 | N7: 42 | O7: 9 | P7: 8 | Q7: 11 | R7: 6 | S7: 5 | T7: 25 | U7: 5 | V7: 14 | W7: 10 | X7: 10 | Y7: 6 | Z7: 9 | AA7: 4.1 | AB7: 43 | AC7: 4.4 | AD7: 3 | AE7: 5.4 | AF7: 3 | AG7: 6 | AH7: 3 | AI7: 8 | AJ7: 10 | AK7: 18 | AL7: 8 | AM7: 11 | AN7: 5 | AO7: 10 | AP7: 5 | AQ7: 1.35 | AR7: 5 | AS7: 61.6 | AT7: 1 | AU7: 508 | AV7: 528 | AW7: 46 | AX7: 0.36666667 | AY7: 0.35277778
A8: 4.3 | B8: 37 | C8: 9.1 | D8: 41 | E8: 175 | F8: 165 | G8: 47 | H8: =H7+2 -> 820 | I8: =I9-2 -> 832 | J8: 45 | K8: 15.5 | L8: 45 | M8: 4.5 | N8: 41 | O8: 10 | P8: 10 | Q8: 12 | R8: 8 | S8: 6 | T8: 30 | U8: 6 | V8: 17 | W8: 11 | X8: 12 | Y8: 7 | Z8: 11 | AA8: 4.2 | AB8: 41 | AC8: 4.5 | AD8: 3 | AE8: 5.5 | AF8: 3 | AG8: 7 | AH8: 3 | AI8: 9 | AJ8: 12 | AK8: 19 | AL8: 10 | AM8: 12 | AN8: 6 | AO8: 11 | AP8: 6 | AQ8: 1.4 | AR8: 6 | AS8: 61.5 | AT8: 1 | AU8: 510 | AV8: 530 | AW8: 45 | AX8: 0.36805556 | AY8: 0.35416667
A9: 4.4 | B9: 35 | C9: 9.2 | D9: 39 | E9: 176 | F9: 166 | G9: 47 | H9: =H8+2 -> 822 | I9: =I10-2 -> 834 | J9: 44 | K9: 15.6 | L9: 44 | M9: 4.6 | N9: 40 | O9: 11 | P9: 12 | Q9: 13 | R9: 10 | S9: 7 | T9: 35 | U9: 7 | V9: 20 | W9: 12 | X9: 14 | Y9: 8 | Z9: 13 | AA9: 4.3 | AB9: 39 | AC9: 4.6 | AD9: 4 | AE9: 5.6 | AF9: 4 | AG9: 8 | AH9: 4 | AI9: 10 | AJ9: 14 | AK9: 20 | AL9: 12 | AM9: 13 | AN9: 7 | AO9: 12 | AP9: 7 | AQ9: 1.45 | AR9: 7 | AS9: 61.4 | AT9: 1 | AU9: 512 | AV9: 532 | AW9: 44 | AX9: 0.36944444 | AY9: 0.35555556
A10: 4.5 | B10: 33 | C10: 9.3 | D10: 37 | E10: 177 | F10: 167 | G10: 46 | H10: =H9+2 -> 824 | I10: =I11-2 -> 836 | J10: 43 | K10: 15.7 | L10: 43 | M10: 4.7 | N10: 39 | O10: 12 | P10: 14 | Q10: 14 | R10: 12 | S10: 8 | T10: 40 | U10: 8 | V10: 23 | W10: 13 | X10: 16 | Y10: 9 | Z10: 15 | AA10: 4.4 | AB10: 37 | AC10: 4.7 | AD10: 4 | AE10: 5.7 | AF10: 4 | AG10: 9 | AH10: 4 | AI10: 11 | AJ10: 16 | AK10: 21 | AL10: 14 | AM10: 14 | AN10: 8 | AO10: 13 | AP10: 8 | AQ10: 1.5 | AR10: 8 | AS10: 61.3 | AT10: 1 | AU10: 514 | AV10: 534 | AW10: 43 | AX10: 0.37083333 | AY10: 0.35694444
A11: 4.6 | B11: 31 | C11: 9.4 | D11: 35 | E11: 178 | F11: 168 | G11: 46 | H11: =H10+2 -> 826 | I11: =I12-2 -> 838 | J11: 42 | K11: 15.8 | L11: 42 | M11: 4.8 | N11: 38 | O11: 13 | P11: 16 | Q11: 15 | R11: 14 | S11: 9 | T11: 45 | U11: 9 | V11: 26 | W11: 14 | X11: 18 | Y11: 10 | Z11: 17 | AA11: 4.5 | AB11: 35 | AC11: 4.8 | AD11: 5 | AE11: 5.8 | AF11: 5 | AG11: 10 | AH11: 5 | AI11: 12 | AJ11: 18 | AK11: 22 | AL11: 16 | AM11: 15 | AN11: 9 | AO11: 14 | AP11: 9 | AQ11: 1.55 | AR11: 9 | AS11: 61.2 | AT11: 1 | AU11: 516 | AV11: 536 | AW11: 42 | AX11: 0.37222222 | AY11: 0.35833333
A12: 4.7 | B12: 29 | C12: 9.5 | D12: 33 | E12: 179 | F12: 169 | G12: 45 | H12: =H11+2 -> 828 | I12: =I13-2 -> 840 | J12: 41 | K12: 15.9 | L12: 41 | M12: 4.9 | N12: 37 | O12: 14 | P12: 18 | Q12: 16 | R12: 16 | S12: 10 | T12: 50 | U12: 10 | V12: 29 | W12: 15 | X12: 20 | Y12: 11 | Z12: 19 | AA12: 4.6 | AB12: 33 | AC12: 4.9 | AD12: 6 | AE12: 5.9 | AF12: 5 | AG12: 11 | AH12: 5 | AI12: 13 | AJ12: 20 | AK12: 23 | AL12: 18 | AM12: 16 | AN12: 10 | AO12: 15 | AP12: 10 | AQ12: 1.6 | AR12: 10 | AS12: 61.1 | AT12: 1 | AU12: 518 | AV12: 538 | AW12: 41 | AX12: 0.37361111 | AY12: 0.35972222
A13: 4.8 | B13: 27 | C13: 9.6 | D13: 31 | E13: 180 | F13: 170 | G13: 45 | H13: =H12+2 -> 830 | I13: =I14-2 -> 842 | J13: 40 | K13: 16 | L13: 40 | M13: 5 | N13: 36 | O13: 15 | P13: 22 | Q13: 17 | R13: 18 | U13: 11 | V13: 32 | W13: 16 | X13: 22 | Y13: 12 | Z13: 21 | AA13: 4.7 | AB13: 31 | AC13: 5 | AD13: 7 | AE13: 6 | AF13: 6 | AG13: 12 | AH13: 6 | AI13: 14 | AJ13: 22 | AK13: 24 | AL13: 21 | AM13: 17 | AN13: 12 | AO13: 16 | AP13: 11 | AQ13: 1.62 | AR13: 11 | AS13: 61 | AT13: 1 | AU13: 520 | AV13: 540 | AW13: 40 | AX13: 0.375 | AY13: 0.36111111
A14: 4.9 | B14: 25 | C14: 9.7 | D14: 29 | E14: 181 | F14: 171 | G14: 44 | H14: =H13+2 -> 832 | I14: =I15-2 -> 844 | J14: 39 | K14: 16.1 | L14: 39 | M14: 5.1 | N14: 35 | O14: 16 | P14: 24 | Q14: 18 | R14: 20 | U14: 12 | V14: 35 | W14: 17 | X14: 24 | Y14: 13 | Z14: 23 | AA14: 4.8 | AB14: 29 | AC14: 5.1 | AD14: 8 | AE14: 6.1 | AF14: 6 | AG14: 13 | AH14: 6 | AI14: 15 | AJ14: 24 | AK14: 25 | AL14: 24 | AM14: 18 | AN14: 14 | AO14: 17 | AP14: 12 | AQ14: 1.64 | AR14: 12 | AS14: 60.9 | AT14: 1 | AU14: 522 | AV14: 542 | AW14: 39 | AX14: 0.37638889 | AY14: 0.3625
A15: 5 | B15: 23 | C15: 9.8 | D15: 28 | E15: 182 | F15: 172 | G15: 44 | H15: =H14+2 -> 834 | I15: =I16-2 -> 846 | J15: 38 | K15: 16.2 | L15: 38 | M15: 5.2 | N15: 34 | O15: 17 | P15: 26 | Q15: 19 | R15: 22 | U15: 13 | V15: 38 | W15: 18 | X15: 26 | Y15: 14 | Z15: 25 | AA15: 4.9 | AB15: 27 | AC15: 5.2 | AD15: 9 | AE15: 6.2 | AF15: 7 | AG15: 14 | AH15: 7 | AI15: 16 | AJ15: 26 | AK15: 26 | AL15: 27 | AM15: 19 | AN15: 16 | AO15: 18 | AP15: 13 | AQ15: 1.66 | AR15: 13 | AS15: 60.8 | AT15: 1 | AU15: 524 | AV15: 544 | AW15: 38 | AX15: 0.37777778 | AY15: 0.36388889
A16: 5.1 | B16: 21 | C16: 9.9 | D16: 27 | E16: 183 | F16: 173 | G16: 43 | H16: =H15+2 -> 836 | I16: =I17-2 -> 848 | J16: 37 | K16: 16.3 | L16: 37 | M16: 5.3 | N16: 33 | O16: 18 | P16: 28 | Q16: 20 | R16: 24 | U16: 14 | V16: 41 | W16: 19 | X16: 28 | Y16: 15 | Z16: 27 | AA16: 5 | AB16: 25 | AC16: 5.3 | AD16: 10 | AE16: 6.3 | AF16: 7 | AG16: 15 | AH16: 7 | AI16: 17 | AJ16: 28 | AK16: 27 | AL16: 30 | AM16: 20 | AN16: 18 | AO16: 19 | AP16: 14 | AQ16: 1.68 | AR16: 14 | AS16: 60.7 | AT16: 1 | AU16: 526 | AV16: 546 | AW16: 37 | AX16: 0.37916667 | AY16: 0.36527778
A17: 5.2 | B17: 19 | C17: 10 | D17: 26 | E17: 184 | F17: 174 | G17: 43 | H17: =H16+2 -> 838 | I17: =I18-2 -> 850 | J17: 36 | K17: 16.4 | L17: 36 | M17: 5.4 | N17: 32 | O17: 19 | P17: 30 | Q17: 21 | R17: 26 | U17: 15 | V17: 44 | W17: 20 | X17: 30 | Y17: 16 | Z17: 29 | AA17: 5.1 | AB17: 23 | AC17: 5.4 | AD17: 11 | AE17: 6.4 | AF17: 8 | AG17: 16 | AH17: 8 | AI17: 18 | AJ17: 30 | AK17: 28 | AL17: 33 | AM17: 21 | AN17: 20 | AO17: 20 | AP17: 15 | AQ17: 1.7 | AR17: 15 | AS17: 60.6 | AT17: 1 | AU17: 528 | AV17: 548 | AW17: 36 | AX17: 0.38055556 | AY17: 0.36666667
A18: 5.3 | B18: 17 | C18: 10.1 | D18: 25 | E18: 185 | F18: 175 | G18: 42 | H18: =H17+2 -> 840 | I18: =I19-2 -> 852 | J18: 35 | K18: 16.5 | L18: 35 | M18: 5.5 | N18: 31 | O18: 20 | P18: 32 | Q18: 22 | R18: 28 | U18: 16 | V18: 47 | W18: 21 | X18: 32 | Y18: 17 | Z18: 32 | AA18: 5.2 | AB18: 21 | AC18: 5.5 | AD18: 12 | AE18: 6.5 | AF18: 8 | AG18: 17 | AH18: 8 | AI18: 19 | AJ18: 32 | AK18: 29 | AL18: 36 | AM18: 22 | AN18: 22 | AO18: 21 | AP18: 16 | AQ18: 1.72 | AR18: 16 | AS18: 60.5 | AT18: 1 | AU18: 530 | AV18: 550 | AW18: 35 | AX18: 0.38194444 | AY18: 0.36805556
A19: 5.4 | B19: 15 | C19: 10.2 | D19: 24 | E19: 186 | F19: 176 | G19: 42 | H19: =H18+2 -> 842 | I19: =I20-2 -> 854 | J19: 34 | K19: 16.6 | L19: 34 | M19: 5.6 | N19: 30 | O19: 21 | P19: 34 | Q19: 23 | R19: 30 | U19: 17 | V19: 50 | W19: 22 | X19: 35 | Y19: 18 | Z19: 35 | AA19: 5.3 | AB19: 19 | AC19: 5.6 | AD19: 13 | AE19: 6.6 | AF19: 9 | AG19: 18 | AH19: 9 | AI19: 20 | AJ19: 34 | AK19: 30 | AL19: 39 | AM19: 23 | AN19: 24 | AO19: 22 | AP19: 17 | AQ19: 1.74 | AR19: 17 | AS19: 60.4 | AT19: 1 | AU19: 532 | AV19: 552 | AW19: 34 | AX19: 0.38333333 | AY19: 0.36944444
A20: 5.5 | B20: 13 | C20: 10.3 | D20: 23 | E20: 187 | F20: 177 | G20: 41 | H20: =H19+2 -> 844 | I20: =I21-2 -> 856 | J20: 33 | K20: 16.7 | L20: 33 | M20: 5.7 | N20: 29 | O20: 22 | P20: 36 | Q20: 24 | R20: 32 | W20: 23 | X20: 38 | Y20: 19 | Z20: 38 | AA20: 5.4 | AB20: 17 | AC20: 5.7 | AD20: 14 | AE20: 6.7 | AF20: 9 | AG20: 19 | AH20: 9 | AI20: 21 | AJ20: 36 | AK20: 31 | AL20: 42 | AM20: 24 | AN20: 26 | AO20: 23 | AP20: 18 | AQ20: 1.76 | AR20: 18 | AS20: 60.3 | AT20: 1 | AU20: 534 | AV20: 554 | AW20: 33 | AX20: 0.38472222 | AY20: 0.37083333
A21: 5.6 | B21: 11 | C21: 10.4 | D21: 22 | E21: 188 | F21: 178 | G21: 41 | H21: =H20+2 -> 846 | I21: =I22-2 -> 858 | J21: 32 | K21: 16.8 | L21: 32 | M21: 5.8 | N21: 28 | O21: 23 | P21: 38 | Q21: 25 | R21: 34 | W21: 24 | X21: 41 | Y21: 20 | Z21: 41 | AA21: 5.5 | AB21: 15 | AC21: 5.8 | AD21: 15 | AE21: 6.8 | AF21: 10 | AG21: 20 | AH21: 10 | AI21: 22 | AJ21: 39 | AK21: 32 | AL21: 44 | AM21: 25 | AN21: 28 | AO21: 24 | AP21: 19 | AQ21: 1.78 | AR21: 19 | AS21: 60.2 | AT21: 1 | AU21: 536 | AV21: 556 | AW21: 32 | AX21: 0.38611111 | AY21: 0.37222222
A22: 5.7 | B22: 9 | C22: 10.5 | D22: 21 | E22: 189 | F22: 179 | G22: 40 | H22: =H21+2 -> 848 | I22: =I23-2 -> 860 | J22: 31 | K22: 16.9 | L22: 31 | M22: 5.9 | N22: 27 | O22: 24 | P22: 40 | Q22: 26 | R22: 36 | W22: 25 | X22: 44 | Y22: 21 | Z22: 44 | AA22: 5.6 | AB22: 13 | AC22: 5.9 | AD22: 16 | AE22: 6.9 | AF22: 10 | AG22: 21 | AH22: 11 | AI22: 23 | AJ22: 42 | AK22: 33 | AL22: 46 | AM22: 26 | AN22: 30 | AO22: 25 | AP22: 20 | AQ22: 1.8 | AR22: 20 | AS22: 60.1 | AT22: 1 | AU22: 538 | AV22: 558 | AW22: 31 | AX22: 0.3875 | AY22: 0.37361111
A23: 5.8 | B23: 6 | C23: 10.6 | D23: 20 | E23: 190 | F23: 180 | G23: 40 | H23: =H22+2 -> 850 | I23: =I24-2 -> 862 | J23: 30 | K23: 17 | L23: 30 | M23: 6 | N23: 26 | O23: 25 | P23: 42 | Q23: 27 | R23: 38 | W23: 26 | X23: 47 | Y23: 22 | Z23: 47 | AA23: 5.7 | AB23: 11 | AC23: 6 | AD23: 17 | AE23: 7 | AF23: 11 | AG23: 22 | AH23: 12 | AI23: 24 | AJ23: 45 | AK23: 34 | AL23: 48 | AM23: 27 | AN23: 32 | AO23: 26 | AP23: 21 | AQ23: 1.82 | AR23: 21 | AS23: 60 | AT23: 2 | AU23: 540 | AV23: 560 | AW23: 30 | AX23: 0.38888889 | AY23: 0.375
A24: 5.9 | B24: 5 | C24: 10.7 | D24: 19 | E24: 191 | F24: 181 | G24: 39 | H24: =H23+2 -> 852 | I24: =I25-2 -> 864 | J24: 29 | K24: 17.1 | L24: 29 | M24: 6.1 | N24: 25 | O24: 26 | P24: 44 | Q24: 28 | R24: 40 | W24: 27 | X24: 50 | Y24: 23 | Z24: 50 | AA24: 5.8 | AB24: =AB$23-((ROW(AB24)-23)) -> 10 | AC24: 6.1 | AD24: 18 | AE24: 7.1 | AF24: 12 | AG24: 23 | AH24: 13 | AI24: 25 | AJ24: 48 | AK24: 35 | AL24: 50 | AM24: 28 | AN24: 34 | AO24: 27 | AP24: 22 | AQ24: 1.84 | AR24: 22 | AS24: 59.9 | AT24: 2 | AU24: 542 | AV24: 562 | AW24: 29 | AX24: 0.39027778 | AY24: 0.37638889
A25: 6 | B25: 4 | C25: 10.8 | D25: 18 | E25: 192 | F25: 182 | G25: 38 | H25: =H24+2 -> 854 | I25: =I26-2 -> 866 | J25: 28 | K25: 17.2 | L25: 28 | M25: 6.2 | N25: 24 | O25: 27 | P25: 46 | Q25: 29 | R25: 42 | AA25: 5.9 | AB25: =AB$23-((ROW(AB25)-23)) -> 9 | AC25: 6.2 | AD25: 19 | AE25: 7.2 | AF25: 13 | AG25: 24 | AH25: 14 | AI25: 26 | AJ25: 50 | AM25: 29 | AN25: 36 | AO25: 28 | AP25: 23 | AQ25: 1.86 | AR25: 23 | AS25: 59.8 | AT25: 2 | AU25: 544 | AV25: 564 | AW25: 28 | AX25: 0.39166667 | AY25: 0.37777778
A26: 6.1 | B26: 3 | C26: 10.9 | D26: 17 | E26: 193 | F26: 183 | G26: 37 | H26: =H25+2 -> 856 | I26: =I27-2 -> 868 | J26: 27 | K26: 17.3 | L26: 27 | M26: 6.3 | N26: 23 | O26: 28 | P26: 48 | Q26: 30 | R26: 44 | AA26: 6 | AB26: 8 | AC26: 6.3 | AD26: 20 | AE26: 7.3 | AF26: 14 | AG26: 25 | AH26: 15 | AM26: 30 | AN26: 38 | AO26: 29 | AP26: 24 | AQ26: 1.88 | AR26: 24 | AS26: 59.7 | AT26: 2 | AU26: 546 | AV26: 566 | AW26: 27 | AX26: 0.39305556 | AY26: 0.37916667
A27: 6.2 | B27: 3 | C27: 11 | D27: 16 | E27: 194 | F27: 184 | G27: 36 | H27: =H26+2 -> 858 | I27: =I28-2 -> 870 | J27: 26 | K27: 17.4 | L27: 26 | M27: 6.4 | N27: 22 | O27: 29 | P27: 50 | Q27: 31 | R27: 46 | AA27: 6.1 | AB27: 8 | AC27: 6.4 | AD27: 21 | AE27: 7.4 | AF27: 15 | AG27: 26 | AH27: 16 | AM27: 31 | AN27: 40 | AO27: 30 | AP27: 25 | AQ27: 1.9 | AR27: 25 | AS27: 59.6 | AT27: 2 | AU27: 548 | AV27: 568 | AW27: 26 | AX27: 0.39444444 | AY27: 0.38055556
A28: 6.3 | B28: 3 | C28: 11.1 | D28: 15 | E28: 195 | F28: 185 | G28: 35 | H28: =H27+2 -> 860 | I28: =I29-2 -> 872 | J28: 25 | K28: 17.5 | L28: 25 | M28: 6.5 | N28: 21 | Q28: 32 | R28: 48 | AA28: 6.2 | AB28: 7 | AC28: 6.5 | AD28: 22 | AE28: 7.5 | AF28: 16 | AG28: 27 | AH28: 17 | AM28: 32 | AN28: 42 | AO28: 31 | AP28: 26 | AQ28: 1.92 | AR28: 26 | AS28: 59.5 | AT28: 2 | AU28: 550 | AV28: 570 | AW28: 25 | AX28: 0.39583333 | AY28: 0.38194444
A29: 6.4 | B29: 2 | C29: 11.2 | D29: 14 | E29: 196 | F29: 186 | G29: 34 | H29: =H28+2 -> 862 | I29: =I30-2 -> 874 | J29: 24 | K29: 17.6 | L29: 24 | M29: 6.6 | N29: 20 | Q29: 33 | R29: 50 | AA29: 6.3 | AB29: 7 | AC29: 6.6 | AD29: 23 | AE29: 7.6 | AF29: 17 | AG29: 28 | AH29: 18 | AM29: 33 | AN29: 44 | AO29: 32 | AP29: 27 | AQ29: 1.94 | AR29: 27 | AS29: 59.4 | AT29: 2 | AU29: 552 | AV29: 572 | AW29: 24 | AX29: 0.39722222 | AY29: 0.38333333
A30: 6.5 | B30: 2 | C30: 11.3 | D30: 13 | E30: 197 | F30: 187 | G30: 33 | H30: =H29+2 -> 864 | I30: =I31-2 -> 876 | J30: 23 | K30: 17.7 | L30: 23 | M30: 6.7 | N30: 19 | AA30: 6.4 | AB30: 6 | AC30: 6.7 | AD30: 24 | AE30: 7.7 | AF30: 18 | AG30: 29 | AH30: 19 | AM30: 34 | AN30: 46 | AO30: 33 | AP30: 28 | AQ30: 1.96 | AR30: 28 | AS30: 59.3 | AT30: 2 | AU30: 554 | AV30: 574 | AW30: 23 | AX30: 0.39861111 | AY30: 0.38472222
A31: 6.6 | B31: 2 | C31: 11.4 | D31: 12 | E31: 198 | F31: 188 | G31: 32 | H31: =H30+2 -> 866 | I31: =I32-2 -> 878 | J31: 22 | K31: 17.8 | L31: 22 | M31: 6.8 | N31: 18 | AA31: 6.5 | AB31: 6 | AC31: 6.8 | AD31: 25 | AE31: 7.8 | AF31: 19 | AG31: 30 | AH31: 20 | AM31: 35 | AN31: 48 | AO31: 34 | AP31: 29 | AQ31: 1.98 | AR31: 29 | AS31: 59.2 | AT31: 2 | AU31: 556 | AV31: 576 | AW31: 22 | AX31: 0.4 | AY31: 0.38611111
A32: 6.7 | B32: 1 | C32: 11.5 | D32: 11 | E32: 199 | F32: 189 | G32: 31 | H32: =H31+2 -> 868 | I32: =I33-2 -> 880 | J32: 21 | K32: 17.9 | L32: 21 | M32: 6.9 | N32: 17 | AA32: 6.6 | AB32: 6 | AC32: 6.9 | AD32: 26 | AE32: 7.9 | AF32: 20 | AG32: 30.5 | AH32: 21 | AM32: 36 | AN32: 50 | AO32: 35 | AP32: 30 | AQ32: 2 | AR32: 30 | AS32: 59.1 | AT32: 2 | AU32: 558 | AV32: 578 | AW32: 21 | AX32: 0.40138889 | AY32: 0.3875
A33: 6.8 | B33: 1 | C33: 11.6 | D33: 10 | E33: 200 | F33: 190 | G33: 30 | H33: =H32+2 -> 870 | I33: =I34-2 -> 882 | J33: 20 | K33: 18 | L33: 20 | M33: 7 | N33: 16 | AA33: 6.7 | AB33: 5 | AC33: 7 | AD33: 27 | AE33: 8 | AF33: 21 | AG33: 31 | AH33: 22 | AO33: 35.5 | AP33: 31 | AQ33: 2.02 | AR33: 31 | AS33: 59 | AT33: 2 | AU33: 560 | AV33: 580 | AW33: 20 | AX33: 0.40277778 | AY33: 0.38888889
A34: 6.9 | B34: 1 | C34: 11.7 | D34: 9 | E34: 201 | F34: 191 | G34: 29 | H34: =H33+2 -> 872 | I34: =I35-2 -> 884 | J34: 19 | K34: 18.1 | L34: 19 | M34: 7.1 | N34: 15 | AA34: 6.8 | AB34: 5 | AC34: 7.1 | AD34: 28 | AE34: 8.1 | AF34: 22 | AG34: 31.5 | AH34: 23 | AO34: 36 | AP34: 32 | AQ34: 2.04 | AR34: 32 | AS34: 58.9 | AT34: 2 | AU34: 562 | AV34: 582 | AW34: 19 | AX34: 0.40416667 | AY34: 0.39027778
C35: 11.8 | D35: 8 | E35: 202 | F35: 192 | G35: 28 | H35: =H34+2 -> 874 | I35: =I36-2 -> 886 | J35: 18 | K35: 18.2 | L35: 18 | M35: 7.2 | N35: 14 | AA35: 6.9 | AB35: 5 | AC35: 7.2 | AD35: 29 | AE35: 8.2 | AF35: 23 | AG35: 32 | AH35: 24 | AO35: 36.5 | AP35: 33 | AQ35: 2.06 | AR35: 33 | AS35: 58.8 | AT35: 2 | AU35: 564 | AV35: 584 | AW35: 18 | AX35: 0.40555556 | AY35: 0.39166667
C36: 11.9 | D36: 6 | E36: 203 | F36: 193 | G36: 27 | H36: =H35+2 -> 876 | I36: =I37-2 -> 888 | J36: 17 | K36: 18.3 | L36: 17 | M36: 7.3 | N36: 13 | AA36: 7 | AB36: 4 | AC36: 7.3 | AD36: 30 | AE36: 8.3 | AF36: 24 | AG36: 32.5 | AH36: 25 | AO36: 37 | AP36: 34 | AQ36: 2.08 | AR36: 34 | AS36: 58.7 | AT36: 2 | AU36: 566 | AV36: 586 | AW36: 17 | AX36: 0.40694444 | AY36: 0.39305556
C37: 12 | D37: 4 | E37: 204 | F37: 194 | G37: 26 | H37: =H36+2 -> 878 | I37: =I38-2 -> 890 | J37: 16 | K37: 18.4 | L37: 16 | M37: 7.4 | N37: 12 | AA37: 7.1 | AB37: 4 | AC37: 7.4 | AD37: 31 | AE37: 8.4 | AF37: 25 | AG37: 33 | AH37: 26 | AO37: 37.5 | AP37: 35 | AQ37: 2.1 | AR37: 35 | AS37: 58.6 | AT37: 2 | AU37: 568 | AV37: 588 | AW37: 16 | AX37: 0.40833333 | AY37: 0.39444444
C38: 12.1 | D38: 1 | E38: 205 | F38: 195 | G38: 25 | H38: =H37+2 -> 880 | I38: =I39-2 -> 892 | J38: 15 | K38: 18.5 | L38: 15 | M38: 7.5 | N38: 11 | AA38: 7.2 | AB38: 3 | AC38: 7.5 | AD38: 32 | AE38: 8.5 | AF38: 26 | AG38: 33.5 | AH38: 27 | AO38: 38 | AP38: 36 | AQ38: 2.12 | AR38: 36 | AS38: 58.5 | AT38: 2 | AU38: 570 | AV38: 590 | AW38: 15 | AX38: 0.40972222 | AY38: 0.39583333
E39: 206 | F39: 196 | G39: 24 | H39: =H38+2 -> 882 | I39: =I40-2 -> 894 | J39: 14 | K39: 18.6 | L39: 14 | M39: 7.6 | N39: 10 | AA39: 7.3 | AB39: 3 | AC39: 7.6 | AD39: 33 | AE39: 8.6 | AF39: 27 | AG39: 34 | AH39: 28 | AO39: 38.5 | AP39: 37 | AQ39: 2.14 | AR39: 37 | AS39: 58.4 | AT39: 2 | AU39: 572 | AV39: 592 | AW39: 14 | AX39: 0.41111111 | AY39: 0.39722222
E40: 207 | F40: 197 | G40: 23 | H40: =H39+2 -> 884 | I40: =I41-2 -> 896 | J40: 14 | K40: 18.7 | L40: 14 | M40: 7.7 | N40: 9 | AA40: 7.4 | AB40: 3 | AC40: 7.7 | AD40: 34 | AE40: 8.7 | AF40: 28 | AG40: 34.5 | AH40: 29 | AO40: 39 | AP40: 38 | AQ40: 2.16 | AR40: 38 | AS40: 58.3 | AT40: 2 | AU40: 574 | AV40: 594 | AW40: 14 | AX40: 0.4125 | AY40: 0.39861111
E41: 208 | F41: 198 | G41: 22 | H41: =H40+2 -> 886 | I41: =I42-2 -> 898 | J41: 13 | K41: 18.8 | L41: 13 | M41: 7.8 | N41: 9 | AA41: 7.5 | AB41: 2 | AC41: 7.8 | AD41: 35 | AE41: 8.8 | AF41: 29 | AG41: 35 | AH41: 30 | AO41: 39.5 | AP41: 39 | AQ41: 2.18 | AR41: 39 | AS41: 58.2 | AT41: 2 | AU41: 576 | AV41: 596 | AW41: 13 | AX41: 0.41388889 | AY41: 0.4
E42: 209 | F42: 199 | G42: 21 | H42: =H41+2 -> 888 | I42: =I43-2 -> 900 | J42: 13 | K42: 18.9 | L42: 13 | M42: 7.9 | N42: 8 | AA42: 7.6 | AB42: 2 | AC42: 7.9 | AD42: 36 | AE42: 8.9 | AF42: 30 | AG42: 35.5 | AH42: 31 | AO42: 40 | AP42: 40 | AQ42: 2.2 | AR42: 40 | AS42: 58.1 | AT42: 2 | AU42: 578 | AV42: 598 | AW42: 13 | AX42: 0.41527778 | AY42: 0.40138889
E43: 210 | F43: 200 | G43: 20 | H43: =H42+2 -> 890 | I43: =I44-2 -> 902 | J43: 12 | K43: 19 | L43: 12 | M43: 8 | N43: 8 | AA43: 7.7 | AB43: 2 | AC43: 8 | AD43: 37 | AE43: 9 | AF43: 31 | AG43: 36 | AH43: 32 | AO43: 40.5 | AP43: 41 | AQ43: 2.22 | AR43: 41 | AS43: 58 | AT43: 3 | AU43: 580 | AV43: 600 | AW43: 12 | AX43: 0.41666667 | AY43: 0.40277778
E44: 211 | F44: 201 | G44: 19 | H44: =H43+2 -> 892 | I44: =I45-2 -> 904 | J44: 12 | K44: 19.1 | L44: 12 | M44: 8.1 | N44: 7 | AA44: 7.8 | AB44: 1 | AC44: 8.1 | AD44: 38 | AE44: 9.1 | AF44: 32 | AG44: 36.5 | AH44: 33 | AO44: 41 | AP44: 42 | AQ44: 2.24 | AR44: 42 | AS44: 57.9 | AT44: 3 | AU44: 582 | AV44: 602 | AW44: 12 | AX44: 0.41805556 | AY44: 0.40416667
E45: 212 | F45: 202 | G45: 18 | H45: =H44+2 -> 894 | I45: =I46-2 -> 906 | J45: 11 | K45: 19.2 | L45: 11 | M45: 8.2 | N45: 7 | AA45: 7.9 | AB45: 1 | AC45: 8.2 | AD45: 39 | AE45: 9.2 | AF45: 33 | AG45: 37 | AH45: 34 | AO45: 41.5 | AP45: 43 | AQ45: 2.26 | AR45: 43 | AS45: 57.8 | AT45: 3 | AU45: 584 | AV45: 604 | AW45: 11 | AX45: 0.41944444 | AY45: 0.40555556
E46: 213 | F46: 203 | G46: 17 | H46: =H45+2 -> 896 | I46: =I47-2 -> 908 | J46: 11 | K46: 19.3 | L46: 11 | M46: 8.3 | N46: 6 | AA46: 8 | AB46: 1 | AC46: 8.3 | AD46: 40 | AE46: 9.3 | AF46: 34 | AG46: 37.5 | AH46: 35 | AO46: 42 | AP46: 44 | AQ46: 2.28 | AR46: 44 | AS46: 57.7 | AT46: 3 | AU46: 586 | AV46: 606 | AW46: 11 | AX46: 0.42083333 | AY46: 0.40694444
E47: 214 | F47: 204 | G47: 16 | H47: =H46+2 -> 898 | I47: =I48-2 -> 910 | J47: 10 | K47: 19.4 | L47: 10 | M47: 8.4 | N47: 6 | AC47: 8.4 | AD47: 41 | AE47: 9.4 | AF47: 35 | AG47: 38 | AH47: 36 | AO47: 42.5 | AP47: 45 | AQ47: 2.3 | AR47: 45 | AS47: 57.6 | AT47: 3 | AU47: 588 | AV47: 608 | AW47: 10 | AX47: 0.42222222 | AY47: 0.40833333
E48: 215 | F48: 205 | G48: 15 | H48: =H47+2 -> 900 | I48: =I49-2 -> 912 | J48: 10 | K48: 19.5 | L48: 10 | M48: 8.5 | N48: 5 | AC48: 8.5 | AD48: 42 | AE48: 9.5 | AF48: 36 | AG48: 38.5 | AH48: 37 | AO48: 43 | AP48: 46 | AQ48: 2.32 | AR48: 46 | AS48: 57.5 | AT48: 3 | AU48: 590 | AV48: 610 | AW48: 10 | AX48: 0.42361111 | AY48: 0.40972222
E49: 216 | F49: 206 | G49: 14 | H49: =H48+2 -> 902 | I49: =I50-2 -> 914 | J49: 9 | K49: 19.6 | L49: 9 | M49: 8.6 | N49: 5 | AC49: 8.7 | AD49: 43 | AE49: 9.6 | AF49: 37 | AG49: 39 | AH49: 38 | AO49: 43.5 | AP49: 47 | AQ49: 2.34 | AR49: 47 | AS49: 57.4 | AT49: 3 | AU49: 592 | AV49: 612 | AW49: 9 | AX49: 0.425 | AY49: 0.41111111
E50: 217 | F50: 207 | G50: 13 | H50: =H49+2 -> 904 | I50: =I51-2 -> 916 | J50: 9 | K50: 19.7 | L50: 9 | M50: 8.7 | N50: 4 | AC50: 8.9 | AD50: 44 | AE50: 9.7 | AF50: 38 | AG50: 39.5 | AH50: 39 | AO50: 44 | AP50: 48 | AQ50: 2.36 | AR50: 48 | AS50: 57.3 | AT50: 3 | AU50: 594 | AV50: 614 | AW50: 9 | AX50: 0.42638889 | AY50: 0.4125
E51: 218 | F51: 208 | G51: 12 | H51: =H50+2 -> 906 | I51: =I52-2 -> 918 | J51: 8 | K51: 19.8 | L51: 8 | M51: 8.8 | N51: 4 | AC51: 9 | AD51: 44 | AE51: 9.8 | AF51: 39 | AG51: 40 | AH51: 40 | AO51: 44.5 | AP51: 49 | AQ51: 2.38 | AR51: 49 | AS51: 57.2 | AT51: 3 | AU51: 596 | AV51: 616 | AW51: 8 | AX51: 0.42777778 | AY51: 0.41388889
E52: 219 | F52: 209 | G52: 11 | H52: =H51+2 -> 908 | I52: =I53-2 -> 920 | J52: 8 | K52: 19.9 | L52: 8 | M52: 8.9 | N52: 3 | AC52: 9.1 | AD52: 45 | AE52: 9.9 | AF52: 40 | AG52: 40.5 | AH52: 41 | AO52: 45 | AP52: 50 | AQ52: 2.4 | AR52: 50 | AS52: 57.1 | AT52: 3 | AU52: 598 | AV52: 618 | AW52: 8 | AX52: 0.42916667 | AY52: 0.41527778
E53: 220 | F53: 210 | G53: 10 | H53: =H52+2 -> 910 | I53: =I54-2 -> 922 | J53: 7 | K53: 20 | L53: 7 | M53: 9 | N53: 3 | AC53: 9.2 | AD53: 45 | AE53: 10 | AF53: 41 | AG53: 41 | AH53: 42 | AS53: 57 | AT53: 4 | AU53: 600 | AV53: 620 | AW53: 7 | AX53: 0.43055556 | AY53: 0.41666667
E54: 221 | F54: 211 | G54: 9 | H54: =H53+2 -> 912 | I54: =I55-2 -> 924 | J54: 7 | K54: 20.1 | L54: 7 | M54: 9.1 | N54: 2 | AC54: 9.3 | AD54: 46 | AE54: 10.1 | AF54: 42 | AG54: 41.5 | AH54: 43 | AS54: 56.9 | AT54: 4 | AU54: 602 | AV54: 622 | AW54: 7 | AX54: 0.43194444 | AY54: 0.41805556
E55: 222 | F55: 212 | G55: 9 | H55: =H54+2 -> 914 | I55: =I56-2 -> 926 | J55: 6 | K55: 20.2 | L55: 6 | M55: 9.2 | N55: 2 | AC55: 9.4 | AD55: 46 | AE55: 10.2 | AF55: 43 | AG55: 42 | AH55: 44 | AS55: 56.8 | AT55: 4 | AU55: 604 | AV55: 624 | AW55: 6 | AX55: 0.43333333 | AY55: 0.41944444
E56: 223 | F56: 213 | G56: 8 | H56: =H55+2 -> 916 | I56: =I57-2 -> 928 | J56: 6 | K56: 20.3 | L56: 6 | M56: 9.3 | N56: 1 | AC56: 9.5 | AD56: 47 | AE56: 10.3 | AF56: 44 | AG56: 42.5 | AH56: 45 | AS56: 56.7 | AT56: 4 | AU56: 606 | AV56: 626 | AW56: 6 | AX56: 0.43472222 | AY56: 0.42083333
E57: 224 | F57: 214 | G57: 8 | H57: =H56+2 -> 918 | I57: =I58-2 -> 930 | J57: 5 | K57: 20.4 | L57: 5 | M57: 9.4 | N57: 1 | AC57: 9.6 | AD57: 47 | AE57: 10.4 | AF57: 44 | AG57: 43 | AH57: 46 | AS57: 56.6 | AT57: 4 | AU57: 608 | AV57: 628 | AW57: 5 | AX57: 0.43611111 | AY57: 0.42222222
E58: 225 | F58: 215 | G58: 7 | H58: =H57+2 -> 920 | I58: =I59-2 -> 932 | J58: 5 | K58: 20.5 | L58: 5 | AC58: 9.7 | AD58: 48 | AE58: 10.5 | AF58: 45 | AG58: 43.5 | AH58: 47 | AS58: 56.5 | AT58: 4 | AU58: 610 | AV58: 630 | AW58: 5 | AX58: 0.4375 | AY58: 0.42361111
E59: 226 | F59: 216 | G59: 7 | H59: =H58+2 -> 922 | I59: =I60-2 -> 934 | J59: 4 | K59: 20.6 | L59: 4 | AC59: 9.8 | AD59: 48 | AE59: 10.6 | AF59: 45 | AG59: 44 | AH59: 48 | AS59: 56.4 | AT59: 4 | AU59: 612 | AV59: 632 | AW59: 4 | AX59: 0.43888889 | AY59: 0.425
E60: 227 | F60: 217 | G60: 6 | H60: =H59+2 -> 924 | I60: =I61-2 -> 936 | J60: 4 | K60: 20.7 | L60: 4 | AC60: 9.9 | AD60: 49 | AE60: 10.7 | AF60: 46 | AG60: 44.5 | AH60: 49 | AS60: 56.3 | AT60: 4 | AU60: 614 | AV60: 634 | AW60: 4 | AX60: 0.44027778 | AY60: 0.42638889
E61: 228 | F61: 218 | G61: 6 | H61: =H60+2 -> 926 | I61: =I62-2 -> 938 | J61: 3 | K61: 20.8 | L61: 4 | AC61: 10 | AD61: 49 | AE61: 10.8 | AF61: 46 | AG61: 45 | AH61: 50 | AS61: 56.2 | AT61: 4 | AU61: 616 | AV61: 636 | AW61: 3 | AX61: 0.44166667 | AY61: 0.42777778
E62: 229 | F62: 219 | G62: 5 | H62: =H61+2 -> 928 | I62: =I63-2 -> 940 | J62: 3 | K62: 20.9 | L62: 4 | AC62: 10.1 | AD62: 50 | AE62: 10.9 | AF62: 47 | AS62: 56.1 | AT62: 4 | AU62: 618 | AV62: 638 | AW62: 3 | AX62: 0.44305556 | AY62: 0.42916667
E63: 230 | F63: 220 | G63: 5 | H63: =H62+2 -> 930 | I63: =I64-2 -> 942 | J63: 2 | K63: 21 | L63: 4 | AE63: 11 | AF63: 47 | AS63: 56 | AT63: 5 | AU63: 620 | AV63: 640 | AW63: 2 | AX63: 0.44444444 | AY63: 0.43055556
E64: 231 | F64: 221 | G64: 4 | H64: =H63+2 -> 932 | I64: =I65-2 -> 944 | J64: 2 | K64: 21.1 | L64: 3 | AE64: 11.1 | AF64: 47 | AS64: 55.9 | AT64: 5 | AU64: 622 | AV64: 642 | AW64: 2 | AX64: 0.44583333 | AY64: 0.43194444
E65: 232 | F65: 222 | G65: 4 | H65: =H64+2 -> 934 | I65: =I66-2 -> 946 | J65: 1 | K65: 21.2 | L65: 3 | AE65: 11.2 | AF65: 47 | AS65: 55.8 | AT65: 5 | AU65: 624 | AV65: 644 | AW65: 1 | AX65: 0.44722222 | AY65: 0.43333333
E66: 233 | F66: 223 | G66: 4 | H66: =H65+2 -> 936 | I66: 948 | J66: 1 | K66: 21.3 | L66: 3 | AE66: 11.3 | AF66: 48 | AS66: 55.7 | AT66: 5 | AU66: 626 | AV66: 646 | AW66: 1 | AX66: 0.44861111 | AY66: 0.43472222
E67: 234 | F67: 224 | G67: 3 | K67: 21.4 | L67: 3 | AE67: 11.4 | AF67: 48 | AS67: 55.6 | AT67: 5
E68: 235 | F68: 225 | G68: 3 | K68: 21.5 | L68: 3 | AE68: 11.5 | AF68: 48 | AS68: 55.5 | AT68: 6
E69: 236 | F69: 226 | G69: 3 | K69: 21.6 | L69: 2 | AE69: 11.6 | AF69: 49 | AS69: 55.4 | AT69: 6
E70: 237 | F70: 227 | G70: 2 | K70: 21.7 | L70: 2 | AE70: 11.7 | AF70: 49 | AS70: 55.3 | AT70: 6
E71: 238 | F71: 228 | G71: 2 | K71: 21.8 | L71: 2 | AE71: 11.8 | AF71: 49 | AS71: 55.2 | AT71: 6
E72: 239 | F72: 229 | G72: 2 | K72: 21.9 | L72: 2 | AE72: 11.9 | AF72: 50 | AS72: 55.1 | AT72: 6
E73: 240 | F73: 230 | G73: 1 | K73: 22 | L73: 2 | AS73: 55 | AT73: 7
E74: 241 | F74: 231 | G74: 1 | K74: 22.1 | L74: 1 | AS74: 54.9 | AT74: 7
K75: 22.2 | L75: 1 | AS75: 54.8 | AT75: 7
K76: 22.3 | L76: 1 | AS76: 54.7 | AT76: 7
K77: 22.4 | L77: 1 | AS77: 54.6 | AT77: 7
K78: 22.5 | L78: 1 | AS78: 54.5 | AT78: 8
AS79: 54.4 | AT79: 8
AS80: 54.3 | AT80: 8
AS81: 54.2 | AT81: 8
AS82: 54.1 | AT82: 8
AS83: 54 | AT83: 9
AS84: 53.9 | AT84: 9
AS85: 53.8 | AT85: 9
AS86: 53.7 | AT86: 9
AS87: 53.6 | AT87: 9
AS88: 53.5 | AT88: 10
AS89: 53.4 | AT89: 10
AS90: 53.3 | AT90: 10
... AS343: 28 | AT343: 50

Sheet Liste_AT3
A1: HBK | C1: FSF | E1: STT | G1: FLG | I1: FSP
A2: Weite | B2: Pkt | C2: Winkel | D2: Pkt | E2: Wert | F2: Pkt | G2: Note | H2: Pkt | I2: cm | J2: Pkt
A3: 1 | B3: 1 | C3: 5 | D3: 50 | E3: 1 | F3: 50 | G3: 1 | H3: 50 | I3: 0 | J3: 50
A4: 2 | B4: 1 | C4: 6 | D4: 49 | E4: 1.25 | F4: 46 | G4: 1.25 | H4: 46 | I4: 1 | J4: 46
A5: 3 | B5: 2 | C5: 7 | D5: 48 | E5: 1.5 | F5: 42 | G5: 1.5 | H5: 42 | I5: 2 | J5: 44
A6: 4 | B6: 4 | C6: 8 | D6: 47 | E6: 1.75 | F6: 38 | G6: 1.75 | H6: 38 | I6: 3 | J6: 42
A7: 5 | B7: 6 | C7: 9 | D7: 46 | E7: 2 | F7: 34 | G7: 2 | H7: 34 | I7: 4 | J7: 40
A8: 6 | B8: 8 | C8: 10 | D8: 45 | E8: 2.25 | F8: 29 | G8: 2.25 | H8: 29 | I8: 5 | J8: 38
A9: 7 | B9: 10 | C9: 11 | D9: 44 | E9: 2.5 | F9: 25 | G9: 2.5 | H9: 25 | I9: 6 | J9: 36
A10: 8 | B10: 12 | C10: 12 | D10: 43 | E10: 2.75 | F10: 22 | G10: 2.75 | H10: 22 | I10: 7 | J10: 34
A11: 9 | B11: 14 | C11: 13 | D11: 42 | E11: 3 | F11: 19 | G11: 3 | H11: 19 | I11: 8 | J11: 33
A12: 10 | B12: 16 | C12: 14 | D12: 41 | E12: 3.25 | F12: 16 | G12: 3.25 | H12: 16 | I12: 9 | J12: 32
A13: 11 | B13: 18 | C13: 15 | D13: 40 | E13: 3.5 | F13: 13 | G13: 3.5 | H13: 13 | I13: 10 | J13: 31
A14: 12 | B14: 20 | C14: 16 | D14: 39 | E14: 3.75 | F14: 10 | G14: 3.75 | H14: 10 | I14: 11 | J14: 30
... A18: 16 | B18: 28 | C18: 20 | D18: 35 | E18: 4.75 | F18: 1 | G18: 4.75 | H18: 1 | I18: 15 | J18: 26
A19: 17 | B19: 30 | C19: 21 | D19: 33 | I19: 16 | J19: 25
A20: 18 | B20: 32 | C20: 22 | D20: 31 | I20: 17 | J20: 24
A21: 19 | B21: 34 | C21: 23 | D21: 29 | I21: 18 | J21: 23
A22: 20 | B22: 36 | C22: 24 | D22: 27 | I22: 19 | J22: 22
A23: 21 | B23: 38 | C23: 25 | D23: 25 | I23: 20 | J23: 21
A24: 22 | B24: 40 | C24: 26 | D24: 23 | I24: 21 | J24: 20
A25: 23 | B25: 42 | C25: 27 | D25: 21 | I25: 22 | J25: 19
A26: 24 | B26: 44 | C26: 28 | D26: 19 | I26: 23 | J26: 18
A27: 25 | B27: 46 | C27: 29 | D27: 17 | I27: 24 | J27: 17
A28: 26 | B28: 48 | C28: 30 | D28: 15 | I28: 25 | J28: 16
A29: 27 | B29: 49 | C29: 31 | D29: 13 | I29: 26 | J29: 15
A30: 28 | B30: 50 | C30: 32 | D30: 11 | I30: 27 | J30: 14
C31: 33 | D31: 9 | I31: 28 | J31: 13
C32: 34 | D32: 7 | I32: 29 | J32: 12
C33: 35 | D33: 6 | I33: 30 | J33: 11
C34: 36 | D34: 5 | I34: 31 | J34: 10
C35: 37 | D35: 4 | I35: 32 | J35: 9
C36: 38 | D36: 3 | I36: 33 | J36: 8
C37: 39 | D37: 2 | I37: 34 | J37: 7
C38: 40 | D38: 1 | I38: 35 | J38: 6
I39: 36 | J39: 5
I40: 37 | J40: 4
I41: 38 | J41: 3
I42: 39 | J42: 2
I43: 40 | J43: 1
